ts,symbol,session,price,ret,tick_count,trv,imb,spread,dayrise,status,detail
1772082966.000,187660,MID,18040.0000,-0.055,38,33318020,0.500,0.000,0.000,NO_BUY,reject=ret cur=-0.06 thr=0.18 margin=-0.24 relax=0.00 | all=ret cur=-0.06 thr=0.18 margin=-0.24 relax=0.00; ret10 cur=-0.06 thr=0.24 margin=-0.30; ret10_non_positive cur=-0.06
1772082967.000,035420,MID,260250.0000,0.096,29,18981750,0.475,0.192,0.000,NO_BUY,reject=ret cur=0.10 thr=0.18 margin=-0.08 relax=0.00 | all=ret cur=0.10 thr=0.18 margin=-0.08 relax=0.00; ret10 cur=0.10 thr=0.24 margin=-0.14
1772082967.000,002020,MID,71700.0000,0.000,9,11185100,0.500,0.000,0.000,NO_BUY,reject=ret cur=0.00 thr=0.18 margin=-0.18 relax=0.00 | all=ret cur=0.00 thr=0.18 margin=-0.18 relax=0.00; ret10 cur=0.00 thr=0.24 margin=-0.24; ret10_non_positive cur=0.00
1772082968.000,310210,MID,317500.0000,0.157,20,96182000,0.500,0.000,0.000,NO_BUY,reject=ret cur=0.16 thr=0.18 margin=-0.02 relax=0.00 | all=ret cur=0.16 thr=0.18 margin=-0.02 relax=0.00; ret10 cur=0.16 thr=0.24 margin=-0.08
1772082969.000,005830,MID,206000.0000,-0.242,15,106548500,0.116,0.242,0.000,NO_BUY,reject=ret cur=-0.24 thr=0.18 margin=-0.42 relax=0.00 | all=ret cur=-0.24 thr=0.18 margin=-0.42 relax=0.00; ret10 cur=-0.24 thr=0.24 margin=-0.48; ret10_non_positive cur=-0.24
1772082970.000,377300,MID,68800.0000,0.145,20,10329100,0.500,0.000,0.000,NO_BUY,reject=ret cur=0.15 thr=0.18 margin=-0.03 relax=0.00 | all=ret cur=0.15 thr=0.18 margin=-0.03 relax=0.00; ret10 cur=0.15 thr=0.24 margin=-0.09
1772082971.000,086520,MID,184900.0000,-0.108,120,326812750,0.500,0.000,0.000,NO_BUY,reject=ret cur=-0.11 thr=0.18 margin=-0.29 relax=0.00 | all=ret cur=-0.11 thr=0.18 margin=-0.29 relax=0.00; ret10 cur=-0.11 thr=0.24 margin=-0.35; ret10_non_positive cur=-0.11
1772082971.000,115180,MID,34500.0000,0.000,4,1860500,0.500,0.000,0.000,NO_BUY,reject=ret cur=0.00 thr=0.18 margin=-0.18 relax=0.00 | all=ret cur=0.00 thr=0.18 margin=-0.18 relax=0.00; ticks cur=4 thr=5 margin=-1; ret10 cur=0.00 thr=0.24 margin=-0.24; ret10_non_positive cur=0.00
1772082972.000,122630,MID,110115.0000,0.000,68,291263435,0.500,0.000,0.000,NO_BUY,reject=ret cur=0.00 thr=0.18 margin=-0.18 relax=0.00 | all=ret cur=0.00 thr=0.18 margin=-0.18 relax=0.00; ret10 cur=0.00 thr=0.24 margin=-0.24; ret10_non_positive cur=0.00
1772082973.000,229200,MID,20940.0000,0.048,44,467962645,0.350,0.024,0.000,NO_BUY,reject=ret cur=0.05 thr=0.18 margin=-0.13 relax=0.00 | all=ret cur=0.05 thr=0.18 margin=-0.13 relax=0.00; ret10 cur=0.05 thr=0.24 margin=-0.19
1772082975.000,064400,MID,73900.0000,-0.135,7,2292400,0.500,0.000,0.000,NO_BUY,reject=ret cur=-0.14 thr=0.18 margin=-0.32 relax=0.00 | all=ret cur=-0.14 thr=0.18 margin=-0.32 relax=0.00; ret10 cur=-0.14 thr=0.24 margin=-0.38; ret10_non_positive cur=-0.14
1772082977.000,233740,MID,20215.0000,0.025,35,171476715,0.500,0.000,0.000,NO_BUY,reject=ret cur=0.02 thr=0.18 margin=-0.16 relax=0.00 | all=ret cur=0.02 thr=0.18 margin=-0.16 relax=0.00; ret10 cur=0.02 thr=0.24 margin=-0.22
1772082978.000,396500,MID,34520.0000,-0.014,56,152937390,0.500,0.000,0.000,NO_BUY,reject=ret cur=-0.01 thr=0.18 margin=-0.19 relax=0.00 | all=ret cur=-0.01 thr=0.18 margin=-0.19 relax=0.00; ret10 cur=-0.01 thr=0.24 margin=-0.25; ret10_non_positive cur=-0.01
1772082978.000,036810,MID,41400.0000,0.242,7,1115450,0.500,0.000,0.000,NO_BUY,confirm_wait 0.1s
1772082980.000,066570,MID,145800.0000,0.000,39,42568750,0.500,0.000,0.000,NO_BUY,reject=ret cur=0.00 thr=0.18 margin=-0.18 relax=0.00 | all=ret cur=0.00 thr=0.18 margin=-0.18 relax=0.00; ret10 cur=0.00 thr=0.24 margin=-0.24; ret10_non_positive cur=0.00
1772082981.000,103590,MID,88400.0000,0.000,6,23507200,0.707,0.113,0.000,NO_BUY,reject=ret cur=0.00 thr=0.18 margin=-0.18 relax=0.00 | all=ret cur=0.00 thr=0.18 margin=-0.18 relax=0.00; ret10 cur=0.00 thr=0.24 margin=-0.24; ret10_non_positive cur=0.00
1772082981.000,336260,MID,39700.0000,0.000,5,30459300,0.500,0.000,0.000,NO_BUY,reject=ret cur=0.00 thr=0.18 margin=-0.18 relax=0.00 | all=ret cur=0.00 thr=0.18 margin=-0.18 relax=0.00; ret10 cur=0.00 thr=0.24 margin=-0.24; ret10_non_positive cur=0.00
1772082981.000,035720,MID,61500.0000,0.163,36,89606800,0.137,0.162,0.000,NO_BUY,reject=ret cur=0.16 thr=0.18 margin=-0.02 relax=0.00 | all=ret cur=0.16 thr=0.18 margin=-0.02 relax=0.00; ret10 cur=0.16 thr=0.24 margin=-0.08
1772082983.000,005930,MID,214750.0000,0.233,132,1542780250,0.561,0.233,0.000,NO_BUY,reject=ret10 cur=0.23 thr=0.24 margin=-0.01 | all=ret10 cur=0.23 thr=0.24 margin=-0.01
1772082985.000,039030,MID,416000.0000,0.120,2,2498500,0.067,0.120,0.000,NO_BUY,reject=ret cur=0.12 thr=0.18 margin=-0.06 relax=0.00 | all=ret cur=0.12 thr=0.18 margin=-0.06 relax=0.00; ticks cur=2 thr=5 margin=-3; ret10 cur=0.12 thr=0.24 margin=-0.12
1772082986.000,187660,MID,17980.0000,-0.277,106,272836890,0.500,0.000,0.000,NO_BUY,reject=ret cur=-0.28 thr=0.18 margin=-0.46 relax=0.00 | all=ret cur=-0.28 thr=0.18 margin=-0.46 relax=0.00; ret10 cur=-0.28 thr=0.24 margin=-0.52; ret10_non_positive cur=-0.28
1772082987.000,035420,MID,260000.0000,0.096,21,11180750,0.476,0.192,0.000,NO_BUY,reject=ret cur=0.10 thr=0.18 margin=-0.08 relax=0.00 | all=ret cur=0.10 thr=0.18 margin=-0.08 relax=0.00; ret10 cur=0.10 thr=0.24 margin=-0.14
1772082988.000,002020,MID,71600.0000,0.000,5,3795000,0.500,0.000,0.000,NO_BUY,reject=ret cur=0.00 thr=0.18 margin=-0.18 relax=0.00 | all=ret cur=0.00 thr=0.18 margin=-0.18 relax=0.00; ret10 cur=0.00 thr=0.24 margin=-0.24; ret10_non_positive cur=0.00
1772082989.000,005830,MID,207500.0000,0.000,12,77351500,0.070,0.241,0.000,NO_BUY,reject=ret cur=0.00 thr=0.18 margin=-0.18 relax=0.00 | all=ret cur=0.00 thr=0.18 margin=-0.18 relax=0.00; ret10 cur=0.00 thr=0.24 margin=-0.24; ret10_non_positive cur=0.00
1772082991.000,377300,MID,68900.0000,0.145,19,96667400,0.500,0.000,0.000,NO_BUY,reject=ret cur=0.15 thr=0.18 margin=-0.03 relax=0.00 | all=ret cur=0.15 thr=0.18 margin=-0.03 relax=0.00; ret10 cur=0.15 thr=0.24 margin=-0.09
1772082991.000,310210,MID,317500.0000,-0.157,3,18072500,0.500,0.000,0.000,NO_BUY,reject=ret cur=-0.16 thr=0.18 margin=-0.34 relax=0.00 | all=ret cur=-0.16 thr=0.18 margin=-0.34 relax=0.00; ticks cur=3 thr=5 margin=-2; ret10 cur=-0.16 thr=0.24 margin=-0.40; ret10_non_positive cur=-0.16
1772082991.000,086520,MID,184900.0000,-0.054,29,90395800,0.500,0.000,0.000,NO_BUY,reject=ret cur=-0.05 thr=0.18 margin=-0.23 relax=0.00 | all=ret cur=-0.05 thr=0.18 margin=-0.23 relax=0.00; ret10 cur=-0.05 thr=0.24 margin=-0.29; ret10_non_positive cur=-0.05
1772082991.000,115180,MID,34500.0000,0.437,7,16951950,0.500,0.000,0.000,NO_BUY,reject=orderbook_stale age=1772082991.00s max=1.00s | all=orderbook_stale age=1772082991.00s max=1.00s
1772082992.000,122630,MID,110175.0000,0.054,73,416849045,0.500,0.000,0.000,NO_BUY,reject=ret cur=0.05 thr=0.18 margin=-0.13 relax=0.00 | all=ret cur=0.05 thr=0.18 margin=-0.13 relax=0.00; ret10 cur=0.05 thr=0.24 margin=-0.19
1772082993.000,229200,MID,20940.0000,0.024,62,268475085,0.375,0.024,0.000,NO_BUY,reject=ret cur=0.02 thr=0.18 margin=-0.16 relax=0.00 | all=ret cur=0.02 thr=0.18 margin=-0.16 relax=0.00; ret10 cur=0.02 thr=0.24 margin=-0.22
1772082993.000,058470,MID,106300.0000,0.000,13,62823300,0.500,0.000,0.000,NO_BUY,reject=ret cur=0.00 thr=0.18 margin=-0.18 relax=0.00 | all=ret cur=0.00 thr=0.18 margin=-0.18 relax=0.00; ret10 cur=0.00 thr=0.24 margin=-0.24; ret10_non_positive cur=0.00
1772082993.000,042520,MID,52200.0000,0.000,3,1875600,0.227,0.192,0.000,NO_BUY,reject=ret cur=0.00 thr=0.18 margin=-0.18 relax=0.00 | all=ret cur=0.00 thr=0.18 margin=-0.18 relax=0.00; ticks cur=3 thr=5 margin=-2; ret10 cur=0.00 thr=0.24 margin=-0.24; ret10_non_positive cur=0.00
1772082995.000,064760,MID,238000.0000,-0.210,2,475500,0.375,0.210,0.000,NO_BUY,reject=ret cur=-0.21 thr=0.18 margin=-0.39 relax=0.00 | all=ret cur=-0.21 thr=0.18 margin=-0.39 relax=0.00; ticks cur=2 thr=5 margin=-3; ret10 cur=-0.21 thr=0.24 margin=-0.45; ret10_non_positive cur=-0.21
1772082997.000,233740,MID,20230.0000,0.049,157,489170960,0.500,0.000,0.000,NO_BUY,reject=ret cur=0.05 thr=0.18 margin=-0.13 relax=0.00 | all=ret cur=0.05 thr=0.18 margin=-0.13 relax=0.00; ret10 cur=0.05 thr=0.24 margin=-0.19
1772082997.000,064400,MID,73900.0000,-0.135,7,1257900,0.500,0.000,0.000,NO_BUY,reject=ret cur=-0.14 thr=0.18 margin=-0.32 relax=0.00 | all=ret cur=-0.14 thr=0.18 margin=-0.32 relax=0.00; ret10 cur=-0.14 thr=0.24 margin=-0.38; ret10_non_positive cur=-0.14
1772082998.000,396500,MID,34550.0000,0.038,92,611505952,0.500,0.000,0.000,NO_BUY,reject=ret cur=0.04 thr=0.18 margin=-0.14 relax=0.00 | all=ret cur=0.04 thr=0.18 margin=-0.14 relax=0.00; ret10 cur=0.04 thr=0.24 margin=-0.20
1772083000.000,066570,MID,145800.0000,0.000,37,57726200,0.500,0.000,0.000,NO_BUY,reject=ret cur=0.00 thr=0.18 margin=-0.18 relax=0.00 | all=ret cur=0.00 thr=0.18 margin=-0.18 relax=0.00; ret10 cur=0.00 thr=0.24 margin=-0.24; ret10_non_positive cur=0.00
1772083001.000,336260,MID,39650.0000,0.000,5,6186750,0.500,0.000,0.000,NO_BUY,reject=ret cur=0.00 thr=0.18 margin=-0.18 relax=0.00 | all=ret cur=0.00 thr=0.18 margin=-0.18 relax=0.00; ret10 cur=0.00 thr=0.24 margin=-0.24; ret10_non_positive cur=0.00
1772083001.000,035720,MID,61500.0000,-0.162,26,114611200,0.139,0.162,0.000,NO_BUY,reject=ret cur=-0.16 thr=0.18 margin=-0.34 relax=0.00 | all=ret cur=-0.16 thr=0.18 margin=-0.34 relax=0.00; ret10 cur=-0.16 thr=0.24 margin=-0.40; ret10_non_positive cur=-0.16
1772083002.000,103590,MID,88400.0000,0.000,4,8840000,0.715,0.113,0.000,NO_BUY,reject=ret cur=0.00 thr=0.18 margin=-0.18 relax=0.00 | all=ret cur=0.00 thr=0.18 margin=-0.18 relax=0.00; ticks cur=4 thr=5 margin=-1; ret10 cur=0.00 thr=0.24 margin=-0.24; ret10_non_positive cur=0.00
1772083003.000,005930,MID,215000.0000,0.000,129,1733620000,0.566,0.233,0.000,NO_BUY,reject=ret cur=0.00 thr=0.18 margin=-0.18 relax=0.00 | all=ret cur=0.00 thr=0.18 margin=-0.18 relax=0.00; ret10 cur=0.00 thr=0.24 margin=-0.24; ret10_non_positive cur=0.00
1772083006.000,187660,MID,18040.0000,0.056,82,238733070,0.500,0.000,0.000,NO_BUY,reject=ret cur=0.06 thr=0.18 margin=-0.12 relax=0.00 | all=ret cur=0.06 thr=0.18 margin=-0.12 relax=0.00; ret10 cur=0.06 thr=0.24 margin=-0.18
1772083007.000,039030,MID,416500.0000,0.000,3,1249500,0.063,0.120,0.000,NO_BUY,reject=ret cur=0.00 thr=0.18 margin=-0.18 relax=0.00 | all=ret cur=0.00 thr=0.18 margin=-0.18 relax=0.00; ticks cur=3 thr=5 margin=-2; ret10 cur=0.00 thr=0.24 margin=-0.24; ret10_non_positive cur=0.00
1772083007.000,035420,MID,260000.0000,-0.096,23,21580750,0.477,0.192,0.000,NO_BUY,reject=ret cur=-0.10 thr=0.18 margin=-0.28 relax=0.00 | all=ret cur=-0.10 thr=0.18 margin=-0.28 relax=0.00; ret10 cur=-0.10 thr=0.24 margin=-0.34; ret10_non_positive cur=-0.10
1772083008.000,002020,MID,71500.0000,-0.140,4,10243000,0.500,0.000,0.000,NO_BUY,reject=ret cur=-0.14 thr=0.18 margin=-0.32 relax=0.00 | all=ret cur=-0.14 thr=0.18 margin=-0.32 relax=0.00; ticks cur=4 thr=5 margin=-1; ret10 cur=-0.14 thr=0.24 margin=-0.38; ret10_non_positive cur=-0.14
1772083009.000,005830,MID,207500.0000,0.000,10,13491250,0.085,0.241,0.000,NO_BUY,reject=ret cur=0.00 thr=0.18 margin=-0.18 relax=0.00 | all=ret cur=0.00 thr=0.18 margin=-0.18 relax=0.00; ret10 cur=0.00 thr=0.24 margin=-0.24; ret10_non_positive cur=0.00
1772083011.000,115180,MID,34400.0000,-0.290,2,516100,0.500,0.000,0.000,NO_BUY,reject=ret cur=-0.29 thr=0.18 margin=-0.47 relax=0.00 | all=ret cur=-0.29 thr=0.18 margin=-0.47 relax=0.00; ticks cur=2 thr=5 margin=-3; ret10 cur=-0.29 thr=0.24 margin=-0.53; ret10_non_positive cur=-0.29
1772083012.000,122630,MID,110275.0000,0.023,205,4566912687,0.500,0.000,0.000,NO_BUY,reject=ret cur=0.02 thr=0.18 margin=-0.16 relax=0.00 | all=ret cur=0.02 thr=0.18 margin=-0.16 relax=0.00; ret10 cur=0.02 thr=0.24 margin=-0.22
1772083012.000,377300,MID,69000.0000,0.000,9,2690000,0.500,0.000,0.000,NO_BUY,reject=ret cur=0.00 thr=0.18 margin=-0.18 relax=0.00 | all=ret cur=0.00 thr=0.18 margin=-0.18 relax=0.00; ret10 cur=0.00 thr=0.24 margin=-0.24; ret10_non_positive cur=0.00
1772083013.000,086520,MID,185100.0000,0.054,13,22018100,0.500,0.000,0.000,NO_BUY,reject=ret cur=0.05 thr=0.18 margin=-0.13 relax=0.00 | all=ret cur=0.05 thr=0.18 margin=-0.13 relax=0.00; ret10 cur=0.05 thr=0.24 margin=-0.19
1772083013.000,058470,MID,106200.0000,0.000,16,17963100,0.500,0.000,0.000,NO_BUY,reject=ret cur=0.00 thr=0.18 margin=-0.18 relax=0.00 | all=ret cur=0.00 thr=0.18 margin=-0.18 relax=0.00; ret10 cur=0.00 thr=0.24 margin=-0.24; ret10_non_positive cur=0.00
1772083013.000,229200,MID,20945.0000,0.024,42,240148454,0.406,0.024,0.000,NO_BUY,reject=ret cur=0.02 thr=0.18 margin=-0.16 relax=0.00 | all=ret cur=0.02 thr=0.18 margin=-0.16 relax=0.00; ret10 cur=0.02 thr=0.24 margin=-0.22
1772083015.000,310210,MID,317000.0000,0.157,2,953000,0.500,0.000,0.000,NO_BUY,reject=ret cur=0.16 thr=0.18 margin=-0.02 relax=0.00 | all=ret cur=0.16 thr=0.18 margin=-0.02 relax=0.00; ticks cur=2 thr=5 margin=-3; ret10 cur=0.16 thr=0.24 margin=-0.08
1772083015.000,064760,MID,237000.0000,0.000,9,37010000,0.524,0.211,0.000,NO_BUY,reject=ret cur=0.00 thr=0.18 margin=-0.18 relax=0.00 | all=ret cur=0.00 thr=0.18 margin=-0.18 relax=0.00; ret10 cur=0.00 thr=0.24 margin=-0.24; ret10_non_positive cur=0.00
1772083016.000,036810,MID,41300.0000,-0.242,5,7655250,0.500,0.000,0.000,NO_BUY,reject=ret cur=-0.24 thr=0.18 margin=-0.42 relax=0.00 | all=ret cur=-0.24 thr=0.18 margin=-0.42 relax=0.00; ret10 cur=-0.24 thr=0.24 margin=-0.48; ret10_non_positive cur=-0.24
1772083017.000,233740,MID,20240.0000,0.049,354,1036588140,0.500,0.000,0.000,NO_BUY,reject=ret cur=0.05 thr=0.18 margin=-0.13 relax=0.00 | all=ret cur=0.05 thr=0.18 margin=-0.13 relax=0.00; ret10 cur=0.05 thr=0.24 margin=-0.19
1772083017.000,064400,MID,74000.0000,0.000,6,4064500,0.500,0.000,0.000,NO_BUY,reject=ret cur=0.00 thr=0.18 margin=-0.18 relax=0.00 | all=ret cur=0.00 thr=0.18 margin=-0.18 relax=0.00; ret10 cur=0.00 thr=0.24 margin=-0.24; ret10_non_positive cur=0.00
1772083017.000,042520,MID,52100.0000,0.000,3,364700,0.223,0.192,0.000,NO_BUY,reject=ret cur=0.00 thr=0.18 margin=-0.18 relax=0.00 | all=ret cur=0.00 thr=0.18 margin=-0.18 relax=0.00; ticks cur=3 thr=5 margin=-2; ret10 cur=0.00 thr=0.24 margin=-0.24; ret10_non_positive cur=0.00
1772083018.000,396500,MID,34550.0000,0.043,73,220478775,0.500,0.000,0.000,NO_BUY,reject=ret cur=0.04 thr=0.18 margin=-0.14 relax=0.00 | all=ret cur=0.04 thr=0.18 margin=-0.14 relax=0.00; ret10 cur=0.04 thr=0.24 margin=-0.20
1772083020.000,066570,MID,145800.0000,0.000,34,54088500,0.500,0.000,0.000,NO_BUY,reject=ret cur=0.00 thr=0.18 margin=-0.18 relax=0.00 | all=ret cur=0.00 thr=0.18 margin=-0.18 relax=0.00; ret10 cur=0.00 thr=0.24 margin=-0.24; ret10_non_positive cur=0.00
1772083022.000,336260,MID,39650.0000,0.126,5,1427800,0.500,0.000,0.000,NO_BUY,reject=ret cur=0.13 thr=0.18 margin=-0.05 relax=0.00 | all=ret cur=0.13 thr=0.18 margin=-0.05 relax=0.00; ret10 cur=0.13 thr=0.24 margin=-0.11
1772083022.000,035720,MID,61600.0000,0.000,36,33486600,0.139,0.162,0.000,NO_BUY,reject=ret cur=0.00 thr=0.18 margin=-0.18 relax=0.00 | all=ret cur=0.00 thr=0.18 margin=-0.18 relax=0.00; ret10 cur=0.00 thr=0.24 margin=-0.24; ret10_non_positive cur=0.00
1772083023.000,005930,MID,215000.0000,0.000,134,2399575250,0.583,0.233,0.000,NO_BUY,reject=ret cur=0.00 thr=0.18 margin=-0.18 relax=0.00 | all=ret cur=0.00 thr=0.18 margin=-0.18 relax=0.00; ret10 cur=0.00 thr=0.24 margin=-0.24; ret10_non_positive cur=0.00
1772083026.000,187660,MID,18020.0000,0.278,24,20895600,0.500,0.000,0.000,NO_BUY,confirm_wait 0.1s
1772083026.000,294570,MID,33550.0000,0.000,3,1241350,0.500,0.000,0.000,NO_BUY,reject=ret cur=0.00 thr=0.18 margin=-0.18 relax=0.00 | all=ret cur=0.00 thr=0.18 margin=-0.18 relax=0.00; ticks cur=3 thr=5 margin=-2; ret10 cur=0.00 thr=0.24 margin=-0.24; ret10_non_positive cur=0.00
1772083027.000,035420,MID,260000.0000,0.000,38,215551500,0.474,0.192,0.000,NO_BUY,reject=ret cur=0.00 thr=0.18 margin=-0.18 relax=0.00 | all=ret cur=0.00 thr=0.18 margin=-0.18 relax=0.00; ret10 cur=0.00 thr=0.24 margin=-0.24; ret10_non_positive cur=0.00
1772083027.000,039030,MID,416000.0000,-0.120,12,37069000,0.067,0.120,0.000,NO_BUY,reject=ret cur=-0.12 thr=0.18 margin=-0.30 relax=0.00 | all=ret cur=-0.12 thr=0.18 margin=-0.30 relax=0.00; ret10 cur=-0.12 thr=0.24 margin=-0.36; ret10_non_positive cur=-0.12
1772083030.000,005830,MID,208750.0000,0.361,15,54490750,0.153,0.240,0.000,NO_BUY,pullback_wait cur=208750.00 peak=208750.00 pb_thr=208332.50 reb_thr=208645.62 pulled=0
1772083030.000,002020,MID,71500.0000,0.000,11,3003100,0.500,0.000,0.000,NO_BUY,reject=ret cur=0.00 thr=0.18 margin=-0.18 relax=0.00 | all=ret cur=0.00 thr=0.18 margin=-0.18 relax=0.00; ret10 cur=0.00 thr=0.24 margin=-0.24; ret10_non_positive cur=0.00
1772083031.000,115180,MID,34450.0000,-0.145,6,413650,0.500,0.000,0.000,NO_BUY,reject=ret cur=-0.14 thr=0.18 margin=-0.32 relax=0.00 | all=ret cur=-0.14 thr=0.18 margin=-0.32 relax=0.00; ret10 cur=-0.14 thr=0.24 margin=-0.38; ret10_non_positive cur=-0.14
1772083031.000,124500,MID,60300.0000,0.000,2,1208000,0.500,0.000,0.000,NO_BUY,reject=ret cur=0.00 thr=0.18 margin=-0.18 relax=0.00 | all=ret cur=0.00 thr=0.18 margin=-0.18 relax=0.00; ticks cur=2 thr=5 margin=-3; ret10 cur=0.00 thr=0.24 margin=-0.24; ret10_non_positive cur=0.00
1772083032.000,122630,MID,110400.0000,0.104,580,2144564100,0.500,0.000,0.000,NO_BUY,reject=ret cur=0.10 thr=0.18 margin=-0.08 relax=0.00 | all=ret cur=0.10 thr=0.18 margin=-0.08 relax=0.00; ret10 cur=0.10 thr=0.24 margin=-0.14
1772083033.000,229200,MID,20960.0000,0.048,274,1767383700,0.356,0.048,0.000,NO_BUY,reject=ret cur=0.05 thr=0.18 margin=-0.13 relax=0.00 | all=ret cur=0.05 thr=0.18 margin=-0.13 relax=0.00; ret10 cur=0.05 thr=0.24 margin=-0.19
1772083033.000,086520,MID,185200.0000,0.000,11,9999100,0.500,0.000,0.000,NO_BUY,reject=ret cur=0.00 thr=0.18 margin=-0.18 relax=0.00 | all=ret cur=0.00 thr=0.18 margin=-0.18 relax=0.00; ret10 cur=0.00 thr=0.24 margin=-0.24; ret10_non_positive cur=0.00
1772083033.000,377300,MID,69000.0000,0.000,6,9175400,0.500,0.000,0.000,NO_BUY,reject=ret cur=0.00 thr=0.18 margin=-0.18 relax=0.00 | all=ret cur=0.00 thr=0.18 margin=-0.18 relax=0.00; ret10 cur=0.00 thr=0.24 margin=-0.24; ret10_non_positive cur=0.00
1772083037.000,233740,MID,20255.0000,0.049,555,2165945661,0.500,0.000,0.000,NO_BUY,reject=ret cur=0.05 thr=0.18 margin=-0.13 relax=0.00 | all=ret cur=0.05 thr=0.18 margin=-0.13 relax=0.00; ret10 cur=0.05 thr=0.24 margin=-0.19
1772083038.000,396500,MID,34575.0000,0.029,75,308863587,0.500,0.000,0.000,NO_BUY,reject=ret cur=0.03 thr=0.18 margin=-0.15 relax=0.00 | all=ret cur=0.03 thr=0.18 margin=-0.15 relax=0.00; ret10 cur=0.03 thr=0.24 margin=-0.21
1772083038.000,103590,MID,88300.0000,0.113,2,4591700,0.756,0.113,0.000,NO_BUY,reject=ret cur=0.11 thr=0.18 margin=-0.07 relax=0.00 | all=ret cur=0.11 thr=0.18 margin=-0.07 relax=0.00; ticks cur=2 thr=5 margin=-3; ret10 cur=0.11 thr=0.24 margin=-0.13
1772083039.000,064400,MID,74000.0000,0.000,4,3626000,0.500,0.000,0.000,NO_BUY,reject=ret cur=0.00 thr=0.18 margin=-0.18 relax=0.00 | all=ret cur=0.00 thr=0.18 margin=-0.18 relax=0.00; ticks cur=4 thr=5 margin=-1; ret10 cur=0.00 thr=0.24 margin=-0.24; ret10_non_positive cur=0.00
1772083039.000,036810,MID,41450.0000,-0.121,6,2942650,0.500,0.000,0.000,NO_BUY,reject=ret cur=-0.12 thr=0.18 margin=-0.30 relax=0.00 | all=ret cur=-0.12 thr=0.18 margin=-0.30 relax=0.00; ret10 cur=-0.12 thr=0.24 margin=-0.36; ret10_non_positive cur=-0.12
1772083039.000,310210,MID,317500.0000,-0.314,2,2223500,0.500,0.000,0.000,NO_BUY,reject=ret cur=-0.31 thr=0.18 margin=-0.49 relax=0.00 | all=ret cur=-0.31 thr=0.18 margin=-0.49 relax=0.00; ticks cur=2 thr=5 margin=-3; ret10 cur=-0.31 thr=0.24 margin=-0.55; ret10_non_positive cur=-0.31
1772083040.000,066570,MID,145600.0000,0.000,21,25939800,0.500,0.000,0.000,NO_BUY,reject=ret cur=0.00 thr=0.18 margin=-0.18 relax=0.00 | all=ret cur=0.00 thr=0.18 margin=-0.18 relax=0.00; ret10 cur=0.00 thr=0.24 margin=-0.24; ret10_non_positive cur=0.00
1772083040.000,064760,MID,237000.0000,0.000,3,2612500,0.420,0.211,0.000,NO_BUY,reject=ret cur=0.00 thr=0.18 margin=-0.18 relax=0.00 | all=ret cur=0.00 thr=0.18 margin=-0.18 relax=0.00; ticks cur=3 thr=5 margin=-2; ret10 cur=0.00 thr=0.24 margin=-0.24; ret10_non_positive cur=0.00
1772083041.000,042520,MID,52100.0000,-0.192,3,3804800,0.224,0.192,0.000,NO_BUY,reject=ret cur=-0.19 thr=0.18 margin=-0.37 relax=0.00 | all=ret cur=-0.19 thr=0.18 margin=-0.37 relax=0.00; ticks cur=3 thr=5 margin=-2; ret10 cur=-0.19 thr=0.24 margin=-0.43; ret10_non_positive cur=-0.19
1772083042.000,035720,MID,61500.0000,0.000,29,164571700,0.139,0.162,0.000,NO_BUY,reject=ret cur=0.00 thr=0.18 margin=-0.18 relax=0.00 | all=ret cur=0.00 thr=0.18 margin=-0.18 relax=0.00; ret10 cur=0.00 thr=0.24 margin=-0.24; ret10_non_positive cur=0.00
1772083043.000,005930,MID,215500.0000,0.233,96,557294250,0.465,0.232,0.000,NO_BUY,reject=ret10 cur=0.23 thr=0.24 margin=-0.01 | all=ret10 cur=0.23 thr=0.24 margin=-0.01
1772083046.000,187660,MID,18030.0000,-0.166,50,44792150,0.500,0.000,0.000,NO_BUY,reject=ret cur=-0.17 thr=0.18 margin=-0.35 relax=0.00 | all=ret cur=-0.17 thr=0.18 margin=-0.35 relax=0.00; ret10 cur=-0.17 thr=0.24 margin=-0.41; ret10_non_positive cur=-0.17
1772083047.000,035420,MID,260500.0000,0.192,33,52309500,0.476,0.192,0.000,NO_BUY,reject=ret10 cur=0.19 thr=0.24 margin=-0.05 | all=ret10 cur=0.19 thr=0.24 margin=-0.05
1772083048.000,039030,MID,416500.0000,-0.120,11,46249000,0.061,0.120,0.000,NO_BUY,reject=ret cur=-0.12 thr=0.18 margin=-0.30 relax=0.00 | all=ret cur=-0.12 thr=0.18 margin=-0.30 relax=0.00; ret10 cur=-0.12 thr=0.24 margin=-0.36; ret10_non_positive cur=-0.12
1772083050.000,002020,MID,71500.0000,0.140,4,429300,0.500,0.000,0.000,NO_BUY,reject=ret cur=0.14 thr=0.18 margin=-0.04 relax=0.00 | all=ret cur=0.14 thr=0.18 margin=-0.04 relax=0.00; ticks cur=4 thr=5 margin=-1; ret10 cur=0.14 thr=0.24 margin=-0.10
1772083051.000,005830,MID,209000.0000,0.240,8,14832000,0.169,0.478,0.000,NO_BUY,reject=ret10 cur=0.24 thr=0.24 margin=-0.00 | all=ret10 cur=0.24 thr=0.24 margin=-0.00
1772083052.000,122630,MID,110480.0000,0.050,386,1994308707,0.500,0.000,0.000,NO_BUY,reject=ret cur=0.05 thr=0.18 margin=-0.13 relax=0.00 | all=ret cur=0.05 thr=0.18 margin=-0.13 relax=0.00; ret10 cur=0.05 thr=0.24 margin=-0.19
1772083052.000,336260,MID,39650.0000,0.000,2,79300,0.500,0.000,0.000,NO_BUY,reject=ret cur=0.00 thr=0.18 margin=-0.18 relax=0.00 | all=ret cur=0.00 thr=0.18 margin=-0.18 relax=0.00; ticks cur=2 thr=5 margin=-3; ret10 cur=0.00 thr=0.24 margin=-0.24; ret10_non_positive cur=0.00
1772083052.000,115180,MID,34350.0000,0.000,3,1167900,0.500,0.000,0.000,NO_BUY,reject=ret cur=0.00 thr=0.18 margin=-0.18 relax=0.00 | all=ret cur=0.00 thr=0.18 margin=-0.18 relax=0.00; ticks cur=3 thr=5 margin=-2; ret10 cur=0.00 thr=0.24 margin=-0.24; ret10_non_positive cur=0.00
1772083053.000,229200,MID,20962.0000,0.000,217,589364640,0.346,0.024,0.000,NO_BUY,reject=ret cur=0.00 thr=0.18 margin=-0.18 relax=0.00 | all=ret cur=0.00 thr=0.18 margin=-0.18 relax=0.00; ret10 cur=0.00 thr=0.24 margin=-0.24; ret10_non_positive cur=0.00
1772083053.000,086520,MID,185100.0000,0.000,19,61279800,0.500,0.000,0.000,NO_BUY,reject=ret cur=0.00 thr=0.18 margin=-0.18 relax=0.00 | all=ret cur=0.00 thr=0.18 margin=-0.18 relax=0.00; ret10 cur=0.00 thr=0.24 margin=-0.24; ret10_non_positive cur=0.00
1772083055.000,377300,MID,69000.0000,0.000,9,12075000,0.500,0.000,0.000,NO_BUY,reject=ret cur=0.00 thr=0.18 margin=-0.18 relax=0.00 | all=ret cur=0.00 thr=0.18 margin=-0.18 relax=0.00; ret10 cur=0.00 thr=0.24 margin=-0.24; ret10_non_positive cur=0.00
1772083057.000,233740,MID,20260.0000,0.000,84,828553686,0.500,0.000,0.000,NO_BUY,reject=ret cur=0.00 thr=0.18 margin=-0.18 relax=0.00 | all=ret cur=0.00 thr=0.18 margin=-0.18 relax=0.00; ret10 cur=0.00 thr=0.24 margin=-0.24; ret10_non_positive cur=0.00
1772083058.000,396500,MID,34575.0000,-0.014,76,340833194,0.500,0.000,0.000,NO_BUY,reject=ret cur=-0.01 thr=0.18 margin=-0.19 relax=0.00 | all=ret cur=-0.01 thr=0.18 margin=-0.19 relax=0.00; ret10 cur=-0.01 thr=0.24 margin=-0.25; ret10_non_positive cur=-0.01
1772083058.000,103590,MID,88300.0000,-0.113,5,12900300,0.749,0.113,0.000,NO_BUY,reject=ret cur=-0.11 thr=0.18 margin=-0.29 relax=0.00 | all=ret cur=-0.11 thr=0.18 margin=-0.29 relax=0.00; ret10 cur=-0.11 thr=0.24 margin=-0.35; ret10_non_positive cur=-0.11
1772083059.000,064400,MID,73900.0000,0.135,17,6141700,0.500,0.000,0.000,NO_BUY,reject=ret cur=0.14 thr=0.18 margin=-0.04 relax=0.00 | all=ret cur=0.14 thr=0.18 margin=-0.04 relax=0.00; ret10 cur=0.14 thr=0.24 margin=-0.10
1772083060.000,064760,MID,237000.0000,0.000,3,2844500,0.414,0.211,0.000,NO_BUY,reject=ret cur=0.00 thr=0.18 margin=-0.18 relax=0.00 | all=ret cur=0.00 thr=0.18 margin=-0.18 relax=0.00; ticks cur=3 thr=5 margin=-2; ret10 cur=0.00 thr=0.24 margin=-0.24; ret10_non_positive cur=0.00
1772083061.000,310210,MID,317500.0000,0.000,2,1268000,0.500,0.000,0.000,NO_BUY,reject=ret cur=0.00 thr=0.18 margin=-0.18 relax=0.00 | all=ret cur=0.00 thr=0.18 margin=-0.18 relax=0.00; ticks cur=2 thr=5 margin=-3; ret10 cur=0.00 thr=0.24 margin=-0.24; ret10_non_positive cur=0.00
1772083061.000,124500,MID,60500.0000,0.000,2,24079000,0.500,0.000,0.000,NO_BUY,reject=ret cur=0.00 thr=0.18 margin=-0.18 relax=0.00 | all=ret cur=0.00 thr=0.18 margin=-0.18 relax=0.00; ticks cur=2 thr=5 margin=-3; ret10 cur=0.00 thr=0.24 margin=-0.24; ret10_non_positive cur=0.00
1772083061.000,036810,MID,41400.0000,-0.120,2,4398750,0.500,0.000,0.000,NO_BUY,reject=ret cur=-0.12 thr=0.18 margin=-0.30 relax=0.00 | all=ret cur=-0.12 thr=0.18 margin=-0.30 relax=0.00; ticks cur=2 thr=5 margin=-3; ret10 cur=-0.12 thr=0.24 margin=-0.36; ret10_non_positive cur=-0.12
1772083061.000,066570,MID,145800.0000,0.069,26,41137200,0.500,0.000,0.000,NO_BUY,reject=ret cur=0.07 thr=0.18 margin=-0.11 relax=0.00 | all=ret cur=0.07 thr=0.18 margin=-0.11 relax=0.00; ret10 cur=0.07 thr=0.24 margin=-0.17
1772083061.000,042520,MID,52200.0000,-0.192,3,1146000,0.243,0.384,0.000,NO_BUY,reject=ret cur=-0.19 thr=0.18 margin=-0.37 relax=0.00 | all=ret cur=-0.19 thr=0.18 margin=-0.37 relax=0.00; ticks cur=3 thr=5 margin=-2; ret10 cur=-0.19 thr=0.24 margin=-0.43; ret10_non_positive cur=-0.19
1772083062.000,035720,MID,61500.0000,0.000,31,42227400,0.139,0.162,0.000,NO_BUY,reject=ret cur=0.00 thr=0.18 margin=-0.18 relax=0.00 | all=ret cur=0.00 thr=0.18 margin=-0.18 relax=0.00; ret10 cur=0.00 thr=0.24 margin=-0.24; ret10_non_positive cur=0.00
1772083063.000,005930,MID,215500.0000,-0.232,104,863295000,0.472,0.232,0.000,NO_BUY,reject=ret cur=-0.23 thr=0.18 margin=-0.41 relax=0.00 | all=ret cur=-0.23 thr=0.18 margin=-0.41 relax=0.00; ret10 cur=-0.23 thr=0.24 margin=-0.47; ret10_non_positive cur=-0.23
1772083066.000,187660,MID,17990.0000,0.167,37,105972040,0.500,0.000,0.000,NO_BUY,reject=ret cur=0.17 thr=0.18 margin=-0.01 relax=0.00 | all=ret cur=0.17 thr=0.18 margin=-0.01 relax=0.00; ret10 cur=0.17 thr=0.24 margin=-0.07
1772083067.000,035420,MID,260000.0000,0.096,20,282456750,0.475,0.192,0.000,NO_BUY,reject=ret cur=0.10 thr=0.18 margin=-0.08 relax=0.00 | all=ret cur=0.10 thr=0.18 margin=-0.08 relax=0.00; ret10 cur=0.10 thr=0.24 margin=-0.14
1772083068.000,039030,MID,416000.0000,0.000,11,14562500,0.089,0.120,0.000,NO_BUY,reject=ret cur=0.00 thr=0.18 margin=-0.18 relax=0.00 | all=ret cur=0.00 thr=0.18 margin=-0.18 relax=0.00; ret10 cur=0.00 thr=0.24 margin=-0.24; ret10_non_positive cur=0.00
1772083072.000,122630,MID,110530.0000,0.032,101,2466936140,0.500,0.000,0.000,NO_BUY,reject=ret cur=0.03 thr=0.18 margin=-0.15 relax=0.00 | all=ret cur=0.03 thr=0.18 margin=-0.15 relax=0.00; ret10 cur=0.03 thr=0.24 margin=-0.21
1772083073.000,229200,MID,20965.0000,0.000,39,75051893,0.374,0.024,0.000,NO_BUY,reject=ret cur=0.00 thr=0.18 margin=-0.18 relax=0.00 | all=ret cur=0.00 thr=0.18 margin=-0.18 relax=0.00; ret10 cur=0.00 thr=0.24 margin=-0.24; ret10_non_positive cur=0.00
1772083073.000,336260,MID,39600.0000,0.000,4,4674700,0.500,0.000,0.000,NO_BUY,reject=ret cur=0.00 thr=0.18 margin=-0.18 relax=0.00 | all=ret cur=0.00 thr=0.18 margin=-0.18 relax=0.00; ticks cur=4 thr=5 margin=-1; ret10 cur=0.00 thr=0.24 margin=-0.24; ret10_non_positive cur=0.00
1772083073.000,086520,MID,185100.0000,0.000,47,355403900,0.500,0.000,0.000,NO_BUY,reject=ret cur=0.00 thr=0.18 margin=-0.18 relax=0.00 | all=ret cur=0.00 thr=0.18 margin=-0.18 relax=0.00; ret10 cur=0.00 thr=0.24 margin=-0.24; ret10_non_positive cur=0.00
1772083073.000,005830,MID,209000.0000,-0.477,9,156276000,0.147,0.240,0.000,NO_BUY,reject=ret cur=-0.48 thr=0.18 margin=-0.66 relax=0.00 | all=ret cur=-0.48 thr=0.18 margin=-0.66 relax=0.00; ret10 cur=-0.48 thr=0.24 margin=-0.72; ret10_non_positive cur=-0.48
1772083074.000,002020,MID,71600.0000,0.140,6,931600,0.500,0.000,0.000,NO_BUY,reject=ret cur=0.14 thr=0.18 margin=-0.04 relax=0.00 | all=ret cur=0.14 thr=0.18 margin=-0.04 relax=0.00; ret10 cur=0.14 thr=0.24 margin=-0.10
1772083074.000,294570,MID,33550.0000,0.000,2,4227300,0.500,0.000,0.000,NO_BUY,reject=ret cur=0.00 thr=0.18 margin=-0.18 relax=0.00 | all=ret cur=0.00 thr=0.18 margin=-0.18 relax=0.00; ticks cur=2 thr=5 margin=-3; ret10 cur=0.00 thr=0.24 margin=-0.24; ret10_non_positive cur=0.00
1772083076.000,377300,MID,69000.0000,0.000,6,5655300,0.500,0.000,0.000,NO_BUY,reject=ret cur=0.00 thr=0.18 margin=-0.18 relax=0.00 | all=ret cur=0.00 thr=0.18 margin=-0.18 relax=0.00; ret10 cur=0.00 thr=0.24 margin=-0.24; ret10_non_positive cur=0.00
1772083077.000,233740,MID,20275.0000,0.000,132,754710587,0.500,0.000,0.000,NO_BUY,reject=ret cur=0.00 thr=0.18 margin=-0.18 relax=0.00 | all=ret cur=0.00 thr=0.18 margin=-0.18 relax=0.00; ret10 cur=0.00 thr=0.24 margin=-0.24; ret10_non_positive cur=0.00
1772083078.000,396500,MID,34585.0000,0.014,73,334005608,0.500,0.000,0.000,NO_BUY,reject=ret cur=0.01 thr=0.18 margin=-0.17 relax=0.00 | all=ret cur=0.01 thr=0.18 margin=-0.17 relax=0.00; ret10 cur=0.01 thr=0.24 margin=-0.23
1772083079.000,115180,MID,34350.0000,0.000,2,103350,0.500,0.000,0.000,NO_BUY,reject=ret cur=0.00 thr=0.18 margin=-0.18 relax=0.00 | all=ret cur=0.00 thr=0.18 margin=-0.18 relax=0.00; ticks cur=2 thr=5 margin=-3; ret10 cur=0.00 thr=0.24 margin=-0.24; ret10_non_positive cur=0.00
1772083080.000,103590,MID,88300.0000,0.000,7,1590900,0.750,0.113,0.000,NO_BUY,reject=ret cur=0.00 thr=0.18 margin=-0.18 relax=0.00 | all=ret cur=0.00 thr=0.18 margin=-0.18 relax=0.00; ret10 cur=0.00 thr=0.24 margin=-0.24; ret10_non_positive cur=0.00
1772083080.000,064400,MID,74000.0000,-0.135,10,5913800,0.500,0.000,0.000,NO_BUY,reject=ret cur=-0.14 thr=0.18 margin=-0.32 relax=0.00 | all=ret cur=-0.14 thr=0.18 margin=-0.32 relax=0.00; ret10 cur=-0.14 thr=0.24 margin=-0.38; ret10_non_positive cur=-0.14
1772083080.000,064760,MID,237500.0000,0.000,9,19446000,0.419,0.211,0.000,NO_BUY,reject=ret cur=0.00 thr=0.18 margin=-0.18 relax=0.00 | all=ret cur=0.00 thr=0.18 margin=-0.18 relax=0.00; ret10 cur=0.00 thr=0.24 margin=-0.24; ret10_non_positive cur=0.00
1772083081.000,042520,MID,52000.0000,-0.192,7,44203600,0.165,0.192,0.000,NO_BUY,reject=ret cur=-0.19 thr=0.18 margin=-0.37 relax=0.00 | all=ret cur=-0.19 thr=0.18 margin=-0.37 relax=0.00; ret10 cur=-0.19 thr=0.24 margin=-0.43; ret10_non_positive cur=-0.19
1772083081.000,036810,MID,41550.0000,0.241,3,456650,0.500,0.000,0.000,NO_BUY,reject=ticks cur=3 thr=5 margin=-2 | all=ticks cur=3 thr=5 margin=-2
1772083082.000,035720,MID,61700.0000,0.000,34,100096300,0.122,0.162,0.000,NO_BUY,reject=ret cur=0.00 thr=0.18 margin=-0.18 relax=0.00 | all=ret cur=0.00 thr=0.18 margin=-0.18 relax=0.00; ret10 cur=0.00 thr=0.24 margin=-0.24; ret10_non_positive cur=0.00
1772083082.000,066570,MID,145900.0000,0.069,39,63180800,0.500,0.000,0.000,NO_BUY,reject=ret cur=0.07 thr=0.18 margin=-0.11 relax=0.00 | all=ret cur=0.07 thr=0.18 margin=-0.11 relax=0.00; ret10 cur=0.07 thr=0.24 margin=-0.17
1772083082.000,310210,MID,317000.0000,-0.157,3,951500,0.500,0.000,0.000,NO_BUY,reject=ret cur=-0.16 thr=0.18 margin=-0.34 relax=0.00 | all=ret cur=-0.16 thr=0.18 margin=-0.34 relax=0.00; ticks cur=3 thr=5 margin=-2; ret10 cur=-0.16 thr=0.24 margin=-0.40; ret10_non_positive cur=-0.16
1772083083.000,005930,MID,215500.0000,0.233,118,575956500,0.472,0.232,0.000,NO_BUY,reject=ret10 cur=0.23 thr=0.24 margin=-0.01 | all=ret10 cur=0.23 thr=0.24 margin=-0.01
1772083084.000,124500,MID,60500.0000,0.165,2,848300,0.500,0.000,0.000,NO_BUY,reject=ret cur=0.17 thr=0.18 margin=-0.01 relax=0.00 | all=ret cur=0.17 thr=0.18 margin=-0.01 relax=0.00; ticks cur=2 thr=5 margin=-3; ret10 cur=0.17 thr=0.24 margin=-0.07
1772083086.000,187660,MID,18000.0000,-0.056,39,48692765,0.500,0.000,0.000,NO_BUY,reject=ret cur=-0.06 thr=0.18 margin=-0.24 relax=0.00 | all=ret cur=-0.06 thr=0.18 margin=-0.24 relax=0.00; ret10 cur=-0.06 thr=0.24 margin=-0.30; ret10_non_positive cur=-0.06
1772083087.000,035420,MID,260000.0000,-0.096,24,45260750,0.474,0.192,0.000,NO_BUY,reject=ret cur=-0.10 thr=0.18 margin=-0.28 relax=0.00 | all=ret cur=-0.10 thr=0.18 margin=-0.28 relax=0.00; ret10 cur=-0.10 thr=0.24 margin=-0.34; ret10_non_positive cur=-0.10
1772083088.000,039030,MID,416000.0000,0.000,6,4993500,0.084,0.120,0.000,NO_BUY,reject=ret cur=0.00 thr=0.18 margin=-0.18 relax=0.00 | all=ret cur=0.00 thr=0.18 margin=-0.18 relax=0.00; ret10 cur=0.00 thr=0.24 margin=-0.24; ret10_non_positive cur=0.00
1772083092.000,122630,MID,110525.0000,-0.005,160,1379184900,0.500,0.000,0.000,NO_BUY,reject=ret cur=-0.00 thr=0.18 margin=-0.18 relax=0.00 | all=ret cur=-0.00 thr=0.18 margin=-0.18 relax=0.00; ret10 cur=-0.00 thr=0.24 margin=-0.24; ret10_non_positive cur=-0.00
1772083093.000,005830,MID,209000.0000,0.000,19,48000000,0.151,0.240,0.000,NO_BUY,reject=ret cur=0.00 thr=0.18 margin=-0.18 relax=0.00 | all=ret cur=0.00 thr=0.18 margin=-0.18 relax=0.00; ret10 cur=0.00 thr=0.24 margin=-0.24; ret10_non_positive cur=0.00
1772083093.000,229200,MID,20967.0000,0.024,39,64300260,0.296,0.024,0.000,NO_BUY,reject=ret cur=0.02 thr=0.18 margin=-0.16 relax=0.00 | all=ret cur=0.02 thr=0.18 margin=-0.16 relax=0.00; ret10 cur=0.02 thr=0.24 margin=-0.22
1772083094.000,086520,MID,185100.0000,0.000,25,81627450,0.500,0.000,0.000,NO_BUY,reject=ret cur=0.00 thr=0.18 margin=-0.18 relax=0.00 | all=ret cur=0.00 thr=0.18 margin=-0.18 relax=0.00; ret10 cur=0.00 thr=0.24 margin=-0.24; ret10_non_positive cur=0.00
1772083095.000,102940,MID,66300.0000,0.000,2,198900,0.500,0.000,0.000,NO_BUY,reject=ret cur=0.00 thr=0.18 margin=-0.18 relax=0.00 | all=ret cur=0.00 thr=0.18 margin=-0.18 relax=0.00; ticks cur=2 thr=5 margin=-3; ret10 cur=0.00 thr=0.24 margin=-0.24; ret10_non_positive cur=0.00
1772083096.000,002020,MID,71500.0000,-0.140,6,500800,0.500,0.000,0.000,NO_BUY,reject=ret cur=-0.14 thr=0.18 margin=-0.32 relax=0.00 | all=ret cur=-0.14 thr=0.18 margin=-0.32 relax=0.00; ret10 cur=-0.14 thr=0.24 margin=-0.38; ret10_non_positive cur=-0.14
1772083096.000,377300,MID,68900.0000,0.000,32,18531400,0.500,0.000,0.000,NO_BUY,reject=ret cur=0.00 thr=0.18 margin=-0.18 relax=0.00 | all=ret cur=0.00 thr=0.18 margin=-0.18 relax=0.00; ret10 cur=0.00 thr=0.24 margin=-0.24; ret10_non_positive cur=0.00
1772083097.000,233740,MID,20270.0000,0.049,84,781556526,0.500,0.000,0.000,NO_BUY,reject=ret cur=0.05 thr=0.18 margin=-0.13 relax=0.00 | all=ret cur=0.05 thr=0.18 margin=-0.13 relax=0.00; ret10 cur=0.05 thr=0.24 margin=-0.19
1772083097.000,336260,MID,39600.0000,0.000,2,79300,0.500,0.000,0.000,NO_BUY,reject=ret cur=0.00 thr=0.18 margin=-0.18 relax=0.00 | all=ret cur=0.00 thr=0.18 margin=-0.18 relax=0.00; ticks cur=2 thr=5 margin=-3; ret10 cur=0.00 thr=0.24 margin=-0.24; ret10_non_positive cur=0.00
1772083098.000,396500,MID,34585.0000,-0.014,74,358297080,0.500,0.000,0.000,NO_BUY,reject=ret cur=-0.01 thr=0.18 margin=-0.19 relax=0.00 | all=ret cur=-0.01 thr=0.18 margin=-0.19 relax=0.00; ret10 cur=-0.01 thr=0.24 margin=-0.25; ret10_non_positive cur=-0.01
1772083100.000,064400,MID,74000.0000,-0.135,10,20652450,0.500,0.000,0.000,NO_BUY,reject=ret cur=-0.13 thr=0.18 margin=-0.31 relax=0.00 | all=ret cur=-0.13 thr=0.18 margin=-0.31 relax=0.00; ret10 cur=-0.13 thr=0.24 margin=-0.37; ret10_non_positive cur=-0.13
1772083101.000,103590,MID,88400.0000,0.113,9,23340000,0.734,0.113,0.000,NO_BUY,reject=ret cur=0.11 thr=0.18 margin=-0.07 relax=0.00 | all=ret cur=0.11 thr=0.18 margin=-0.07 relax=0.00; ret10 cur=0.11 thr=0.24 margin=-0.13
1772083101.000,036810,MID,41550.0000,-0.241,8,8595700,0.500,0.000,0.000,NO_BUY,reject=ret cur=-0.24 thr=0.18 margin=-0.42 relax=0.00 | all=ret cur=-0.24 thr=0.18 margin=-0.42 relax=0.00; ret10 cur=-0.24 thr=0.24 margin=-0.48; ret10_non_positive cur=-0.24
1772083101.000,042520,MID,52000.0000,0.000,7,3959300,0.161,0.192,0.000,NO_BUY,reject=ret cur=0.00 thr=0.18 margin=-0.18 relax=0.00 | all=ret cur=0.00 thr=0.18 margin=-0.18 relax=0.00; ret10 cur=0.00 thr=0.24 margin=-0.24; ret10_non_positive cur=0.00
1772083102.000,066570,MID,145900.0000,0.000,35,24071200,0.500,0.000,0.000,NO_BUY,reject=ret cur=0.00 thr=0.18 margin=-0.18 relax=0.00 | all=ret cur=0.00 thr=0.18 margin=-0.18 relax=0.00; ret10 cur=0.00 thr=0.24 margin=-0.24; ret10_non_positive cur=0.00
1772083102.000,035720,MID,61600.0000,0.162,36,55259350,0.124,0.162,0.000,NO_BUY,reject=ret cur=0.16 thr=0.18 margin=-0.02 relax=0.00 | all=ret cur=0.16 thr=0.18 margin=-0.02 relax=0.00; ret10 cur=0.16 thr=0.24 margin=-0.08
1772083103.000,005930,MID,215500.0000,0.000,111,559920500,0.471,0.232,0.000,NO_BUY,reject=ret cur=0.00 thr=0.18 margin=-0.18 relax=0.00 | all=ret cur=0.00 thr=0.18 margin=-0.18 relax=0.00; ret10 cur=0.00 thr=0.24 margin=-0.24; ret10_non_positive cur=0.00
1772083103.000,310210,MID,317500.0000,0.000,4,1587500,0.500,0.000,0.000,NO_BUY,reject=ret cur=0.00 thr=0.18 margin=-0.18 relax=0.00 | all=ret cur=0.00 thr=0.18 margin=-0.18 relax=0.00; ticks cur=4 thr=5 margin=-1; ret10 cur=0.00 thr=0.24 margin=-0.24; ret10_non_positive cur=0.00
1772083106.000,187660,MID,17990.0000,-0.167,59,143296070,0.500,0.000,0.000,NO_BUY,reject=ret cur=-0.17 thr=0.18 margin=-0.35 relax=0.00 | all=ret cur=-0.17 thr=0.18 margin=-0.35 relax=0.00; ret10 cur=-0.17 thr=0.24 margin=-0.41; ret10_non_positive cur=-0.17
1772083107.000,035420,MID,260000.0000,0.096,30,145380750,0.474,0.192,0.000,NO_BUY,reject=ret cur=0.10 thr=0.18 margin=-0.08 relax=0.00 | all=ret cur=0.10 thr=0.18 margin=-0.08 relax=0.00; ret10 cur=0.10 thr=0.24 margin=-0.14
1772083107.000,064760,MID,237000.0000,0.000,2,4266000,0.500,0.000,0.000,NO_BUY,reject=ret cur=0.00 thr=0.18 margin=-0.18 relax=0.00 | all=ret cur=0.00 thr=0.18 margin=-0.18 relax=0.00; ticks cur=2 thr=5 margin=-3; ret10 cur=0.00 thr=0.24 margin=-0.24; ret10_non_positive cur=0.00
1772083109.000,039030,MID,415500.0000,0.120,5,3740000,0.089,0.120,0.000,NO_BUY,reject=ret cur=0.12 thr=0.18 margin=-0.06 relax=0.00 | all=ret cur=0.12 thr=0.18 margin=-0.06 relax=0.00; ret10 cur=0.12 thr=0.24 margin=-0.12
1772083112.000,122630,MID,110510.0000,0.023,77,889201737,0.500,0.000,0.000,NO_BUY,reject=ret cur=0.02 thr=0.18 margin=-0.16 relax=0.00 | all=ret cur=0.02 thr=0.18 margin=-0.16 relax=0.00; ret10 cur=0.02 thr=0.24 margin=-0.22
1772083113.000,229200,MID,20965.0000,0.024,36,150120941,0.304,0.024,0.000,NO_BUY,reject=ret cur=0.02 thr=0.18 margin=-0.16 relax=0.00 | all=ret cur=0.02 thr=0.18 margin=-0.16 relax=0.00; ret10 cur=0.02 thr=0.24 margin=-0.22
1772083113.000,005830,MID,208500.0000,0.000,10,20227500,0.153,0.240,0.000,NO_BUY,reject=ret cur=0.00 thr=0.18 margin=-0.18 relax=0.00 | all=ret cur=0.00 thr=0.18 margin=-0.18 relax=0.00; ret10 cur=0.00 thr=0.24 margin=-0.24; ret10_non_positive cur=0.00
1772083113.000,115180,MID,34350.0000,0.000,2,171750,0.500,0.000,0.000,NO_BUY,reject=ret cur=0.00 thr=0.18 margin=-0.18 relax=0.00 | all=ret cur=0.00 thr=0.18 margin=-0.18 relax=0.00; ticks cur=2 thr=5 margin=-3; ret10 cur=0.00 thr=0.24 margin=-0.24; ret10_non_positive cur=0.00
1772083114.000,086520,MID,184900.0000,0.054,19,143602100,0.500,0.000,0.000,NO_BUY,reject=ret cur=0.05 thr=0.18 margin=-0.13 relax=0.00 | all=ret cur=0.05 thr=0.18 margin=-0.13 relax=0.00; ret10 cur=0.05 thr=0.24 margin=-0.19
1772083116.000,002020,MID,71400.0000,-0.140,3,428800,0.500,0.000,0.000,NO_BUY,reject=ret cur=-0.14 thr=0.18 margin=-0.32 relax=0.00 | all=ret cur=-0.14 thr=0.18 margin=-0.32 relax=0.00; ticks cur=3 thr=5 margin=-2; ret10 cur=-0.14 thr=0.24 margin=-0.38; ret10_non_positive cur=-0.14
1772083116.000,377300,MID,68900.0000,0.145,17,9099100,0.500,0.000,0.000,NO_BUY,reject=ret cur=0.15 thr=0.18 margin=-0.03 relax=0.00 | all=ret cur=0.15 thr=0.18 margin=-0.03 relax=0.00; ret10 cur=0.15 thr=0.24 margin=-0.09
1772083117.000,233740,MID,20280.0000,0.074,142,679415950,0.500,0.000,0.000,NO_BUY,reject=ret cur=0.07 thr=0.18 margin=-0.11 relax=0.00 | all=ret cur=0.07 thr=0.18 margin=-0.11 relax=0.00; ret10 cur=0.07 thr=0.24 margin=-0.17
1772083117.000,336260,MID,39550.0000,0.000,16,35786650,0.500,0.000,0.000,NO_BUY,reject=ret cur=0.00 thr=0.18 margin=-0.18 relax=0.00 | all=ret cur=0.00 thr=0.18 margin=-0.18 relax=0.00; ret10 cur=0.00 thr=0.24 margin=-0.24; ret10_non_positive cur=0.00
1772083118.000,396500,MID,34585.0000,0.014,60,126238010,0.500,0.000,0.000,NO_BUY,reject=ret cur=0.01 thr=0.18 margin=-0.17 relax=0.00 | all=ret cur=0.01 thr=0.18 margin=-0.17 relax=0.00; ret10 cur=0.01 thr=0.24 margin=-0.23
1772083120.000,064400,MID,74000.0000,0.000,13,13690000,0.500,0.000,0.000,NO_BUY,reject=ret cur=0.00 thr=0.18 margin=-0.18 relax=0.00 | all=ret cur=0.00 thr=0.18 margin=-0.18 relax=0.00; ret10 cur=0.00 thr=0.24 margin=-0.24; ret10_non_positive cur=0.00
1772083122.000,066570,MID,145900.0000,0.069,28,14585900,0.500,0.000,0.000,NO_BUY,reject=ret cur=0.07 thr=0.18 margin=-0.11 relax=0.00 | all=ret cur=0.07 thr=0.18 margin=-0.11 relax=0.00; ret10 cur=0.07 thr=0.24 margin=-0.17
1772083122.000,035720,MID,61700.0000,0.162,35,80936300,0.125,0.162,0.000,NO_BUY,reject=ret cur=0.16 thr=0.18 margin=-0.02 relax=0.00 | all=ret cur=0.16 thr=0.18 margin=-0.02 relax=0.00; ret10 cur=0.16 thr=0.24 margin=-0.08
1772083122.000,042520,MID,51900.0000,0.193,2,311900,0.210,0.192,0.000,NO_BUY,reject=ticks cur=2 thr=5 margin=-3 | all=ticks cur=2 thr=5 margin=-3; ret10 cur=0.19 thr=0.24 margin=-0.05
1772083122.000,103590,MID,88400.0000,0.000,5,12465400,0.718,0.113,0.000,NO_BUY,reject=ret cur=0.00 thr=0.18 margin=-0.18 relax=0.00 | all=ret cur=0.00 thr=0.18 margin=-0.18 relax=0.00; ret10 cur=0.00 thr=0.24 margin=-0.24; ret10_non_positive cur=0.00
1772083123.000,005930,MID,215500.0000,0.000,117,695530000,0.472,0.232,0.000,NO_BUY,reject=ret cur=0.00 thr=0.18 margin=-0.18 relax=0.00 | all=ret cur=0.00 thr=0.18 margin=-0.18 relax=0.00; ret10 cur=0.00 thr=0.24 margin=-0.24; ret10_non_positive cur=0.00
1772083123.000,294570,MID,33650.0000,0.149,2,16605450,0.500,0.000,0.000,NO_BUY,reject=ret cur=0.15 thr=0.18 margin=-0.03 relax=0.00 | all=ret cur=0.15 thr=0.18 margin=-0.03 relax=0.00; ticks cur=2 thr=5 margin=-3; ret10 cur=0.15 thr=0.24 margin=-0.09
1772083123.000,058470,MID,106400.0000,0.188,5,17026100,0.500,0.000,0.000,NO_BUY,reject=ret10 cur=0.19 thr=0.24 margin=-0.05 | all=ret10 cur=0.19 thr=0.24 margin=-0.05
1772083124.000,036810,MID,41500.0000,0.000,4,1329600,0.500,0.000,0.000,NO_BUY,reject=ret cur=0.00 thr=0.18 margin=-0.18 relax=0.00 | all=ret cur=0.00 thr=0.18 margin=-0.18 relax=0.00; ticks cur=4 thr=5 margin=-1; ret10 cur=0.00 thr=0.24 margin=-0.24; ret10_non_positive cur=0.00
1772083125.000,310210,MID,318500.0000,0.158,11,13329500,0.500,0.000,0.000,NO_BUY,reject=ret cur=0.16 thr=0.18 margin=-0.02 relax=0.00 | all=ret cur=0.16 thr=0.18 margin=-0.02 relax=0.00; ret10 cur=0.16 thr=0.24 margin=-0.08
1772083126.000,187660,MID,17980.0000,0.000,44,122926985,0.500,0.000,0.000,NO_BUY,reject=ret cur=0.00 thr=0.18 margin=-0.18 relax=0.00 | all=ret cur=0.00 thr=0.18 margin=-0.18 relax=0.00; ret10 cur=0.00 thr=0.24 margin=-0.24; ret10_non_positive cur=0.00
1772083127.000,064760,MID,237500.0000,0.000,8,14931500,0.429,0.211,0.000,NO_BUY,reject=ret cur=0.00 thr=0.18 margin=-0.18 relax=0.00 | all=ret cur=0.00 thr=0.18 margin=-0.18 relax=0.00; ret10 cur=0.00 thr=0.24 margin=-0.24; ret10_non_positive cur=0.00
1772083127.000,035420,MID,260000.0000,0.096,24,20027500,0.476,0.192,0.000,NO_BUY,reject=ret cur=0.10 thr=0.18 margin=-0.08 relax=0.00 | all=ret cur=0.10 thr=0.18 margin=-0.08 relax=0.00; ret10 cur=0.10 thr=0.24 margin=-0.14
1772083132.000,039030,MID,416000.0000,0.000,7,56993000,0.082,0.120,0.000,NO_BUY,reject=ret cur=0.00 thr=0.18 margin=-0.18 relax=0.00 | all=ret cur=0.00 thr=0.18 margin=-0.18 relax=0.00; ret10 cur=0.00 thr=0.24 margin=-0.24; ret10_non_positive cur=0.00
1772083132.000,122630,MID,110545.0000,-0.009,128,1918495555,0.500,0.000,0.000,NO_BUY,reject=ret cur=-0.01 thr=0.18 margin=-0.19 relax=0.00 | all=ret cur=-0.01 thr=0.18 margin=-0.19 relax=0.00; ret10 cur=-0.01 thr=0.24 margin=-0.25; ret10_non_positive cur=-0.01
1772083133.000,229200,MID,20975.0000,0.048,36,48821000,0.310,0.024,0.000,NO_BUY,reject=ret cur=0.05 thr=0.18 margin=-0.13 relax=0.00 | all=ret cur=0.05 thr=0.18 margin=-0.13 relax=0.00; ret10 cur=0.05 thr=0.24 margin=-0.19
1772083133.000,005830,MID,208000.0000,0.000,9,15562500,0.140,0.241,0.000,NO_BUY,reject=ret cur=0.00 thr=0.18 margin=-0.18 relax=0.00 | all=ret cur=0.00 thr=0.18 margin=-0.18 relax=0.00; ret10 cur=0.00 thr=0.24 margin=-0.24; ret10_non_positive cur=0.00
1772083134.000,086520,MID,184900.0000,0.000,24,42344900,0.500,0.000,0.000,NO_BUY,reject=ret cur=0.00 thr=0.18 margin=-0.18 relax=0.00 | all=ret cur=0.00 thr=0.18 margin=-0.18 relax=0.00; ret10 cur=0.00 thr=0.24 margin=-0.24; ret10_non_positive cur=0.00
1772083134.000,115180,MID,34300.0000,0.000,2,102900,0.500,0.000,0.000,NO_BUY,reject=ret cur=0.00 thr=0.18 margin=-0.18 relax=0.00 | all=ret cur=0.00 thr=0.18 margin=-0.18 relax=0.00; ticks cur=2 thr=5 margin=-3; ret10 cur=0.00 thr=0.24 margin=-0.24; ret10_non_positive cur=0.00
1772083136.000,002020,MID,71400.0000,0.000,8,9853300,0.500,0.000,0.000,NO_BUY,reject=ret cur=0.00 thr=0.18 margin=-0.18 relax=0.00 | all=ret cur=0.00 thr=0.18 margin=-0.18 relax=0.00; ret10 cur=0.00 thr=0.24 margin=-0.24; ret10_non_positive cur=0.00
1772083137.000,233740,MID,20280.0000,0.025,70,318959495,0.500,0.000,0.000,NO_BUY,reject=ret cur=0.02 thr=0.18 margin=-0.16 relax=0.00 | all=ret cur=0.02 thr=0.18 margin=-0.16 relax=0.00; ret10 cur=0.02 thr=0.24 margin=-0.22
1772083137.000,377300,MID,69000.0000,0.000,11,6339600,0.500,0.000,0.000,NO_BUY,reject=ret cur=0.00 thr=0.18 margin=-0.18 relax=0.00 | all=ret cur=0.00 thr=0.18 margin=-0.18 relax=0.00; ret10 cur=0.00 thr=0.24 margin=-0.24; ret10_non_positive cur=0.00
1772083138.000,396500,MID,34595.0000,0.043,49,120595810,0.500,0.000,0.000,NO_BUY,reject=ret cur=0.04 thr=0.18 margin=-0.14 relax=0.00 | all=ret cur=0.04 thr=0.18 margin=-0.14 relax=0.00; ret10 cur=0.04 thr=0.24 margin=-0.20
1772083140.000,064400,MID,74000.0000,0.135,15,11764900,0.500,0.000,0.000,NO_BUY,reject=ret cur=0.14 thr=0.18 margin=-0.04 relax=0.00 | all=ret cur=0.14 thr=0.18 margin=-0.04 relax=0.00; ret10 cur=0.14 thr=0.24 margin=-0.10
1772083140.000,336260,MID,39500.0000,0.000,5,14199550,0.500,0.000,0.000,NO_BUY,reject=ret cur=0.00 thr=0.18 margin=-0.18 relax=0.00 | all=ret cur=0.00 thr=0.18 margin=-0.18 relax=0.00; ret10 cur=0.00 thr=0.24 margin=-0.24; ret10_non_positive cur=0.00
1772083142.000,066570,MID,145900.0000,-0.069,24,41427000,0.500,0.000,0.000,NO_BUY,reject=ret cur=-0.07 thr=0.18 margin=-0.25 relax=0.00 | all=ret cur=-0.07 thr=0.18 margin=-0.25 relax=0.00; ret10 cur=-0.07 thr=0.24 margin=-0.31; ret10_non_positive cur=-0.07
1772083142.000,035720,MID,61700.0000,0.000,35,16888200,0.127,0.162,0.000,NO_BUY,reject=ret cur=0.00 thr=0.18 margin=-0.18 relax=0.00 | all=ret cur=0.00 thr=0.18 margin=-0.18 relax=0.00; ret10 cur=0.00 thr=0.24 margin=-0.24; ret10_non_positive cur=0.00
1772083142.000,103590,MID,88400.0000,0.000,8,25629900,0.747,0.113,0.000,NO_BUY,reject=ret cur=0.00 thr=0.18 margin=-0.18 relax=0.00 | all=ret cur=0.00 thr=0.18 margin=-0.18 relax=0.00; ret10 cur=0.00 thr=0.24 margin=-0.24; ret10_non_positive cur=0.00
1772083143.000,005930,MID,215500.0000,0.000,131,832349000,0.471,0.232,0.000,NO_BUY,reject=ret cur=0.00 thr=0.18 margin=-0.18 relax=0.00 | all=ret cur=0.00 thr=0.18 margin=-0.18 relax=0.00; ret10 cur=0.00 thr=0.24 margin=-0.24; ret10_non_positive cur=0.00
1772083143.000,042520,MID,51900.0000,0.000,6,3430100,0.218,0.193,0.000,NO_BUY,reject=ret cur=0.00 thr=0.18 margin=-0.18 relax=0.00 | all=ret cur=0.00 thr=0.18 margin=-0.18 relax=0.00; ret10 cur=0.00 thr=0.24 margin=-0.24; ret10_non_positive cur=0.00
1772083144.000,036810,MID,41500.0000,0.000,7,4070400,0.500,0.000,0.000,NO_BUY,reject=ret cur=0.00 thr=0.18 margin=-0.18 relax=0.00 | all=ret cur=0.00 thr=0.18 margin=-0.18 relax=0.00; ret10 cur=0.00 thr=0.24 margin=-0.24; ret10_non_positive cur=0.00
1772083144.000,058470,MID,106400.0000,0.000,15,10533750,0.500,0.000,0.000,NO_BUY,reject=ret cur=0.00 thr=0.18 margin=-0.18 relax=0.00 | all=ret cur=0.00 thr=0.18 margin=-0.18 relax=0.00; ret10 cur=0.00 thr=0.24 margin=-0.24; ret10_non_positive cur=0.00
1772083146.000,310210,MID,317500.0000,-0.157,4,2860500,0.500,0.000,0.000,NO_BUY,reject=ret cur=-0.16 thr=0.18 margin=-0.34 relax=0.00 | all=ret cur=-0.16 thr=0.18 margin=-0.34 relax=0.00; ticks cur=4 thr=5 margin=-1; ret10 cur=-0.16 thr=0.24 margin=-0.40; ret10_non_positive cur=-0.16
1772083146.000,187660,MID,18040.0000,0.000,30,64532090,0.500,0.000,0.000,NO_BUY,reject=ret cur=0.00 thr=0.18 margin=-0.18 relax=0.00 | all=ret cur=0.00 thr=0.18 margin=-0.18 relax=0.00; ret10 cur=0.00 thr=0.24 margin=-0.24; ret10_non_positive cur=0.00
1772083147.000,035420,MID,260000.0000,0.192,27,23150500,0.475,0.192,0.000,NO_BUY,reject=ret10 cur=0.19 thr=0.24 margin=-0.05 | all=ret10 cur=0.19 thr=0.24 margin=-0.05
1772083148.000,064760,MID,237000.0000,0.000,7,8283500,0.500,0.000,0.000,NO_BUY,reject=ret cur=0.00 thr=0.18 margin=-0.18 relax=0.00 | all=ret cur=0.00 thr=0.18 margin=-0.18 relax=0.00; ret10 cur=0.00 thr=0.24 margin=-0.24; ret10_non_positive cur=0.00
1772083152.000,122630,MID,110590.0000,0.036,116,1217499660,0.500,0.000,0.000,NO_BUY,reject=ret cur=0.04 thr=0.18 margin=-0.14 relax=0.00 | all=ret cur=0.04 thr=0.18 margin=-0.14 relax=0.00; ret10 cur=0.04 thr=0.24 margin=-0.20
1772083153.000,005830,MID,208500.0000,0.240,6,2498500,0.146,0.481,0.000,NO_BUY,pullback_wait cur=208500.00 peak=208500.00 pb_thr=208083.00 reb_thr=208395.75 pulled=0
1772083153.000,039030,MID,416500.0000,0.000,8,8320500,0.092,0.120,0.000,NO_BUY,reject=ret cur=0.00 thr=0.18 margin=-0.18 relax=0.00 | all=ret cur=0.00 thr=0.18 margin=-0.18 relax=0.00; ret10 cur=0.00 thr=0.24 margin=-0.24; ret10_non_positive cur=0.00
1772083153.000,229200,MID,20980.0000,0.024,48,277589960,0.326,0.024,0.000,NO_BUY,reject=ret cur=0.02 thr=0.18 margin=-0.16 relax=0.00 | all=ret cur=0.02 thr=0.18 margin=-0.16 relax=0.00; ret10 cur=0.02 thr=0.24 margin=-0.22
1772083156.000,086520,MID,185000.0000,0.000,23,136527600,0.500,0.000,0.000,NO_BUY,reject=ret cur=0.00 thr=0.18 margin=-0.18 relax=0.00 | all=ret cur=0.00 thr=0.18 margin=-0.18 relax=0.00; ret10 cur=0.00 thr=0.24 margin=-0.24; ret10_non_positive cur=0.00
1772083157.000,233740,MID,20297.0000,0.039,112,1487882373,0.500,0.000,0.000,NO_BUY,reject=ret cur=0.04 thr=0.18 margin=-0.14 relax=0.00 | all=ret cur=0.04 thr=0.18 margin=-0.14 relax=0.00; ret10 cur=0.04 thr=0.24 margin=-0.20
1772083157.000,377300,MID,68900.0000,0.145,15,21286200,0.500,0.000,0.000,NO_BUY,reject=ret cur=0.15 thr=0.18 margin=-0.03 relax=0.00 | all=ret cur=0.15 thr=0.18 margin=-0.03 relax=0.00; ret10 cur=0.15 thr=0.24 margin=-0.09
1772083157.000,002020,MID,71400.0000,0.000,10,5637300,0.500,0.000,0.000,NO_BUY,reject=ret cur=0.00 thr=0.18 margin=-0.18 relax=0.00 | all=ret cur=0.00 thr=0.18 margin=-0.18 relax=0.00; ret10 cur=0.00 thr=0.24 margin=-0.24; ret10_non_positive cur=0.00
1772083158.000,396500,MID,34610.0000,0.043,59,402239130,0.500,0.000,0.000,NO_BUY,reject=ret cur=0.04 thr=0.18 margin=-0.14 relax=0.00 | all=ret cur=0.04 thr=0.18 margin=-0.14 relax=0.00; ret10 cur=0.04 thr=0.24 margin=-0.20
1772083160.000,336260,MID,39550.0000,-0.126,6,1897350,0.500,0.000,0.000,NO_BUY,reject=ret cur=-0.13 thr=0.18 margin=-0.31 relax=0.00 | all=ret cur=-0.13 thr=0.18 margin=-0.31 relax=0.00; ret10 cur=-0.13 thr=0.24 margin=-0.37; ret10_non_positive cur=-0.13
1772083162.000,103590,MID,88400.0000,0.000,5,10519600,0.500,0.000,0.000,NO_BUY,reject=ret cur=0.00 thr=0.18 margin=-0.18 relax=0.00 | all=ret cur=0.00 thr=0.18 margin=-0.18 relax=0.00; ret10 cur=0.00 thr=0.24 margin=-0.24; ret10_non_positive cur=0.00
1772083162.000,064400,MID,73900.0000,-0.135,13,11086600,0.500,0.000,0.000,NO_BUY,reject=ret cur=-0.14 thr=0.18 margin=-0.32 relax=0.00 | all=ret cur=-0.14 thr=0.18 margin=-0.32 relax=0.00; ret10 cur=-0.14 thr=0.24 margin=-0.38; ret10_non_positive cur=-0.14
1772083162.000,066570,MID,145900.0000,0.069,47,97488500,0.500,0.000,0.000,NO_BUY,reject=ret cur=0.07 thr=0.18 margin=-0.11 relax=0.00 | all=ret cur=0.07 thr=0.18 margin=-0.11 relax=0.00; ret10 cur=0.07 thr=0.24 margin=-0.17
1772083162.000,035720,MID,61600.0000,0.000,36,43734950,0.124,0.162,0.000,NO_BUY,reject=ret cur=0.00 thr=0.18 margin=-0.18 relax=0.00 | all=ret cur=0.00 thr=0.18 margin=-0.18 relax=0.00; ret10 cur=0.00 thr=0.24 margin=-0.24; ret10_non_positive cur=0.00
1772083163.000,005930,MID,215250.0000,0.000,134,3434024250,0.472,0.232,0.000,NO_BUY,reject=ret cur=0.00 thr=0.18 margin=-0.18 relax=0.00 | all=ret cur=0.00 thr=0.18 margin=-0.18 relax=0.00; ret10 cur=0.00 thr=0.24 margin=-0.24; ret10_non_positive cur=0.00
1772083164.000,042520,MID,51900.0000,0.193,2,518100,0.226,0.385,0.000,NO_BUY,reject=ticks cur=2 thr=5 margin=-3 | all=ticks cur=2 thr=5 margin=-3; ret10 cur=0.19 thr=0.24 margin=-0.05
1772083164.000,036810,MID,41600.0000,0.000,17,8444350,0.500,0.000,0.000,NO_BUY,reject=ret cur=0.00 thr=0.18 margin=-0.18 relax=0.00 | all=ret cur=0.00 thr=0.18 margin=-0.18 relax=0.00; ret10 cur=0.00 thr=0.24 margin=-0.24; ret10_non_positive cur=0.00
1772083166.000,187660,MID,18140.0000,0.276,69,140089580,0.500,0.000,0.000,NO_BUY,pullback_wait cur=18140.00 peak=18150.00 pb_thr=18113.70 reb_thr=18140.92 pulled=0
1772083167.000,035420,MID,260000.0000,-0.192,31,47613000,0.475,0.192,0.000,NO_BUY,reject=ret cur=-0.19 thr=0.18 margin=-0.37 relax=0.00 | all=ret cur=-0.19 thr=0.18 margin=-0.37 relax=0.00; ret10 cur=-0.19 thr=0.24 margin=-0.43; ret10_non_positive cur=-0.19
1772083167.000,310210,MID,318000.0000,0.315,8,7323000,0.500,0.000,0.000,NO_BUY,confirm_wait 0.1s
1772083170.000,009900,MID,11320.0000,0.088,2,701820,0.500,0.000,0.000,NO_BUY,reject=ret cur=0.09 thr=0.18 margin=-0.09 relax=0.00 | all=ret cur=0.09 thr=0.18 margin=-0.09 relax=0.00; ticks cur=2 thr=5 margin=-3; ret10 cur=0.09 thr=0.24 margin=-0.15
1772083172.000,064760,MID,236500.0000,-0.211,2,2606500,0.497,0.211,0.000,NO_BUY,reject=ret cur=-0.21 thr=0.18 margin=-0.39 relax=0.00 | all=ret cur=-0.21 thr=0.18 margin=-0.39 relax=0.00; ticks cur=2 thr=5 margin=-3; ret10 cur=-0.21 thr=0.24 margin=-0.45; ret10_non_positive cur=-0.21
1772083172.000,122630,MID,110585.0000,0.027,23,198577970,0.500,0.000,0.000,NO_BUY,reject=ret cur=0.03 thr=0.18 margin=-0.15 relax=0.00 | all=ret cur=0.03 thr=0.18 margin=-0.15 relax=0.00; ret10 cur=0.03 thr=0.24 margin=-0.21
1772083173.000,229200,MID,20980.0000,0.024,257,2052850435,0.500,0.000,0.000,NO_BUY,reject=ret cur=0.02 thr=0.18 margin=-0.16 relax=0.00 | all=ret cur=0.02 thr=0.18 margin=-0.16 relax=0.00; ret10 cur=0.02 thr=0.24 margin=-0.22
1772083173.000,005830,MID,207500.0000,0.000,13,28702000,0.147,0.241,0.000,NO_BUY,reject=ret cur=0.00 thr=0.18 margin=-0.18 relax=0.00 | all=ret cur=0.00 thr=0.18 margin=-0.18 relax=0.00; ret10 cur=0.00 thr=0.24 margin=-0.24; ret10_non_positive cur=0.00
1772083174.000,115180,MID,34250.0000,0.000,2,445250,0.500,0.000,0.000,NO_BUY,reject=ret cur=0.00 thr=0.18 margin=-0.18 relax=0.00 | all=ret cur=0.00 thr=0.18 margin=-0.18 relax=0.00; ticks cur=2 thr=5 margin=-3; ret10 cur=0.00 thr=0.24 margin=-0.24; ret10_non_positive cur=0.00
1772083175.000,039030,MID,416000.0000,0.000,4,12494000,0.095,0.120,0.000,NO_BUY,reject=ret cur=0.00 thr=0.18 margin=-0.18 relax=0.00 | all=ret cur=0.00 thr=0.18 margin=-0.18 relax=0.00; ticks cur=4 thr=5 margin=-1; ret10 cur=0.00 thr=0.24 margin=-0.24; ret10_non_positive cur=0.00
1772083176.000,086520,MID,185100.0000,-0.027,17,24245450,0.500,0.000,0.000,NO_BUY,reject=ret cur=-0.03 thr=0.18 margin=-0.21 relax=0.00 | all=ret cur=-0.03 thr=0.18 margin=-0.21 relax=0.00; ret10 cur=-0.03 thr=0.24 margin=-0.27; ret10_non_positive cur=-0.03
1772083177.000,233740,MID,20305.0000,0.000,277,877522022,0.500,0.000,0.000,NO_BUY,reject=ret cur=0.00 thr=0.18 margin=-0.18 relax=0.00 | all=ret cur=0.00 thr=0.18 margin=-0.18 relax=0.00; ret10 cur=0.00 thr=0.24 margin=-0.24; ret10_non_positive cur=0.00
1772083177.000,294570,MID,33600.0000,-0.149,2,4878650,0.500,0.000,0.000,NO_BUY,reject=ret cur=-0.15 thr=0.18 margin=-0.33 relax=0.00 | all=ret cur=-0.15 thr=0.18 margin=-0.33 relax=0.00; ticks cur=2 thr=5 margin=-3; ret10 cur=-0.15 thr=0.24 margin=-0.39; ret10_non_positive cur=-0.15
1772083178.000,396500,MID,34605.0000,0.000,61,325977690,0.500,0.000,0.000,NO_BUY,reject=ret cur=0.00 thr=0.18 margin=-0.18 relax=0.00 | all=ret cur=0.00 thr=0.18 margin=-0.18 relax=0.00; ret10 cur=0.00 thr=0.24 margin=-0.24; ret10_non_positive cur=0.00
1772083178.000,377300,MID,69000.0000,0.145,14,7443000,0.500,0.000,0.000,NO_BUY,reject=ret cur=0.15 thr=0.18 margin=-0.03 relax=0.00 | all=ret cur=0.15 thr=0.18 margin=-0.03 relax=0.00; ret10 cur=0.15 thr=0.24 margin=-0.09
1772083178.000,002020,MID,71000.0000,-0.281,9,13353300,0.500,0.000,0.000,NO_BUY,reject=ret cur=-0.28 thr=0.18 margin=-0.46 relax=0.00 | all=ret cur=-0.28 thr=0.18 margin=-0.46 relax=0.00; ret10 cur=-0.28 thr=0.24 margin=-0.52; ret10_non_positive cur=-0.28
1772083180.000,336260,MID,39550.0000,0.000,8,5181050,0.500,0.000,0.000,NO_BUY,reject=ret cur=0.00 thr=0.18 margin=-0.18 relax=0.00 | all=ret cur=0.00 thr=0.18 margin=-0.18 relax=0.00; ret10 cur=0.00 thr=0.24 margin=-0.24; ret10_non_positive cur=0.00
1772083182.000,035720,MID,61700.0000,0.162,39,75071100,0.127,0.162,0.000,NO_BUY,reject=ret cur=0.16 thr=0.18 margin=-0.02 relax=0.00 | all=ret cur=0.16 thr=0.18 margin=-0.02 relax=0.00; ret10 cur=0.16 thr=0.24 margin=-0.08
1772083182.000,066570,MID,145900.0000,0.000,40,122910150,0.500,0.000,0.000,NO_BUY,reject=ret cur=0.00 thr=0.18 margin=-0.18 relax=0.00 | all=ret cur=0.00 thr=0.18 margin=-0.18 relax=0.00; ret10 cur=0.00 thr=0.24 margin=-0.24; ret10_non_positive cur=0.00
1772083182.000,103590,MID,88400.0000,0.113,3,1149000,0.746,0.113,0.000,NO_BUY,reject=ret cur=0.11 thr=0.18 margin=-0.07 relax=0.00 | all=ret cur=0.11 thr=0.18 margin=-0.07 relax=0.00; ticks cur=3 thr=5 margin=-2; ret10 cur=0.11 thr=0.24 margin=-0.13
1772083183.000,005930,MID,215000.0000,-0.232,137,585381250,0.470,0.232,0.000,NO_BUY,reject=ret cur=-0.23 thr=0.18 margin=-0.41 relax=0.00 | all=ret cur=-0.23 thr=0.18 margin=-0.41 relax=0.00; ret10 cur=-0.23 thr=0.24 margin=-0.47; ret10_non_positive cur=-0.23
1772083186.000,187660,MID,18060.0000,-0.715,103,340402225,0.500,0.000,0.000,NO_BUY,reject=ret cur=-0.71 thr=0.18 margin=-0.89 relax=0.00 | all=ret cur=-0.71 thr=0.18 margin=-0.89 relax=0.00; ret10 cur=-0.71 thr=0.24 margin=-0.95; ret10_non_positive cur=-0.71
1772083186.000,064400,MID,73900.0000,0.000,4,739600,0.500,0.000,0.000,NO_BUY,reject=ret cur=0.00 thr=0.18 margin=-0.18 relax=0.00 | all=ret cur=0.00 thr=0.18 margin=-0.18 relax=0.00; ticks cur=4 thr=5 margin=-1; ret10 cur=0.00 thr=0.24 margin=-0.24; ret10_non_positive cur=0.00
1772083187.000,035420,MID,260000.0000,0.000,40,58034750,0.476,0.192,0.000,NO_BUY,reject=ret cur=0.00 thr=0.18 margin=-0.18 relax=0.00 | all=ret cur=0.00 thr=0.18 margin=-0.18 relax=0.00; ret10 cur=0.00 thr=0.24 margin=-0.24; ret10_non_positive cur=0.00
1772083189.000,058470,MID,106500.0000,0.000,4,7987500,0.500,0.000,0.000,NO_BUY,reject=ret cur=0.00 thr=0.18 margin=-0.18 relax=0.00 | all=ret cur=0.00 thr=0.18 margin=-0.18 relax=0.00; ticks cur=4 thr=5 margin=-1; ret10 cur=0.00 thr=0.24 margin=-0.24; ret10_non_positive cur=0.00
1772083190.000,042520,MID,51900.0000,0.000,4,1245600,0.226,0.192,0.000,NO_BUY,reject=ret cur=0.00 thr=0.18 margin=-0.18 relax=0.00 | all=ret cur=0.00 thr=0.18 margin=-0.18 relax=0.00; ticks cur=4 thr=5 margin=-1; ret10 cur=0.00 thr=0.24 margin=-0.24; ret10_non_positive cur=0.00
1772083191.000,036810,MID,41600.0000,-0.120,2,2207300,0.500,0.000,0.000,NO_BUY,reject=ret cur=-0.12 thr=0.18 margin=-0.30 relax=0.00 | all=ret cur=-0.12 thr=0.18 margin=-0.30 relax=0.00; ticks cur=2 thr=5 margin=-3; ret10 cur=-0.12 thr=0.24 margin=-0.36; ret10_non_positive cur=-0.12
1772083192.000,122630,MID,110575.0000,0.009,43,334749446,0.500,0.000,0.000,NO_BUY,reject=ret cur=0.01 thr=0.18 margin=-0.17 relax=0.00 | all=ret cur=0.01 thr=0.18 margin=-0.17 relax=0.00; ret10 cur=0.01 thr=0.24 margin=-0.23
1772083192.000,064760,MID,236000.0000,-0.422,7,27658000,0.499,0.212,0.000,NO_BUY,reject=ret cur=-0.42 thr=0.18 margin=-0.60 relax=0.00 | all=ret cur=-0.42 thr=0.18 margin=-0.60 relax=0.00; ret10 cur=-0.42 thr=0.24 margin=-0.66; ret10_non_positive cur=-0.42
1772083193.000,229200,MID,20980.0000,0.000,88,226770185,0.500,0.000,0.000,NO_BUY,reject=ret cur=0.00 thr=0.18 margin=-0.18 relax=0.00 | all=ret cur=0.00 thr=0.18 margin=-0.18 relax=0.00; ret10 cur=0.00 thr=0.24 margin=-0.24; ret10_non_positive cur=0.00
1772083193.000,005830,MID,208000.0000,-0.240,14,32216000,0.147,0.241,0.000,NO_BUY,reject=ret cur=-0.24 thr=0.18 margin=-0.42 relax=0.00 | all=ret cur=-0.24 thr=0.18 margin=-0.42 relax=0.00; ret10 cur=-0.24 thr=0.24 margin=-0.48; ret10_non_positive cur=-0.24
1772083194.000,115180,MID,34250.0000,-0.146,5,4714300,0.500,0.000,0.000,NO_BUY,reject=ret cur=-0.15 thr=0.18 margin=-0.33 relax=0.00 | all=ret cur=-0.15 thr=0.18 margin=-0.33 relax=0.00; ret10 cur=-0.15 thr=0.24 margin=-0.39; ret10_non_positive cur=-0.15
1772083196.000,039030,MID,415500.0000,0.000,9,124384000,0.090,0.120,0.000,NO_BUY,reject=ret cur=0.00 thr=0.18 margin=-0.18 relax=0.00 | all=ret cur=0.00 thr=0.18 margin=-0.18 relax=0.00; ret10 cur=0.00 thr=0.24 margin=-0.24; ret10_non_positive cur=0.00
1772083197.000,233740,MID,20290.0000,-0.049,92,431186590,0.500,0.000,0.000,NO_BUY,reject=ret cur=-0.05 thr=0.18 margin=-0.23 relax=0.00 | all=ret cur=-0.05 thr=0.18 margin=-0.23 relax=0.00; ret10 cur=-0.05 thr=0.24 margin=-0.29; ret10_non_positive cur=-0.05
1772083197.000,086520,MID,185000.0000,0.000,24,37390200,0.500,0.000,0.000,NO_BUY,reject=ret cur=0.00 thr=0.18 margin=-0.18 relax=0.00 | all=ret cur=0.00 thr=0.18 margin=-0.18 relax=0.00; ret10 cur=0.00 thr=0.24 margin=-0.24; ret10_non_positive cur=0.00
1772083198.000,377300,MID,68900.0000,-0.145,10,19364100,0.500,0.000,0.000,NO_BUY,reject=ret cur=-0.14 thr=0.18 margin=-0.32 relax=0.00 | all=ret cur=-0.14 thr=0.18 margin=-0.32 relax=0.00; ret10 cur=-0.14 thr=0.24 margin=-0.38; ret10_non_positive cur=-0.14
1772083198.000,396500,MID,34600.0000,0.014,78,469236770,0.500,0.000,0.000,NO_BUY,reject=ret cur=0.01 thr=0.18 margin=-0.17 relax=0.00 | all=ret cur=0.01 thr=0.18 margin=-0.17 relax=0.00; ret10 cur=0.01 thr=0.24 margin=-0.23
1772083199.000,294570,MID,33700.0000,-0.148,2,3398700,0.500,0.000,0.000,NO_BUY,reject=ret cur=-0.15 thr=0.18 margin=-0.33 relax=0.00 | all=ret cur=-0.15 thr=0.18 margin=-0.33 relax=0.00; ticks cur=2 thr=5 margin=-3; ret10 cur=-0.15 thr=0.24 margin=-0.39; ret10_non_positive cur=-0.15
1772083199.000,002020,MID,71200.0000,0.140,12,7192300,0.500,0.000,0.000,NO_BUY,reject=ret cur=0.14 thr=0.18 margin=-0.04 relax=0.00 | all=ret cur=0.14 thr=0.18 margin=-0.04 relax=0.00; ret10 cur=0.14 thr=0.24 margin=-0.10
1772083200.000,336260,MID,39550.0000,0.126,7,30732350,0.500,0.000,0.000,NO_BUY,reject=ret cur=0.13 thr=0.18 margin=-0.05 relax=0.00 | all=ret cur=0.13 thr=0.18 margin=-0.05 relax=0.00; ret10 cur=0.13 thr=0.24 margin=-0.11
1772083200.000,304360,MID,38250.0000,-0.131,2,880850,0.500,0.000,0.000,NO_BUY,reject=ret cur=-0.13 thr=0.18 margin=-0.31 relax=0.00 | all=ret cur=-0.13 thr=0.18 margin=-0.31 relax=0.00; ticks cur=2 thr=5 margin=-3; ret10 cur=-0.13 thr=0.24 margin=-0.37; ret10_non_positive cur=-0.13
1772083201.000,310210,MID,318000.0000,-0.157,2,2225500,0.500,0.000,0.000,NO_BUY,reject=ret cur=-0.16 thr=0.18 margin=-0.34 relax=0.00 | all=ret cur=-0.16 thr=0.18 margin=-0.34 relax=0.00; ticks cur=2 thr=5 margin=-3; ret10 cur=-0.16 thr=0.24 margin=-0.40; ret10_non_positive cur=-0.16
1772083202.000,066570,MID,146000.0000,0.000,41,84130200,0.500,0.000,0.000,NO_BUY,reject=ret cur=0.00 thr=0.18 margin=-0.18 relax=0.00 | all=ret cur=0.00 thr=0.18 margin=-0.18 relax=0.00; ret10 cur=0.00 thr=0.24 margin=-0.24; ret10_non_positive cur=0.00
1772083202.000,124500,MID,60800.0000,0.000,2,243600,0.500,0.000,0.000,NO_BUY,reject=ret cur=0.00 thr=0.18 margin=-0.18 relax=0.00 | all=ret cur=0.00 thr=0.18 margin=-0.18 relax=0.00; ticks cur=2 thr=5 margin=-3; ret10 cur=0.00 thr=0.24 margin=-0.24; ret10_non_positive cur=0.00
1772083202.000,035720,MID,61600.0000,-0.162,35,376154200,0.140,0.162,0.000,NO_BUY,reject=ret cur=-0.16 thr=0.18 margin=-0.34 relax=0.00 | all=ret cur=-0.16 thr=0.18 margin=-0.34 relax=0.00; ret10 cur=-0.16 thr=0.24 margin=-0.40; ret10_non_positive cur=-0.16
1772083203.000,005930,MID,215250.0000,-0.116,154,2043588000,0.469,0.232,0.000,NO_BUY,reject=ret cur=-0.12 thr=0.18 margin=-0.30 relax=0.00 | all=ret cur=-0.12 thr=0.18 margin=-0.30 relax=0.00; ret10 cur=-0.12 thr=0.24 margin=-0.36; ret10_non_positive cur=-0.12
1772083206.000,187660,MID,18090.0000,0.055,34,36137060,0.500,0.000,0.000,NO_BUY,reject=ret cur=0.06 thr=0.18 margin=-0.12 relax=0.00 | all=ret cur=0.06 thr=0.18 margin=-0.12 relax=0.00; ret10 cur=0.06 thr=0.24 margin=-0.18
1772083206.000,064400,MID,73900.0000,-0.135,8,51132100,0.500,0.000,0.000,NO_BUY,reject=ret cur=-0.14 thr=0.18 margin=-0.32 relax=0.00 | all=ret cur=-0.14 thr=0.18 margin=-0.32 relax=0.00; ret10 cur=-0.14 thr=0.24 margin=-0.38; ret10_non_positive cur=-0.14
1772083207.000,035420,MID,260000.0000,0.000,28,22625250,0.474,0.192,0.000,NO_BUY,reject=ret cur=0.00 thr=0.18 margin=-0.18 relax=0.00 | all=ret cur=0.00 thr=0.18 margin=-0.18 relax=0.00; ret10 cur=0.00 thr=0.24 margin=-0.24; ret10_non_positive cur=0.00
1772083208.000,103590,MID,88400.0000,-0.057,2,1237650,0.731,0.113,0.000,NO_BUY,reject=ret cur=-0.06 thr=0.18 margin=-0.24 relax=0.00 | all=ret cur=-0.06 thr=0.18 margin=-0.24 relax=0.00; ticks cur=2 thr=5 margin=-3; ret10 cur=-0.06 thr=0.24 margin=-0.30; ret10_non_positive cur=-0.06
1772083209.000,058470,MID,106400.0000,-0.094,25,120032500,0.500,0.000,0.000,NO_BUY,reject=ret cur=-0.09 thr=0.18 margin=-0.27 relax=0.00 | all=ret cur=-0.09 thr=0.18 margin=-0.27 relax=0.00; ret10 cur=-0.09 thr=0.24 margin=-0.33; ret10_non_positive cur=-0.09
1772083210.000,042520,MID,51900.0000,0.000,6,7383200,0.226,0.192,0.000,NO_BUY,reject=ret cur=0.00 thr=0.18 margin=-0.18 relax=0.00 | all=ret cur=0.00 thr=0.18 margin=-0.18 relax=0.00; ret10 cur=0.00 thr=0.24 margin=-0.24; ret10_non_positive cur=0.00
1772083212.000,122630,MID,110580.0000,-0.018,104,1078079945,0.500,0.000,0.000,NO_BUY,reject=ret cur=-0.02 thr=0.18 margin=-0.20 relax=0.00 | all=ret cur=-0.02 thr=0.18 margin=-0.20 relax=0.00; ret10 cur=-0.02 thr=0.24 margin=-0.26; ret10_non_positive cur=-0.02
1772083213.000,229200,MID,20975.0000,0.000,44,110774070,0.500,0.000,0.000,NO_BUY,reject=ret cur=0.00 thr=0.18 margin=-0.18 relax=0.00 | all=ret cur=0.00 thr=0.18 margin=-0.18 relax=0.00; ret10 cur=0.00 thr=0.24 margin=-0.24; ret10_non_positive cur=0.00
1772083213.000,064760,MID,236500.0000,-0.422,2,2842000,0.504,0.212,0.000,NO_BUY,reject=ret cur=-0.42 thr=0.18 margin=-0.60 relax=0.00 | all=ret cur=-0.42 thr=0.18 margin=-0.60 relax=0.00; ticks cur=2 thr=5 margin=-3; ret10 cur=-0.42 thr=0.24 margin=-0.66; ret10_non_positive cur=-0.42
1772083215.000,005830,MID,208000.0000,0.241,6,11019000,0.500,0.000,0.000,NO_BUY,confirm_wait 0.1s
1772083216.000,039030,MID,417000.0000,-0.120,8,4585000,0.083,0.120,0.000,NO_BUY,reject=ret cur=-0.12 thr=0.18 margin=-0.30 relax=0.00 | all=ret cur=-0.12 thr=0.18 margin=-0.30 relax=0.00; ret10 cur=-0.12 thr=0.24 margin=-0.36; ret10_non_positive cur=-0.12
1772083217.000,086520,MID,185100.0000,0.000,20,125868400,0.500,0.000,0.000,NO_BUY,reject=ret cur=0.00 thr=0.18 margin=-0.18 relax=0.00 | all=ret cur=0.00 thr=0.18 margin=-0.18 relax=0.00; ret10 cur=0.00 thr=0.24 margin=-0.24; ret10_non_positive cur=0.00
1772083217.000,233740,MID,20297.0000,0.025,134,1102935130,0.500,0.000,0.000,NO_BUY,reject=ret cur=0.02 thr=0.18 margin=-0.16 relax=0.00 | all=ret cur=0.02 thr=0.18 margin=-0.16 relax=0.00; ret10 cur=0.02 thr=0.24 margin=-0.22
1772083218.000,377300,MID,68800.0000,-0.290,13,3651100,0.500,0.000,0.000,NO_BUY,reject=ret cur=-0.29 thr=0.18 margin=-0.47 relax=0.00 | all=ret cur=-0.29 thr=0.18 margin=-0.47 relax=0.00; ret10 cur=-0.29 thr=0.24 margin=-0.53; ret10_non_positive cur=-0.29
1772083219.000,396500,MID,34605.0000,0.014,45,234184610,0.500,0.000,0.000,NO_BUY,reject=ret cur=0.01 thr=0.18 margin=-0.17 relax=0.00 | all=ret cur=0.01 thr=0.18 margin=-0.17 relax=0.00; ret10 cur=0.01 thr=0.24 margin=-0.23
1772083222.000,066570,MID,146200.0000,0.000,30,30693300,0.500,0.000,0.000,NO_BUY,reject=ret cur=0.00 thr=0.18 margin=-0.18 relax=0.00 | all=ret cur=0.00 thr=0.18 margin=-0.18 relax=0.00; ret10 cur=0.00 thr=0.24 margin=-0.24; ret10_non_positive cur=0.00
1772083222.000,336260,MID,39550.0000,0.126,3,3559750,0.500,0.000,0.000,NO_BUY,reject=ret cur=0.13 thr=0.18 margin=-0.05 relax=0.00 | all=ret cur=0.13 thr=0.18 margin=-0.05 relax=0.00; ticks cur=3 thr=5 margin=-2; ret10 cur=0.13 thr=0.24 margin=-0.11
1772083222.000,124500,MID,60700.0000,-0.164,3,3219100,0.500,0.000,0.000,NO_BUY,reject=ret cur=-0.16 thr=0.18 margin=-0.34 relax=0.00 | all=ret cur=-0.16 thr=0.18 margin=-0.34 relax=0.00; ticks cur=3 thr=5 margin=-2; ret10 cur=-0.16 thr=0.24 margin=-0.40; ret10_non_positive cur=-0.16
1772083222.000,035720,MID,61500.0000,0.000,41,60298400,0.141,0.162,0.000,NO_BUY,reject=ret cur=0.00 thr=0.18 margin=-0.18 relax=0.00 | all=ret cur=0.00 thr=0.18 margin=-0.18 relax=0.00; ret10 cur=0.00 thr=0.24 margin=-0.24; ret10_non_positive cur=0.00
1772083223.000,005930,MID,215500.0000,-0.232,129,2255248750,0.471,0.232,0.000,NO_BUY,reject=ret cur=-0.23 thr=0.18 margin=-0.41 relax=0.00 | all=ret cur=-0.23 thr=0.18 margin=-0.41 relax=0.00; ret10 cur=-0.23 thr=0.24 margin=-0.47; ret10_non_positive cur=-0.23
1772083225.000,036810,MID,41600.0000,-0.120,3,4497950,0.500,0.000,0.000,NO_BUY,reject=ret cur=-0.12 thr=0.18 margin=-0.30 relax=0.00 | all=ret cur=-0.12 thr=0.18 margin=-0.30 relax=0.00; ticks cur=3 thr=5 margin=-2; ret10 cur=-0.12 thr=0.24 margin=-0.36; ret10_non_positive cur=-0.12
1772083226.000,310210,MID,317000.0000,0.000,2,2540000,0.500,0.000,0.000,NO_BUY,reject=ret cur=0.00 thr=0.18 margin=-0.18 relax=0.00 | all=ret cur=0.00 thr=0.18 margin=-0.18 relax=0.00; ticks cur=2 thr=5 margin=-3; ret10 cur=0.00 thr=0.24 margin=-0.24; ret10_non_positive cur=0.00
1772083226.000,187660,MID,18020.0000,0.167,40,45303130,0.500,0.000,0.000,NO_BUY,reject=ret cur=0.17 thr=0.18 margin=-0.01 relax=0.00 | all=ret cur=0.17 thr=0.18 margin=-0.01 relax=0.00; ret10 cur=0.17 thr=0.24 margin=-0.07
1772083227.000,035420,MID,260000.0000,0.000,38,43945000,0.474,0.192,0.000,NO_BUY,reject=ret cur=0.00 thr=0.18 margin=-0.18 relax=0.00 | all=ret cur=0.00 thr=0.18 margin=-0.18 relax=0.00; ret10 cur=0.00 thr=0.24 margin=-0.24; ret10_non_positive cur=0.00
1772083227.000,064400,MID,74000.0000,-0.135,21,22615300,0.500,0.000,0.000,NO_BUY,reject=ret cur=-0.14 thr=0.18 margin=-0.32 relax=0.00 | all=ret cur=-0.14 thr=0.18 margin=-0.32 relax=0.00; ret10 cur=-0.14 thr=0.24 margin=-0.38; ret10_non_positive cur=-0.14
1772083228.000,103590,MID,88300.0000,-0.226,13,8043000,0.754,0.113,0.000,NO_BUY,reject=ret cur=-0.23 thr=0.18 margin=-0.41 relax=0.00 | all=ret cur=-0.23 thr=0.18 margin=-0.41 relax=0.00; ret10 cur=-0.23 thr=0.24 margin=-0.47; ret10_non_positive cur=-0.23
1772083229.000,002020,MID,71400.0000,0.000,2,928200,0.500,0.000,0.000,NO_BUY,reject=ret cur=0.00 thr=0.18 margin=-0.18 relax=0.00 | all=ret cur=0.00 thr=0.18 margin=-0.18 relax=0.00; ticks cur=2 thr=5 margin=-3; ret10 cur=0.00 thr=0.24 margin=-0.24; ret10_non_positive cur=0.00
1772083232.000,122630,MID,110645.0000,0.032,424,2729557935,0.500,0.000,0.000,NO_BUY,reject=ret cur=0.03 thr=0.18 margin=-0.15 relax=0.00 | all=ret cur=0.03 thr=0.18 margin=-0.15 relax=0.00; ret10 cur=0.03 thr=0.24 margin=-0.21
1772083233.000,229200,MID,20970.0000,0.000,105,164444425,0.500,0.000,0.000,NO_BUY,reject=ret cur=0.00 thr=0.18 margin=-0.18 relax=0.00 | all=ret cur=0.00 thr=0.18 margin=-0.18 relax=0.00; ret10 cur=0.00 thr=0.24 margin=-0.24; ret10_non_positive cur=0.00
1772083233.000,042520,MID,51900.0000,0.000,3,4092200,0.224,0.193,0.000,NO_BUY,reject=ret cur=0.00 thr=0.18 margin=-0.18 relax=0.00 | all=ret cur=0.00 thr=0.18 margin=-0.18 relax=0.00; ticks cur=3 thr=5 margin=-2; ret10 cur=0.00 thr=0.24 margin=-0.24; ret10_non_positive cur=0.00
1772083234.000,009900,MID,11360.0000,0.088,2,192940,0.500,0.000,0.000,NO_BUY,reject=ret cur=0.09 thr=0.18 margin=-0.09 relax=0.00 | all=ret cur=0.09 thr=0.18 margin=-0.09 relax=0.00; ticks cur=2 thr=5 margin=-3; ret10 cur=0.09 thr=0.24 margin=-0.15
1772083236.000,005830,MID,208000.0000,-0.240,13,13744500,0.146,0.240,0.000,NO_BUY,reject=ret cur=-0.24 thr=0.18 margin=-0.42 relax=0.00 | all=ret cur=-0.24 thr=0.18 margin=-0.42 relax=0.00; ret10 cur=-0.24 thr=0.24 margin=-0.48; ret10_non_positive cur=-0.24
1772083236.000,039030,MID,417000.0000,0.000,7,22930500,0.093,0.120,0.000,NO_BUY,reject=ret cur=0.00 thr=0.18 margin=-0.18 relax=0.00 | all=ret cur=0.00 thr=0.18 margin=-0.18 relax=0.00; ret10 cur=0.00 thr=0.24 margin=-0.24; ret10_non_positive cur=0.00
1772083237.000,233740,MID,20285.0000,-0.025,86,972386435,0.500,0.000,0.000,NO_BUY,reject=ret cur=-0.02 thr=0.18 margin=-0.20 relax=0.00 | all=ret cur=-0.02 thr=0.18 margin=-0.20 relax=0.00; ret10 cur=-0.02 thr=0.24 margin=-0.26; ret10_non_positive cur=-0.02
1772083237.000,064760,MID,236500.0000,0.000,10,17267000,0.473,0.211,0.000,NO_BUY,reject=ret cur=0.00 thr=0.18 margin=-0.18 relax=0.00 | all=ret cur=0.00 thr=0.18 margin=-0.18 relax=0.00; ret10 cur=0.00 thr=0.24 margin=-0.24; ret10_non_positive cur=0.00
1772083237.000,086520,MID,185200.0000,0.000,16,48141300,0.500,0.000,0.000,NO_BUY,reject=ret cur=0.00 thr=0.18 margin=-0.18 relax=0.00 | all=ret cur=0.00 thr=0.18 margin=-0.18 relax=0.00; ret10 cur=0.00 thr=0.24 margin=-0.24; ret10_non_positive cur=0.00
1772083238.000,377300,MID,68900.0000,0.000,14,32776000,0.500,0.000,0.000,NO_BUY,reject=ret cur=0.00 thr=0.18 margin=-0.18 relax=0.00 | all=ret cur=0.00 thr=0.18 margin=-0.18 relax=0.00; ret10 cur=0.00 thr=0.24 margin=-0.24; ret10_non_positive cur=0.00
1772083239.000,396500,MID,34615.0000,0.014,59,268015280,0.500,0.000,0.000,NO_BUY,reject=ret cur=0.01 thr=0.18 margin=-0.17 relax=0.00 | all=ret cur=0.01 thr=0.18 margin=-0.17 relax=0.00; ret10 cur=0.01 thr=0.24 margin=-0.23
1772083239.000,001500,MID,13320.0000,0.000,2,2064600,0.500,0.000,0.000,NO_BUY,reject=ret cur=0.00 thr=0.18 margin=-0.18 relax=0.00 | all=ret cur=0.00 thr=0.18 margin=-0.18 relax=0.00; ticks cur=2 thr=5 margin=-3; ret10 cur=0.00 thr=0.24 margin=-0.24; ret10_non_positive cur=0.00
1772083242.000,035720,MID,61600.0000,0.000,41,238002800,0.125,0.162,0.000,NO_BUY,reject=ret cur=0.00 thr=0.18 margin=-0.18 relax=0.00 | all=ret cur=0.00 thr=0.18 margin=-0.18 relax=0.00; ret10 cur=0.00 thr=0.24 margin=-0.24; ret10_non_positive cur=0.00
1772083242.000,066570,MID,146200.0000,0.068,111,311707200,0.500,0.000,0.000,NO_BUY,reject=ret cur=0.07 thr=0.18 margin=-0.11 relax=0.00 | all=ret cur=0.07 thr=0.18 margin=-0.11 relax=0.00; ret10 cur=0.07 thr=0.24 margin=-0.17
1772083243.000,005930,MID,216000.0000,-0.231,120,416409000,0.441,0.232,0.000,NO_BUY,reject=ret cur=-0.23 thr=0.18 margin=-0.41 relax=0.00 | all=ret cur=-0.23 thr=0.18 margin=-0.41 relax=0.00; ret10 cur=-0.23 thr=0.24 margin=-0.47; ret10_non_positive cur=-0.23
1772083243.000,336260,MID,39600.0000,0.000,9,18409950,0.500,0.000,0.000,NO_BUY,reject=ret cur=0.00 thr=0.18 margin=-0.18 relax=0.00 | all=ret cur=0.00 thr=0.18 margin=-0.18 relax=0.00; ret10 cur=0.00 thr=0.24 margin=-0.24; ret10_non_positive cur=0.00
1772083245.000,036810,MID,41650.0000,-0.120,17,5825800,0.500,0.000,0.000,NO_BUY,reject=ret cur=-0.12 thr=0.18 margin=-0.30 relax=0.00 | all=ret cur=-0.12 thr=0.18 margin=-0.30 relax=0.00; ret10 cur=-0.12 thr=0.24 margin=-0.36; ret10_non_positive cur=-0.12
1772083246.000,187660,MID,18030.0000,0.055,43,91236340,0.500,0.000,0.000,NO_BUY,reject=ret cur=0.06 thr=0.18 margin=-0.12 relax=0.00 | all=ret cur=0.06 thr=0.18 margin=-0.12 relax=0.00; ret10 cur=0.06 thr=0.24 margin=-0.18
1772083247.000,064400,MID,74000.0000,0.135,5,1849600,0.500,0.000,0.000,NO_BUY,reject=ret cur=0.14 thr=0.18 margin=-0.04 relax=0.00 | all=ret cur=0.14 thr=0.18 margin=-0.04 relax=0.00; ret10 cur=0.14 thr=0.24 margin=-0.10
1772083247.000,035420,MID,260000.0000,0.192,19,70480000,0.476,0.192,0.000,NO_BUY,reject=ret10 cur=0.19 thr=0.24 margin=-0.05 | all=ret10 cur=0.19 thr=0.24 margin=-0.05
1772083248.000,294570,MID,33650.0000,0.000,3,1682500,0.500,0.000,0.000,NO_BUY,reject=ret cur=0.00 thr=0.18 margin=-0.18 relax=0.00 | all=ret cur=0.00 thr=0.18 margin=-0.18 relax=0.00; ticks cur=3 thr=5 margin=-2; ret10 cur=0.00 thr=0.24 margin=-0.24; ret10_non_positive cur=0.00
1772083249.000,310210,MID,317500.0000,0.000,2,951000,0.500,0.000,0.000,NO_BUY,reject=ret cur=0.00 thr=0.18 margin=-0.18 relax=0.00 | all=ret cur=0.00 thr=0.18 margin=-0.18 relax=0.00; ticks cur=2 thr=5 margin=-3; ret10 cur=0.00 thr=0.24 margin=-0.24; ret10_non_positive cur=0.00
1772083252.000,122630,MID,110620.0000,0.005,79,722550889,0.500,0.000,0.000,NO_BUY,reject=ret cur=0.00 thr=0.18 margin=-0.18 relax=0.00 | all=ret cur=0.00 thr=0.18 margin=-0.18 relax=0.00; ret10 cur=0.00 thr=0.24 margin=-0.24
1772083253.000,229200,MID,20975.0000,0.000,53,90129210,0.500,0.000,0.000,NO_BUY,reject=ret cur=0.00 thr=0.18 margin=-0.18 relax=0.00 | all=ret cur=0.00 thr=0.18 margin=-0.18 relax=0.00; ret10 cur=0.00 thr=0.24 margin=-0.24; ret10_non_positive cur=0.00
1772083253.000,042520,MID,52100.0000,0.579,23,11375300,0.205,0.385,0.000,NO_BUY,pullback_wait cur=52100.00 peak=52100.00 pb_thr=51995.80 reb_thr=52073.95 pulled=0
1772083254.000,002020,MID,71100.0000,0.000,3,1426000,0.500,0.000,0.000,NO_BUY,reject=ret cur=0.00 thr=0.18 margin=-0.18 relax=0.00 | all=ret cur=0.00 thr=0.18 margin=-0.18 relax=0.00; ticks cur=3 thr=5 margin=-2; ret10 cur=0.00 thr=0.24 margin=-0.24; ret10_non_positive cur=0.00
1772083254.000,103590,MID,88400.0000,0.000,2,6099600,0.755,0.113,0.000,NO_BUY,reject=ret cur=0.00 thr=0.18 margin=-0.18 relax=0.00 | all=ret cur=0.00 thr=0.18 margin=-0.18 relax=0.00; ticks cur=2 thr=5 margin=-3; ret10 cur=0.00 thr=0.24 margin=-0.24; ret10_non_positive cur=0.00
1772083256.000,039030,MID,417000.0000,0.000,5,3334000,0.101,0.120,0.000,NO_BUY,reject=ret cur=0.00 thr=0.18 margin=-0.18 relax=0.00 | all=ret cur=0.00 thr=0.18 margin=-0.18 relax=0.00; ret10 cur=0.00 thr=0.24 margin=-0.24; ret10_non_positive cur=0.00
1772083256.000,005830,MID,208000.0000,-0.478,22,68544000,0.137,0.240,0.000,NO_BUY,reject=ret cur=-0.48 thr=0.18 margin=-0.66 relax=0.00 | all=ret cur=-0.48 thr=0.18 margin=-0.66 relax=0.00; ret10 cur=-0.48 thr=0.24 margin=-0.72; ret10_non_positive cur=-0.48
1772083257.000,233740,MID,20305.0000,0.025,113,591292005,0.500,0.000,0.000,NO_BUY,reject=ret cur=0.02 thr=0.18 margin=-0.16 relax=0.00 | all=ret cur=0.02 thr=0.18 margin=-0.16 relax=0.00; ret10 cur=0.02 thr=0.24 margin=-0.22
1772083257.000,086520,MID,185200.0000,-0.054,19,80536200,0.500,0.000,0.000,NO_BUY,reject=ret cur=-0.05 thr=0.18 margin=-0.23 relax=0.00 | all=ret cur=-0.05 thr=0.18 margin=-0.23 relax=0.00; ret10 cur=-0.05 thr=0.24 margin=-0.29; ret10_non_positive cur=-0.05
1772083258.000,064760,MID,237000.0000,0.424,14,13961500,0.483,0.211,0.000,NO_BUY,confirm_wait 0.1s
1772083259.000,396500,MID,34620.0000,0.009,45,164200031,0.500,0.000,0.000,NO_BUY,reject=ret cur=0.01 thr=0.18 margin=-0.17 relax=0.00 | all=ret cur=0.01 thr=0.18 margin=-0.17 relax=0.00; ret10 cur=0.01 thr=0.24 margin=-0.23
1772083259.000,115180,MID,34150.0000,-0.439,3,7046800,0.500,0.000,0.000,NO_BUY,reject=ret cur=-0.44 thr=0.18 margin=-0.62 relax=0.00 | all=ret cur=-0.44 thr=0.18 margin=-0.62 relax=0.00; ticks cur=3 thr=5 margin=-2; ret10 cur=-0.44 thr=0.24 margin=-0.68; ret10_non_positive cur=-0.44
1772083260.000,009900,MID,11340.0000,0.088,3,1237450,0.500,0.000,0.000,NO_BUY,reject=ret cur=0.09 thr=0.18 margin=-0.09 relax=0.00 | all=ret cur=0.09 thr=0.18 margin=-0.09 relax=0.00; ticks cur=3 thr=5 margin=-2; ret10 cur=0.09 thr=0.24 margin=-0.15
1772083262.000,058470,MID,106200.0000,0.000,2,1168200,0.500,0.000,0.000,NO_BUY,reject=ret cur=0.00 thr=0.18 margin=-0.18 relax=0.00 | all=ret cur=0.00 thr=0.18 margin=-0.18 relax=0.00; ticks cur=2 thr=5 margin=-3; ret10 cur=0.00 thr=0.24 margin=-0.24; ret10_non_positive cur=0.00
1772083262.000,377300,MID,68900.0000,0.000,9,6608500,0.500,0.000,0.000,NO_BUY,reject=ret cur=0.00 thr=0.18 margin=-0.18 relax=0.00 | all=ret cur=0.00 thr=0.18 margin=-0.18 relax=0.00; ret10 cur=0.00 thr=0.24 margin=-0.24; ret10_non_positive cur=0.00
1772083262.000,066570,MID,146200.0000,0.000,30,23672600,0.500,0.000,0.000,NO_BUY,reject=ret cur=0.00 thr=0.18 margin=-0.18 relax=0.00 | all=ret cur=0.00 thr=0.18 margin=-0.18 relax=0.00; ret10 cur=0.00 thr=0.24 margin=-0.24; ret10_non_positive cur=0.00
1772083263.000,035720,MID,61650.0000,-0.162,34,31801600,0.124,0.162,0.000,NO_BUY,reject=ret cur=-0.16 thr=0.18 margin=-0.34 relax=0.00 | all=ret cur=-0.16 thr=0.18 margin=-0.34 relax=0.00; ret10 cur=-0.16 thr=0.24 margin=-0.40; ret10_non_positive cur=-0.16
1772083263.000,005930,MID,215750.0000,0.000,141,814834750,0.443,0.232,0.000,NO_BUY,reject=ret cur=0.00 thr=0.18 margin=-0.18 relax=0.00 | all=ret cur=0.00 thr=0.18 margin=-0.18 relax=0.00; ret10 cur=0.00 thr=0.24 margin=-0.24; ret10_non_positive cur=0.00
1772083263.000,336260,MID,39600.0000,-0.126,12,38799250,0.500,0.000,0.000,NO_BUY,reject=ret cur=-0.13 thr=0.18 margin=-0.31 relax=0.00 | all=ret cur=-0.13 thr=0.18 margin=-0.31 relax=0.00; ret10 cur=-0.13 thr=0.24 margin=-0.37; ret10_non_positive cur=-0.13
1772083264.000,001500,MID,13320.0000,0.000,2,279720,0.500,0.000,0.000,NO_BUY,reject=ret cur=0.00 thr=0.18 margin=-0.18 relax=0.00 | all=ret cur=0.00 thr=0.18 margin=-0.18 relax=0.00; ticks cur=2 thr=5 margin=-3; ret10 cur=0.00 thr=0.24 margin=-0.24; ret10_non_positive cur=0.00
1772083266.000,036810,MID,41750.0000,0.481,35,71659050,0.500,0.000,0.000,NO_BUY,confirm_wait 0.1s
1772083266.000,187660,MID,18030.0000,-0.055,39,42700700,0.500,0.000,0.000,NO_BUY,reject=ret cur=-0.06 thr=0.18 margin=-0.24 relax=0.00 | all=ret cur=-0.06 thr=0.18 margin=-0.24 relax=0.00; ret10 cur=-0.06 thr=0.24 margin=-0.30; ret10_non_positive cur=-0.06
1772083267.000,035420,MID,260000.0000,0.000,21,30188750,0.480,0.192,0.000,NO_BUY,reject=ret cur=0.00 thr=0.18 margin=-0.18 relax=0.00 | all=ret cur=0.00 thr=0.18 margin=-0.18 relax=0.00; ret10 cur=0.00 thr=0.24 margin=-0.24; ret10_non_positive cur=0.00
1772083268.000,064400,MID,74000.0000,0.135,12,7245300,0.500,0.000,0.000,NO_BUY,reject=ret cur=0.14 thr=0.18 margin=-0.04 relax=0.00 | all=ret cur=0.14 thr=0.18 margin=-0.04 relax=0.00; ret10 cur=0.14 thr=0.24 margin=-0.10
1772083270.000,310210,MID,317500.0000,0.000,4,1588000,0.500,0.000,0.000,NO_BUY,reject=ret cur=0.00 thr=0.18 margin=-0.18 relax=0.00 | all=ret cur=0.00 thr=0.18 margin=-0.18 relax=0.00; ticks cur=4 thr=5 margin=-1; ret10 cur=0.00 thr=0.24 margin=-0.24; ret10_non_positive cur=0.00
1772083272.000,122630,MID,110630.0000,-0.009,47,231228300,0.500,0.000,0.000,NO_BUY,reject=ret cur=-0.01 thr=0.18 margin=-0.19 relax=0.00 | all=ret cur=-0.01 thr=0.18 margin=-0.19 relax=0.00; ret10 cur=-0.01 thr=0.24 margin=-0.25; ret10_non_positive cur=-0.01
1772083273.000,229200,MID,20980.0000,0.024,47,369397423,0.500,0.000,0.000,NO_BUY,reject=ret cur=0.02 thr=0.18 margin=-0.16 relax=0.00 | all=ret cur=0.02 thr=0.18 margin=-0.16 relax=0.00; ret10 cur=0.02 thr=0.24 margin=-0.22
1772083274.000,002020,MID,71200.0000,0.281,8,854400,0.500,0.000,0.000,NO_BUY,confirm_wait 0.1s
1772083274.000,103590,MID,88300.0000,0.000,10,26668400,0.771,0.113,0.000,NO_BUY,reject=ret cur=0.00 thr=0.18 margin=-0.18 relax=0.00 | all=ret cur=0.00 thr=0.18 margin=-0.18 relax=0.00; ret10 cur=0.00 thr=0.24 margin=-0.24; ret10_non_positive cur=0.00
1772083276.000,005830,MID,208000.0000,-0.240,7,12713500,0.145,0.240,0.000,NO_BUY,reject=ret cur=-0.24 thr=0.18 margin=-0.42 relax=0.00 | all=ret cur=-0.24 thr=0.18 margin=-0.42 relax=0.00; ret10 cur=-0.24 thr=0.24 margin=-0.48; ret10_non_positive cur=-0.24
1772083276.000,039030,MID,416500.0000,0.000,10,9586000,0.100,0.120,0.000,NO_BUY,reject=ret cur=0.00 thr=0.18 margin=-0.18 relax=0.00 | all=ret cur=0.00 thr=0.18 margin=-0.18 relax=0.00; ret10 cur=0.00 thr=0.24 margin=-0.24; ret10_non_positive cur=0.00
1772083277.000,233740,MID,20310.0000,0.000,213,758697925,0.500,0.000,0.000,NO_BUY,reject=ret cur=0.00 thr=0.18 margin=-0.18 relax=0.00 | all=ret cur=0.00 thr=0.18 margin=-0.18 relax=0.00; ret10 cur=0.00 thr=0.24 margin=-0.24; ret10_non_positive cur=0.00
1772083277.000,086520,MID,185200.0000,0.108,35,240213900,0.500,0.000,0.000,NO_BUY,reject=ret cur=0.11 thr=0.18 margin=-0.07 relax=0.00 | all=ret cur=0.11 thr=0.18 margin=-0.07 relax=0.00; ret10 cur=0.11 thr=0.24 margin=-0.13
1772083278.000,042520,MID,51900.0000,-0.576,6,6655100,0.222,0.193,0.000,NO_BUY,reject=ret cur=-0.58 thr=0.18 margin=-0.76 relax=0.00 | all=ret cur=-0.58 thr=0.18 margin=-0.76 relax=0.00; ret10 cur=-0.58 thr=0.24 margin=-0.82; ret10_non_positive cur=-0.58
1772083278.000,064760,MID,237000.0000,0.212,8,3545000,0.466,0.423,0.000,NO_BUY,reject=ret10 cur=0.21 thr=0.24 margin=-0.03 | all=ret10 cur=0.21 thr=0.24 margin=-0.03
1772083279.000,396500,MID,34630.0000,0.000,130,915207735,0.500,0.000,0.000,NO_BUY,reject=ret cur=0.00 thr=0.18 margin=-0.18 relax=0.00 | all=ret cur=0.00 thr=0.18 margin=-0.18 relax=0.00; ret10 cur=0.00 thr=0.24 margin=-0.24; ret10_non_positive cur=0.00
1772083282.000,058470,MID,106300.0000,0.094,31,153848400,0.500,0.000,0.000,NO_BUY,reject=ret cur=0.09 thr=0.18 margin=-0.09 relax=0.00 | all=ret cur=0.09 thr=0.18 margin=-0.09 relax=0.00; ret10 cur=0.09 thr=0.24 margin=-0.15
1772083282.000,066570,MID,146100.0000,0.000,26,11546000,0.500,0.000,0.000,NO_BUY,reject=ret cur=0.00 thr=0.18 margin=-0.18 relax=0.00 | all=ret cur=0.00 thr=0.18 margin=-0.18 relax=0.00; ret10 cur=0.00 thr=0.24 margin=-0.24; ret10_non_positive cur=0.00
1772083282.000,377300,MID,68900.0000,0.000,12,28593400,0.500,0.000,0.000,NO_BUY,reject=ret cur=0.00 thr=0.18 margin=-0.18 relax=0.00 | all=ret cur=0.00 thr=0.18 margin=-0.18 relax=0.00; ret10 cur=0.00 thr=0.24 margin=-0.24; ret10_non_positive cur=0.00
1772083283.000,005930,MID,215500.0000,0.116,325,3495098000,0.443,0.232,0.000,NO_BUY,reject=ret cur=0.12 thr=0.18 margin=-0.06 relax=0.00 | all=ret cur=0.12 thr=0.18 margin=-0.06 relax=0.00; ret10 cur=0.12 thr=0.24 margin=-0.12
1772083283.000,035720,MID,61500.0000,0.000,44,82162700,0.141,0.162,0.000,NO_BUY,reject=ret cur=0.00 thr=0.18 margin=-0.18 relax=0.00 | all=ret cur=0.00 thr=0.18 margin=-0.18 relax=0.00; ret10 cur=0.00 thr=0.24 margin=-0.24; ret10_non_positive cur=0.00
1772083285.000,009900,MID,11340.0000,0.000,2,4955580,0.500,0.000,0.000,NO_BUY,reject=ret cur=0.00 thr=0.18 margin=-0.18 relax=0.00 | all=ret cur=0.00 thr=0.18 margin=-0.18 relax=0.00; ticks cur=2 thr=5 margin=-3; ret10 cur=0.00 thr=0.24 margin=-0.24; ret10_non_positive cur=0.00
1772083286.000,187660,MID,17980.0000,-0.167,90,473980510,0.500,0.000,0.000,NO_BUY,reject=ret cur=-0.17 thr=0.18 margin=-0.35 relax=0.00 | all=ret cur=-0.17 thr=0.18 margin=-0.35 relax=0.00; ret10 cur=-0.17 thr=0.24 margin=-0.41; ret10_non_positive cur=-0.17
1772083287.000,035420,MID,260000.0000,0.000,33,167111500,0.480,0.192,0.000,NO_BUY,reject=ret cur=0.00 thr=0.18 margin=-0.18 relax=0.00 | all=ret cur=0.00 thr=0.18 margin=-0.18 relax=0.00; ret10 cur=0.00 thr=0.24 margin=-0.24; ret10_non_positive cur=0.00
1772083287.000,036810,MID,41850.0000,0.359,13,19873850,0.500,0.000,0.000,NO_BUY,confirm_wait 0.1s
1772083288.000,064400,MID,73900.0000,0.000,7,13312400,0.500,0.000,0.000,NO_BUY,reject=ret cur=0.00 thr=0.18 margin=-0.18 relax=0.00 | all=ret cur=0.00 thr=0.18 margin=-0.18 relax=0.00; ret10 cur=0.00 thr=0.24 margin=-0.24; ret10_non_positive cur=0.00
1772083288.000,336260,MID,39650.0000,0.000,2,397000,0.500,0.000,0.000,NO_BUY,reject=ret cur=0.00 thr=0.18 margin=-0.18 relax=0.00 | all=ret cur=0.00 thr=0.18 margin=-0.18 relax=0.00; ticks cur=2 thr=5 margin=-3; ret10 cur=0.00 thr=0.24 margin=-0.24; ret10_non_positive cur=0.00
1772083290.000,001500,MID,13320.0000,-0.075,2,1038980,0.500,0.000,0.000,NO_BUY,reject=ret cur=-0.08 thr=0.18 margin=-0.26 relax=0.00 | all=ret cur=-0.08 thr=0.18 margin=-0.26 relax=0.00; ticks cur=2 thr=5 margin=-3; ret10 cur=-0.08 thr=0.24 margin=-0.32; ret10_non_positive cur=-0.08
1772083291.000,310210,MID,317500.0000,-0.157,8,6995500,0.500,0.000,0.000,NO_BUY,reject=ret cur=-0.16 thr=0.18 margin=-0.34 relax=0.00 | all=ret cur=-0.16 thr=0.18 margin=-0.34 relax=0.00; ret10 cur=-0.16 thr=0.24 margin=-0.40; ret10_non_positive cur=-0.16
1772083292.000,122630,MID,110845.0000,0.063,195,1560521715,0.500,0.000,0.000,NO_BUY,reject=ret cur=0.06 thr=0.18 margin=-0.12 relax=0.00 | all=ret cur=0.06 thr=0.18 margin=-0.12 relax=0.00; ret10 cur=0.06 thr=0.24 margin=-0.18
1772083293.000,229200,MID,20985.0000,0.000,82,137344470,0.500,0.000,0.000,NO_BUY,reject=ret cur=0.00 thr=0.18 margin=-0.18 relax=0.00 | all=ret cur=0.00 thr=0.18 margin=-0.18 relax=0.00; ret10 cur=0.00 thr=0.24 margin=-0.24; ret10_non_positive cur=0.00
1772083295.000,103590,MID,88200.0000,-0.113,5,11378900,0.782,0.113,0.000,NO_BUY,reject=ret cur=-0.11 thr=0.18 margin=-0.29 relax=0.00 | all=ret cur=-0.11 thr=0.18 margin=-0.29 relax=0.00; ret10 cur=-0.11 thr=0.24 margin=-0.35; ret10_non_positive cur=-0.11
1772083296.000,005830,MID,208500.0000,0.000,16,103691500,0.140,0.240,0.000,NO_BUY,reject=ret cur=0.00 thr=0.18 margin=-0.18 relax=0.00 | all=ret cur=0.00 thr=0.18 margin=-0.18 relax=0.00; ret10 cur=0.00 thr=0.24 margin=-0.24; ret10_non_positive cur=0.00
1772083297.000,233740,MID,20310.0000,0.000,57,296844227,0.500,0.000,0.000,NO_BUY,reject=ret cur=0.00 thr=0.18 margin=-0.18 relax=0.00 | all=ret cur=0.00 thr=0.18 margin=-0.18 relax=0.00; ret10 cur=0.00 thr=0.24 margin=-0.24; ret10_non_positive cur=0.00
1772083297.000,086520,MID,185450.0000,0.054,30,167774800,0.500,0.000,0.000,NO_BUY,reject=ret cur=0.05 thr=0.18 margin=-0.13 relax=0.00 | all=ret cur=0.05 thr=0.18 margin=-0.13 relax=0.00; ret10 cur=0.05 thr=0.24 margin=-0.19
1772083298.000,042520,MID,51800.0000,0.387,5,1500300,0.230,0.386,0.000,NO_BUY,confirm_wait 0.1s
1772083299.000,064760,MID,236000.0000,0.000,4,3547500,0.509,0.212,0.000,NO_BUY,reject=ret cur=0.00 thr=0.18 margin=-0.18 relax=0.00 | all=ret cur=0.00 thr=0.18 margin=-0.18 relax=0.00; ticks cur=4 thr=5 margin=-1; ret10 cur=0.00 thr=0.24 margin=-0.24; ret10_non_positive cur=0.00
1772083299.000,396500,MID,34655.0000,0.029,69,502755372,0.500,0.000,0.000,NO_BUY,reject=ret cur=0.03 thr=0.18 margin=-0.15 relax=0.00 | all=ret cur=0.03 thr=0.18 margin=-0.15 relax=0.00; ret10 cur=0.03 thr=0.24 margin=-0.21
1772083299.000,002020,MID,71300.0000,0.000,3,285700,0.500,0.000,0.000,NO_BUY,reject=ret cur=0.00 thr=0.18 margin=-0.18 relax=0.00 | all=ret cur=0.00 thr=0.18 margin=-0.18 relax=0.00; ticks cur=3 thr=5 margin=-2; ret10 cur=0.00 thr=0.24 margin=-0.24; ret10_non_positive cur=0.00
1772083302.000,377300,MID,69000.0000,-0.145,15,24873600,0.500,0.000,0.000,NO_BUY,reject=ret cur=-0.14 thr=0.18 margin=-0.32 relax=0.00 | all=ret cur=-0.14 thr=0.18 margin=-0.32 relax=0.00; ret10 cur=-0.14 thr=0.24 margin=-0.38; ret10_non_positive cur=-0.14
1772083303.000,005930,MID,215750.0000,0.000,134,3923640250,0.444,0.232,0.000,NO_BUY,reject=ret cur=0.00 thr=0.18 margin=-0.18 relax=0.00 | all=ret cur=0.00 thr=0.18 margin=-0.18 relax=0.00; ret10 cur=0.00 thr=0.24 margin=-0.24; ret10_non_positive cur=0.00
1772083303.000,035720,MID,61600.0000,0.000,38,122517100,0.143,0.162,0.000,NO_BUY,reject=ret cur=0.00 thr=0.18 margin=-0.18 relax=0.00 | all=ret cur=0.00 thr=0.18 margin=-0.18 relax=0.00; ret10 cur=0.00 thr=0.24 margin=-0.24; ret10_non_positive cur=0.00
1772083305.000,066570,MID,146100.0000,0.000,26,16374000,0.500,0.000,0.000,NO_BUY,reject=ret cur=0.00 thr=0.18 margin=-0.18 relax=0.00 | all=ret cur=0.00 thr=0.18 margin=-0.18 relax=0.00; ret10 cur=0.00 thr=0.24 margin=-0.24; ret10_non_positive cur=0.00
1772083306.000,039030,MID,417500.0000,-0.120,2,21267500,0.095,0.120,0.000,NO_BUY,reject=ret cur=-0.12 thr=0.18 margin=-0.30 relax=0.00 | all=ret cur=-0.12 thr=0.18 margin=-0.30 relax=0.00; ticks cur=2 thr=5 margin=-3; ret10 cur=-0.12 thr=0.24 margin=-0.36; ret10_non_positive cur=-0.12
1772083306.000,187660,MID,17980.0000,0.111,39,162627415,0.500,0.000,0.000,NO_BUY,reject=ret cur=0.11 thr=0.18 margin=-0.07 relax=0.00 | all=ret cur=0.11 thr=0.18 margin=-0.07 relax=0.00; ret10 cur=0.11 thr=0.24 margin=-0.13
1772083307.000,035420,MID,260250.0000,0.000,27,83058000,0.479,0.192,0.000,NO_BUY,reject=ret cur=0.00 thr=0.18 margin=-0.18 relax=0.00 | all=ret cur=0.00 thr=0.18 margin=-0.18 relax=0.00; ret10 cur=0.00 thr=0.24 margin=-0.24; ret10_non_positive cur=0.00
1772083307.000,036810,MID,41800.0000,-0.238,20,44171600,0.481,0.120,0.000,NO_BUY,reject=ret cur=-0.24 thr=0.18 margin=-0.42 relax=0.00 | all=ret cur=-0.24 thr=0.18 margin=-0.42 relax=0.00; ret10 cur=-0.24 thr=0.24 margin=-0.48; ret10_non_positive cur=-0.24
1772083307.000,115180,MID,34100.0000,0.000,2,102450,0.500,0.000,0.000,NO_BUY,reject=ret cur=0.00 thr=0.18 margin=-0.18 relax=0.00 | all=ret cur=0.00 thr=0.18 margin=-0.18 relax=0.00; ticks cur=2 thr=5 margin=-3; ret10 cur=0.00 thr=0.24 margin=-0.24; ret10_non_positive cur=0.00
1772083308.000,336260,MID,39650.0000,0.000,8,25068100,0.500,0.000,0.000,NO_BUY,reject=ret cur=0.00 thr=0.18 margin=-0.18 relax=0.00 | all=ret cur=0.00 thr=0.18 margin=-0.18 relax=0.00; ret10 cur=0.00 thr=0.24 margin=-0.24; ret10_non_positive cur=0.00
1772083311.000,001500,MID,13320.0000,0.000,3,3716280,0.500,0.000,0.000,NO_BUY,reject=ret cur=0.00 thr=0.18 margin=-0.18 relax=0.00 | all=ret cur=0.00 thr=0.18 margin=-0.18 relax=0.00; ticks cur=3 thr=5 margin=-2; ret10 cur=0.00 thr=0.24 margin=-0.24; ret10_non_positive cur=0.00
1772083312.000,122630,MID,110885.0000,0.009,147,1041334607,0.500,0.000,0.000,NO_BUY,reject=ret cur=0.01 thr=0.18 margin=-0.17 relax=0.00 | all=ret cur=0.01 thr=0.18 margin=-0.17 relax=0.00; ret10 cur=0.01 thr=0.24 margin=-0.23
1772083312.000,064400,MID,74000.0000,0.135,6,3697000,0.500,0.000,0.000,NO_BUY,reject=ret cur=0.14 thr=0.18 margin=-0.04 relax=0.00 | all=ret cur=0.14 thr=0.18 margin=-0.04 relax=0.00; ret10 cur=0.14 thr=0.24 margin=-0.10
1772083313.000,229200,MID,20987.0000,0.000,57,63767179,0.500,0.000,0.000,NO_BUY,reject=ret cur=0.00 thr=0.18 margin=-0.18 relax=0.00 | all=ret cur=0.00 thr=0.18 margin=-0.18 relax=0.00; ret10 cur=0.00 thr=0.24 margin=-0.24; ret10_non_positive cur=0.00
1772083317.000,233740,MID,20320.0000,0.000,41,357425305,0.500,0.000,0.000,NO_BUY,reject=ret cur=0.00 thr=0.18 margin=-0.18 relax=0.00 | all=ret cur=0.00 thr=0.18 margin=-0.18 relax=0.00; ret10 cur=0.00 thr=0.24 margin=-0.24; ret10_non_positive cur=0.00
1772083317.000,005830,MID,209500.0000,0.239,17,76932500,0.098,0.239,0.000,NO_BUY,reject=ret10 cur=0.24 thr=0.24 margin=-0.00 | all=ret10 cur=0.24 thr=0.24 margin=-0.00
1772083317.000,103590,MID,88300.0000,-0.113,2,176500,0.757,0.113,0.000,NO_BUY,reject=ret cur=-0.11 thr=0.18 margin=-0.29 relax=0.00 | all=ret cur=-0.11 thr=0.18 margin=-0.29 relax=0.00; ticks cur=2 thr=5 margin=-3; ret10 cur=-0.11 thr=0.24 margin=-0.35; ret10_non_positive cur=-0.11
1772083318.000,086520,MID,185500.0000,0.000,37,61599100,0.500,0.000,0.000,NO_BUY,reject=ret cur=0.00 thr=0.18 margin=-0.18 relax=0.00 | all=ret cur=0.00 thr=0.18 margin=-0.18 relax=0.00; ret10 cur=0.00 thr=0.24 margin=-0.24; ret10_non_positive cur=0.00
1772083319.000,042520,MID,51800.0000,0.000,4,621600,0.500,0.000,0.000,NO_BUY,reject=ret cur=0.00 thr=0.18 margin=-0.18 relax=0.00 | all=ret cur=0.00 thr=0.18 margin=-0.18 relax=0.00; ticks cur=4 thr=5 margin=-1; ret10 cur=0.00 thr=0.24 margin=-0.24; ret10_non_positive cur=0.00
1772083319.000,396500,MID,34665.0000,0.058,48,139021727,0.500,0.000,0.000,NO_BUY,reject=ret cur=0.06 thr=0.18 margin=-0.12 relax=0.00 | all=ret cur=0.06 thr=0.18 margin=-0.12 relax=0.00; ret10 cur=0.06 thr=0.24 margin=-0.18
1772083321.000,310210,MID,317500.0000,0.000,2,952500,0.500,0.000,0.000,NO_BUY,reject=ret cur=0.00 thr=0.18 margin=-0.18 relax=0.00 | all=ret cur=0.00 thr=0.18 margin=-0.18 relax=0.00; ticks cur=2 thr=5 margin=-3; ret10 cur=0.00 thr=0.24 margin=-0.24; ret10_non_positive cur=0.00
1772083322.000,002020,MID,71400.0000,0.000,5,356700,0.500,0.000,0.000,NO_BUY,reject=ret cur=0.00 thr=0.18 margin=-0.18 relax=0.00 | all=ret cur=0.00 thr=0.18 margin=-0.18 relax=0.00; ret10 cur=0.00 thr=0.24 margin=-0.24; ret10_non_positive cur=0.00
1772083322.000,377300,MID,69000.0000,0.000,10,14553800,0.500,0.000,0.000,NO_BUY,reject=ret cur=0.00 thr=0.18 margin=-0.18 relax=0.00 | all=ret cur=0.00 thr=0.18 margin=-0.18 relax=0.00; ret10 cur=0.00 thr=0.24 margin=-0.24; ret10_non_positive cur=0.00
1772083322.000,064760,MID,236000.0000,0.000,2,4020500,0.524,0.212,0.000,NO_BUY,reject=ret cur=0.00 thr=0.18 margin=-0.18 relax=0.00 | all=ret cur=0.00 thr=0.18 margin=-0.18 relax=0.00; ticks cur=2 thr=5 margin=-3; ret10 cur=0.00 thr=0.24 margin=-0.24; ret10_non_positive cur=0.00
1772083323.000,005930,MID,216000.0000,0.000,156,1751783250,0.454,0.232,0.000,NO_BUY,reject=ret cur=0.00 thr=0.18 margin=-0.18 relax=0.00 | all=ret cur=0.00 thr=0.18 margin=-0.18 relax=0.00; ret10 cur=0.00 thr=0.24 margin=-0.24; ret10_non_positive cur=0.00
1772083323.000,035720,MID,61600.0000,0.163,41,64522700,0.122,0.162,0.000,NO_BUY,reject=ret cur=0.16 thr=0.18 margin=-0.02 relax=0.00 | all=ret cur=0.16 thr=0.18 margin=-0.02 relax=0.00; ret10 cur=0.16 thr=0.24 margin=-0.08
1772083325.000,066570,MID,146300.0000,0.068,46,264943900,0.500,0.000,0.000,NO_BUY,reject=ret cur=0.07 thr=0.18 margin=-0.11 relax=0.00 | all=ret cur=0.07 thr=0.18 margin=-0.11 relax=0.00; ret10 cur=0.07 thr=0.24 margin=-0.17
1772083326.000,039030,MID,417000.0000,0.000,8,10015000,0.075,0.120,0.000,NO_BUY,reject=ret cur=0.00 thr=0.18 margin=-0.18 relax=0.00 | all=ret cur=0.00 thr=0.18 margin=-0.18 relax=0.00; ret10 cur=0.00 thr=0.24 margin=-0.24; ret10_non_positive cur=0.00
1772083326.000,187660,MID,18050.0000,0.000,30,31384420,0.500,0.000,0.000,NO_BUY,reject=ret cur=0.00 thr=0.18 margin=-0.18 relax=0.00 | all=ret cur=0.00 thr=0.18 margin=-0.18 relax=0.00; ret10 cur=0.00 thr=0.24 margin=-0.24; ret10_non_positive cur=0.00
1772083327.000,035420,MID,260000.0000,-0.192,33,30429500,0.471,0.192,0.000,NO_BUY,reject=ret cur=-0.19 thr=0.18 margin=-0.37 relax=0.00 | all=ret cur=-0.19 thr=0.18 margin=-0.37 relax=0.00; ret10 cur=-0.19 thr=0.24 margin=-0.43; ret10_non_positive cur=-0.19
1772083327.000,115180,MID,34150.0000,0.147,4,3547100,0.500,0.000,0.000,NO_BUY,reject=ret cur=0.15 thr=0.18 margin=-0.03 relax=0.00 | all=ret cur=0.15 thr=0.18 margin=-0.03 relax=0.00; ticks cur=4 thr=5 margin=-1; ret10 cur=0.15 thr=0.24 margin=-0.09
1772083327.000,036810,MID,41700.0000,-0.120,24,25686200,0.500,0.000,0.000,NO_BUY,reject=ret cur=-0.12 thr=0.18 margin=-0.30 relax=0.00 | all=ret cur=-0.12 thr=0.18 margin=-0.30 relax=0.00; ret10 cur=-0.12 thr=0.24 margin=-0.36; ret10_non_positive cur=-0.12
1772083331.000,058470,MID,106200.0000,0.000,2,1167100,0.500,0.000,0.000,NO_BUY,reject=ret cur=0.00 thr=0.18 margin=-0.18 relax=0.00 | all=ret cur=0.00 thr=0.18 margin=-0.18 relax=0.00; ticks cur=2 thr=5 margin=-3; ret10 cur=0.00 thr=0.24 margin=-0.24; ret10_non_positive cur=0.00
1772083332.000,122630,MID,110890.0000,0.014,87,333357795,0.500,0.000,0.000,NO_BUY,reject=ret cur=0.01 thr=0.18 margin=-0.17 relax=0.00 | all=ret cur=0.01 thr=0.18 margin=-0.17 relax=0.00; ret10 cur=0.01 thr=0.24 margin=-0.23
1772083332.000,064400,MID,74000.0000,0.135,14,5176800,0.500,0.000,0.000,NO_BUY,reject=ret cur=0.14 thr=0.18 margin=-0.04 relax=0.00 | all=ret cur=0.14 thr=0.18 margin=-0.04 relax=0.00; ret10 cur=0.14 thr=0.24 margin=-0.10
1772083333.000,336260,MID,39800.0000,0.378,6,4176400,0.500,0.000,0.000,NO_BUY,confirm_wait 0.1s
1772083333.000,229200,MID,20990.0000,0.024,62,574976100,0.500,0.000,0.000,NO_BUY,reject=ret cur=0.02 thr=0.18 margin=-0.16 relax=0.00 | all=ret cur=0.02 thr=0.18 margin=-0.16 relax=0.00; ret10 cur=0.02 thr=0.24 margin=-0.22
1772083337.000,103590,MID,88200.0000,-0.113,4,15346900,0.764,0.113,0.000,NO_BUY,reject=ret cur=-0.11 thr=0.18 margin=-0.29 relax=0.00 | all=ret cur=-0.11 thr=0.18 margin=-0.29 relax=0.00; ticks cur=4 thr=5 margin=-1; ret10 cur=-0.11 thr=0.24 margin=-0.35; ret10_non_positive cur=-0.11
1772083337.000,233740,MID,20315.0000,0.049,140,733520962,0.500,0.000,0.000,NO_BUY,reject=ret cur=0.05 thr=0.18 margin=-0.13 relax=0.00 | all=ret cur=0.05 thr=0.18 margin=-0.13 relax=0.00; ret10 cur=0.05 thr=0.24 margin=-0.19
1772083338.000,005830,MID,208500.0000,-0.239,16,98422000,0.150,0.240,0.000,NO_BUY,reject=ret cur=-0.24 thr=0.18 margin=-0.42 relax=0.00 | all=ret cur=-0.24 thr=0.18 margin=-0.42 relax=0.00; ret10 cur=-0.24 thr=0.24 margin=-0.48; ret10_non_positive cur=-0.24
1772083338.000,086520,MID,185400.0000,0.000,9,7417800,0.500,0.000,0.000,NO_BUY,reject=ret cur=0.00 thr=0.18 margin=-0.18 relax=0.00 | all=ret cur=0.00 thr=0.18 margin=-0.18 relax=0.00; ret10 cur=0.00 thr=0.24 margin=-0.24; ret10_non_positive cur=0.00
1772083339.000,396500,MID,34670.0000,-0.014,58,206428661,0.500,0.000,0.000,NO_BUY,reject=ret cur=-0.01 thr=0.18 margin=-0.19 relax=0.00 | all=ret cur=-0.01 thr=0.18 margin=-0.19 relax=0.00; ret10 cur=-0.01 thr=0.24 margin=-0.25; ret10_non_positive cur=-0.01
1772083339.000,009900,MID,11330.0000,0.000,2,1641400,0.500,0.000,0.000,NO_BUY,reject=ret cur=0.00 thr=0.18 margin=-0.18 relax=0.00 | all=ret cur=0.00 thr=0.18 margin=-0.18 relax=0.00; ticks cur=2 thr=5 margin=-3; ret10 cur=0.00 thr=0.24 margin=-0.24; ret10_non_positive cur=0.00
1772083340.000,001500,MID,13340.0000,0.075,2,386460,0.500,0.000,0.000,NO_BUY,reject=ret cur=0.08 thr=0.18 margin=-0.10 relax=0.00 | all=ret cur=0.08 thr=0.18 margin=-0.10 relax=0.00; ticks cur=2 thr=5 margin=-3; ret10 cur=0.08 thr=0.24 margin=-0.16
1772083341.000,042520,MID,51800.0000,0.000,4,570900,0.223,0.193,0.000,NO_BUY,reject=ret cur=0.00 thr=0.18 margin=-0.18 relax=0.00 | all=ret cur=0.00 thr=0.18 margin=-0.18 relax=0.00; ticks cur=4 thr=5 margin=-1; ret10 cur=0.00 thr=0.24 margin=-0.24; ret10_non_positive cur=0.00
1772083342.000,377300,MID,69100.0000,0.000,7,3523600,0.500,0.000,0.000,NO_BUY,reject=ret cur=0.00 thr=0.18 margin=-0.18 relax=0.00 | all=ret cur=0.00 thr=0.18 margin=-0.18 relax=0.00; ret10 cur=0.00 thr=0.24 margin=-0.24; ret10_non_positive cur=0.00
1772083343.000,005930,MID,216000.0000,0.116,141,1446998500,0.453,0.232,0.000,NO_BUY,reject=ret cur=0.12 thr=0.18 margin=-0.06 relax=0.00 | all=ret cur=0.12 thr=0.18 margin=-0.06 relax=0.00; ret10 cur=0.12 thr=0.24 margin=-0.12
1772083343.000,035720,MID,61700.0000,0.000,34,50948100,0.121,0.162,0.000,NO_BUY,reject=ret cur=0.00 thr=0.18 margin=-0.18 relax=0.00 | all=ret cur=0.00 thr=0.18 margin=-0.18 relax=0.00; ret10 cur=0.00 thr=0.24 margin=-0.24; ret10_non_positive cur=0.00
1772083344.000,002020,MID,71400.0000,0.000,3,214200,0.500,0.000,0.000,NO_BUY,reject=ret cur=0.00 thr=0.18 margin=-0.18 relax=0.00 | all=ret cur=0.00 thr=0.18 margin=-0.18 relax=0.00; ticks cur=3 thr=5 margin=-2; ret10 cur=0.00 thr=0.24 margin=-0.24; ret10_non_positive cur=0.00
1772083344.000,310210,MID,317000.0000,-0.315,7,23754500,0.500,0.000,0.000,NO_BUY,reject=ret cur=-0.31 thr=0.18 margin=-0.49 relax=0.00 | all=ret cur=-0.31 thr=0.18 margin=-0.49 relax=0.00; ret10 cur=-0.31 thr=0.24 margin=-0.55; ret10_non_positive cur=-0.31
1772083345.000,066570,MID,146200.0000,0.000,34,122663350,0.500,0.000,0.000,NO_BUY,reject=ret cur=0.00 thr=0.18 margin=-0.18 relax=0.00 | all=ret cur=0.00 thr=0.18 margin=-0.18 relax=0.00; ret10 cur=0.00 thr=0.24 margin=-0.24; ret10_non_positive cur=0.00
1772083346.000,039030,MID,417000.0000,-0.120,7,62179000,0.079,0.120,0.000,NO_BUY,reject=ret cur=-0.12 thr=0.18 margin=-0.30 relax=0.00 | all=ret cur=-0.12 thr=0.18 margin=-0.30 relax=0.00; ret10 cur=-0.12 thr=0.24 margin=-0.36; ret10_non_positive cur=-0.12
1772083346.000,187660,MID,18050.0000,0.000,38,96122310,0.500,0.000,0.000,NO_BUY,reject=ret cur=0.00 thr=0.18 margin=-0.18 relax=0.00 | all=ret cur=0.00 thr=0.18 margin=-0.18 relax=0.00; ret10 cur=0.00 thr=0.24 margin=-0.24; ret10_non_positive cur=0.00
1772083347.000,035420,MID,260000.0000,-0.096,35,35109750,0.471,0.192,0.000,NO_BUY,reject=ret cur=-0.10 thr=0.18 margin=-0.28 relax=0.00 | all=ret cur=-0.10 thr=0.18 margin=-0.28 relax=0.00; ret10 cur=-0.10 thr=0.24 margin=-0.34; ret10_non_positive cur=-0.10
1772083347.000,036810,MID,41800.0000,0.120,8,960300,0.500,0.000,0.000,NO_BUY,reject=ret cur=0.12 thr=0.18 margin=-0.06 relax=0.00 | all=ret cur=0.12 thr=0.18 margin=-0.06 relax=0.00; ret10 cur=0.12 thr=0.24 margin=-0.12
1772083351.000,058470,MID,106100.0000,0.094,36,40547500,0.500,0.000,0.000,NO_BUY,reject=ret cur=0.09 thr=0.18 margin=-0.09 relax=0.00 | all=ret cur=0.09 thr=0.18 margin=-0.09 relax=0.00; ret10 cur=0.09 thr=0.24 margin=-0.15
1772083351.000,102940,MID,66000.0000,0.152,2,462300,0.500,0.000,0.000,NO_BUY,reject=ret cur=0.15 thr=0.18 margin=-0.03 relax=0.00 | all=ret cur=0.15 thr=0.18 margin=-0.03 relax=0.00; ticks cur=2 thr=5 margin=-3; ret10 cur=0.15 thr=0.24 margin=-0.09
1772083352.000,122630,MID,110935.0000,0.072,129,2117904820,0.500,0.000,0.000,NO_BUY,reject=ret cur=0.07 thr=0.18 margin=-0.11 relax=0.00 | all=ret cur=0.07 thr=0.18 margin=-0.11 relax=0.00; ret10 cur=0.07 thr=0.24 margin=-0.17
1772083352.000,064760,MID,236500.0000,0.000,3,3311000,0.491,0.211,0.000,NO_BUY,reject=ret cur=0.00 thr=0.18 margin=-0.18 relax=0.00 | all=ret cur=0.00 thr=0.18 margin=-0.18 relax=0.00; ticks cur=3 thr=5 margin=-2; ret10 cur=0.00 thr=0.24 margin=-0.24; ret10_non_positive cur=0.00
1772083353.000,336260,MID,39700.0000,0.000,8,4888050,0.500,0.000,0.000,NO_BUY,reject=ret cur=0.00 thr=0.18 margin=-0.18 relax=0.00 | all=ret cur=0.00 thr=0.18 margin=-0.18 relax=0.00; ret10 cur=0.00 thr=0.24 margin=-0.24; ret10_non_positive cur=0.00
1772083353.000,229200,MID,20990.0000,-0.024,107,855830210,0.500,0.000,0.000,NO_BUY,reject=ret cur=-0.02 thr=0.18 margin=-0.20 relax=0.00 | all=ret cur=-0.02 thr=0.18 margin=-0.20 relax=0.00; ret10 cur=-0.02 thr=0.24 margin=-0.26; ret10_non_positive cur=-0.02
1772083354.000,064400,MID,73900.0000,0.135,5,4587900,0.500,0.000,0.000,NO_BUY,reject=ret cur=0.14 thr=0.18 margin=-0.04 relax=0.00 | all=ret cur=0.14 thr=0.18 margin=-0.04 relax=0.00; ret10 cur=0.14 thr=0.24 margin=-0.10
1772083356.000,115180,MID,34100.0000,0.000,2,136600,0.500,0.000,0.000,NO_BUY,reject=ret cur=0.00 thr=0.18 margin=-0.18 relax=0.00 | all=ret cur=0.00 thr=0.18 margin=-0.18 relax=0.00; ticks cur=2 thr=5 margin=-3; ret10 cur=0.00 thr=0.24 margin=-0.24; ret10_non_positive cur=0.00
1772083357.000,103590,MID,88100.0000,0.000,6,2469500,0.758,0.113,0.000,NO_BUY,reject=ret cur=0.00 thr=0.18 margin=-0.18 relax=0.00 | all=ret cur=0.00 thr=0.18 margin=-0.18 relax=0.00; ret10 cur=0.00 thr=0.24 margin=-0.24; ret10_non_positive cur=0.00
1772083357.000,233740,MID,20320.0000,-0.025,115,614533305,0.500,0.000,0.000,NO_BUY,reject=ret cur=-0.02 thr=0.18 margin=-0.20 relax=0.00 | all=ret cur=-0.02 thr=0.18 margin=-0.20 relax=0.00; ret10 cur=-0.02 thr=0.24 margin=-0.26; ret10_non_positive cur=-0.02
1772083358.000,086520,MID,185300.0000,-0.054,29,65228100,0.500,0.000,0.000,NO_BUY,reject=ret cur=-0.05 thr=0.18 margin=-0.23 relax=0.00 | all=ret cur=-0.05 thr=0.18 margin=-0.23 relax=0.00; ret10 cur=-0.05 thr=0.24 margin=-0.29; ret10_non_positive cur=-0.05
1772083358.000,005830,MID,208500.0000,0.000,16,26506000,0.180,0.240,0.000,NO_BUY,reject=ret cur=0.00 thr=0.18 margin=-0.18 relax=0.00 | all=ret cur=0.00 thr=0.18 margin=-0.18 relax=0.00; ret10 cur=0.00 thr=0.24 margin=-0.24; ret10_non_positive cur=0.00
1772083359.000,396500,MID,34680.0000,0.000,48,315303315,0.500,0.000,0.000,NO_BUY,reject=ret cur=0.00 thr=0.18 margin=-0.18 relax=0.00 | all=ret cur=0.00 thr=0.18 margin=-0.18 relax=0.00; ret10 cur=0.00 thr=0.24 margin=-0.24; ret10_non_positive cur=0.00
1772083361.000,001500,MID,13370.0000,0.000,2,3941200,0.500,0.000,0.000,NO_BUY,reject=ret cur=0.00 thr=0.18 margin=-0.18 relax=0.00 | all=ret cur=0.00 thr=0.18 margin=-0.18 relax=0.00; ticks cur=2 thr=5 margin=-3; ret10 cur=0.00 thr=0.24 margin=-0.24; ret10_non_positive cur=0.00
1772083362.000,042520,MID,51600.0000,-0.193,6,3001100,0.500,0.000,0.000,NO_BUY,reject=ret cur=-0.19 thr=0.18 margin=-0.37 relax=0.00 | all=ret cur=-0.19 thr=0.18 margin=-0.37 relax=0.00; ret10 cur=-0.19 thr=0.24 margin=-0.43; ret10_non_positive cur=-0.19
1772083363.000,005930,MID,216000.0000,-0.231,144,775033000,0.455,0.232,0.000,NO_BUY,reject=ret cur=-0.23 thr=0.18 margin=-0.41 relax=0.00 | all=ret cur=-0.23 thr=0.18 margin=-0.41 relax=0.00; ret10 cur=-0.23 thr=0.24 margin=-0.47; ret10_non_positive cur=-0.23
1772083363.000,377300,MID,69000.0000,0.000,13,8070050,0.500,0.000,0.000,NO_BUY,reject=ret cur=0.00 thr=0.18 margin=-0.18 relax=0.00 | all=ret cur=0.00 thr=0.18 margin=-0.18 relax=0.00; ret10 cur=0.00 thr=0.24 margin=-0.24; ret10_non_positive cur=0.00
1772083363.000,035720,MID,61600.0000,0.000,45,111492500,0.138,0.162,0.000,NO_BUY,reject=ret cur=0.00 thr=0.18 margin=-0.18 relax=0.00 | all=ret cur=0.00 thr=0.18 margin=-0.18 relax=0.00; ret10 cur=0.00 thr=0.24 margin=-0.24; ret10_non_positive cur=0.00
1772083364.000,294570,MID,33700.0000,0.000,3,101100,0.500,0.000,0.000,NO_BUY,reject=ret cur=0.00 thr=0.18 margin=-0.18 relax=0.00 | all=ret cur=0.00 thr=0.18 margin=-0.18 relax=0.00; ticks cur=3 thr=5 margin=-2; ret10 cur=0.00 thr=0.24 margin=-0.24; ret10_non_positive cur=0.00
1772083365.000,002020,MID,71500.0000,-0.140,4,2219400,0.500,0.000,0.000,NO_BUY,reject=ret cur=-0.14 thr=0.18 margin=-0.32 relax=0.00 | all=ret cur=-0.14 thr=0.18 margin=-0.32 relax=0.00; ticks cur=4 thr=5 margin=-1; ret10 cur=-0.14 thr=0.24 margin=-0.38; ret10_non_positive cur=-0.14
1772083365.000,310210,MID,316000.0000,-0.158,3,2527500,0.500,0.000,0.000,NO_BUY,reject=ret cur=-0.16 thr=0.18 margin=-0.34 relax=0.00 | all=ret cur=-0.16 thr=0.18 margin=-0.34 relax=0.00; ticks cur=3 thr=5 margin=-2; ret10 cur=-0.16 thr=0.24 margin=-0.40; ret10_non_positive cur=-0.16
1772083365.000,066570,MID,146150.0000,0.000,36,48245000,0.500,0.000,0.000,NO_BUY,reject=ret cur=0.00 thr=0.18 margin=-0.18 relax=0.00 | all=ret cur=0.00 thr=0.18 margin=-0.18 relax=0.00; ret10 cur=0.00 thr=0.24 margin=-0.24; ret10_non_positive cur=0.00
1772083366.000,187660,MID,18080.0000,0.000,43,101226230,0.500,0.000,0.000,NO_BUY,reject=ret cur=0.00 thr=0.18 margin=-0.18 relax=0.00 | all=ret cur=0.00 thr=0.18 margin=-0.18 relax=0.00; ret10 cur=0.00 thr=0.24 margin=-0.24; ret10_non_positive cur=0.00
1772083367.000,035420,MID,260500.0000,0.000,26,83215250,0.481,0.192,0.000,NO_BUY,reject=ret cur=0.00 thr=0.18 margin=-0.18 relax=0.00 | all=ret cur=0.00 thr=0.18 margin=-0.18 relax=0.00; ret10 cur=0.00 thr=0.24 margin=-0.24; ret10_non_positive cur=0.00
1772083367.000,036810,MID,41800.0000,0.120,5,5057600,0.500,0.000,0.000,NO_BUY,reject=ret cur=0.12 thr=0.18 margin=-0.06 relax=0.00 | all=ret cur=0.12 thr=0.18 margin=-0.06 relax=0.00; ret10 cur=0.12 thr=0.24 margin=-0.12
1772083370.000,039030,MID,417500.0000,-0.120,4,2086500,0.266,0.120,0.000,NO_BUY,reject=ret cur=-0.12 thr=0.18 margin=-0.30 relax=0.00 | all=ret cur=-0.12 thr=0.18 margin=-0.30 relax=0.00; ticks cur=4 thr=5 margin=-1; ret10 cur=-0.12 thr=0.24 margin=-0.36; ret10_non_positive cur=-0.12
1772083372.000,122630,MID,110915.0000,-0.014,53,230258762,0.500,0.000,0.000,NO_BUY,reject=ret cur=-0.01 thr=0.18 margin=-0.19 relax=0.00 | all=ret cur=-0.01 thr=0.18 margin=-0.19 relax=0.00; ret10 cur=-0.01 thr=0.24 margin=-0.25; ret10_non_positive cur=-0.01
1772083373.000,229200,MID,20985.0000,0.024,55,717120610,0.500,0.000,0.000,NO_BUY,reject=ret cur=0.02 thr=0.18 margin=-0.16 relax=0.00 | all=ret cur=0.02 thr=0.18 margin=-0.16 relax=0.00; ret10 cur=0.02 thr=0.24 margin=-0.22
1772083373.000,336260,MID,39700.0000,0.126,4,2896700,0.500,0.000,0.000,NO_BUY,reject=ret cur=0.13 thr=0.18 margin=-0.05 relax=0.00 | all=ret cur=0.13 thr=0.18 margin=-0.05 relax=0.00; ticks cur=4 thr=5 margin=-1; ret10 cur=0.13 thr=0.24 margin=-0.11
1772083374.000,064400,MID,74000.0000,0.135,17,32233300,0.500,0.000,0.000,NO_BUY,reject=ret cur=0.14 thr=0.18 margin=-0.04 relax=0.00 | all=ret cur=0.14 thr=0.18 margin=-0.04 relax=0.00; ret10 cur=0.14 thr=0.24 margin=-0.10
1772083377.000,233740,MID,20305.0000,-0.049,73,905869390,0.500,0.000,0.000,NO_BUY,reject=ret cur=-0.05 thr=0.18 margin=-0.23 relax=0.00 | all=ret cur=-0.05 thr=0.18 margin=-0.23 relax=0.00; ret10 cur=-0.05 thr=0.24 margin=-0.29; ret10_non_positive cur=-0.05
1772083378.000,064760,MID,236500.0000,-0.211,3,8751000,0.502,0.211,0.000,NO_BUY,reject=ret cur=-0.21 thr=0.18 margin=-0.39 relax=0.00 | all=ret cur=-0.21 thr=0.18 margin=-0.39 relax=0.00; ticks cur=3 thr=5 margin=-2; ret10 cur=-0.21 thr=0.24 margin=-0.45; ret10_non_positive cur=-0.21
1772083378.000,005830,MID,208500.0000,0.240,10,2919500,0.189,0.240,0.000,NO_BUY,pullback_wait cur=208500.00 peak=208500.00 pb_thr=208083.00 reb_thr=208395.75 pulled=0
1772083378.000,086520,MID,185300.0000,-0.054,29,62455700,0.500,0.000,0.000,NO_BUY,reject=ret cur=-0.05 thr=0.18 margin=-0.23 relax=0.00 | all=ret cur=-0.05 thr=0.18 margin=-0.23 relax=0.00; ret10 cur=-0.05 thr=0.24 margin=-0.29; ret10_non_positive cur=-0.05
1772083379.000,396500,MID,34665.0000,-0.029,47,70339237,0.500,0.000,0.000,NO_BUY,reject=ret cur=-0.03 thr=0.18 margin=-0.21 relax=0.00 | all=ret cur=-0.03 thr=0.18 margin=-0.21 relax=0.00; ret10 cur=-0.03 thr=0.24 margin=-0.27; ret10_non_positive cur=-0.03
1772083379.000,103590,MID,88200.0000,0.000,3,705600,0.760,0.113,0.000,NO_BUY,reject=ret cur=0.00 thr=0.18 margin=-0.18 relax=0.00 | all=ret cur=0.00 thr=0.18 margin=-0.18 relax=0.00; ticks cur=3 thr=5 margin=-2; ret10 cur=0.00 thr=0.24 margin=-0.24; ret10_non_positive cur=0.00
1772083383.000,005930,MID,215500.0000,-0.231,140,7180883250,0.444,0.232,0.000,NO_BUY,reject=ret cur=-0.23 thr=0.18 margin=-0.41 relax=0.00 | all=ret cur=-0.23 thr=0.18 margin=-0.41 relax=0.00; ret10 cur=-0.23 thr=0.24 margin=-0.47; ret10_non_positive cur=-0.23
1772083383.000,035720,MID,61500.0000,0.000,41,91720600,0.138,0.162,0.000,NO_BUY,reject=ret cur=0.00 thr=0.18 margin=-0.18 relax=0.00 | all=ret cur=0.00 thr=0.18 margin=-0.18 relax=0.00; ret10 cur=0.00 thr=0.24 margin=-0.24; ret10_non_positive cur=0.00
1772083383.000,377300,MID,69100.0000,0.000,16,10774600,0.500,0.000,0.000,NO_BUY,reject=ret cur=0.00 thr=0.18 margin=-0.18 relax=0.00 | all=ret cur=0.00 thr=0.18 margin=-0.18 relax=0.00; ret10 cur=0.00 thr=0.24 margin=-0.24; ret10_non_positive cur=0.00
1772083383.000,042520,MID,51700.0000,0.000,3,4486200,0.213,0.388,0.000,NO_BUY,reject=ret cur=0.00 thr=0.18 margin=-0.18 relax=0.00 | all=ret cur=0.00 thr=0.18 margin=-0.18 relax=0.00; ticks cur=3 thr=5 margin=-2; ret10 cur=0.00 thr=0.24 margin=-0.24; ret10_non_positive cur=0.00
1772083385.000,310210,MID,316000.0000,0.158,9,4422000,0.500,0.000,0.000,NO_BUY,reject=ret cur=0.16 thr=0.18 margin=-0.02 relax=0.00 | all=ret cur=0.16 thr=0.18 margin=-0.02 relax=0.00; ret10 cur=0.16 thr=0.24 margin=-0.08
1772083385.000,066570,MID,146200.0000,-0.068,30,19441450,0.500,0.000,0.000,NO_BUY,reject=ret cur=-0.07 thr=0.18 margin=-0.25 relax=0.00 | all=ret cur=-0.07 thr=0.18 margin=-0.25 relax=0.00; ret10 cur=-0.07 thr=0.24 margin=-0.31; ret10_non_positive cur=-0.07
1772083385.000,002020,MID,71700.0000,-0.279,3,1577200,0.500,0.000,0.000,NO_BUY,reject=ret cur=-0.28 thr=0.18 margin=-0.46 relax=0.00 | all=ret cur=-0.28 thr=0.18 margin=-0.46 relax=0.00; ticks cur=3 thr=5 margin=-2; ret10 cur=-0.28 thr=0.24 margin=-0.52; ret10_non_positive cur=-0.28
1772083386.000,187660,MID,18070.0000,-0.055,37,24851390,0.500,0.000,0.000,NO_BUY,reject=ret cur=-0.06 thr=0.18 margin=-0.24 relax=0.00 | all=ret cur=-0.06 thr=0.18 margin=-0.24 relax=0.00; ret10 cur=-0.06 thr=0.24 margin=-0.30; ret10_non_positive cur=-0.06
1772083387.000,036810,MID,41750.0000,-0.119,7,4478000,0.500,0.000,0.000,NO_BUY,reject=ret cur=-0.12 thr=0.18 margin=-0.30 relax=0.00 | all=ret cur=-0.12 thr=0.18 margin=-0.30 relax=0.00; ret10 cur=-0.12 thr=0.24 margin=-0.36; ret10_non_positive cur=-0.12
1772083387.000,035420,MID,260000.0000,0.000,36,47627750,0.481,0.192,0.000,NO_BUY,reject=ret cur=0.00 thr=0.18 margin=-0.18 relax=0.00 | all=ret cur=0.00 thr=0.18 margin=-0.18 relax=0.00; ret10 cur=0.00 thr=0.24 margin=-0.24; ret10_non_positive cur=0.00
1772083388.000,058470,MID,106100.0000,0.000,8,53262200,0.500,0.000,0.000,NO_BUY,reject=ret cur=0.00 thr=0.18 margin=-0.18 relax=0.00 | all=ret cur=0.00 thr=0.18 margin=-0.18 relax=0.00; ret10 cur=0.00 thr=0.24 margin=-0.24; ret10_non_positive cur=0.00
1772083389.000,294570,MID,33700.0000,-0.148,2,437550,0.500,0.000,0.000,NO_BUY,reject=ret cur=-0.15 thr=0.18 margin=-0.33 relax=0.00 | all=ret cur=-0.15 thr=0.18 margin=-0.33 relax=0.00; ticks cur=2 thr=5 margin=-3; ret10 cur=-0.15 thr=0.24 margin=-0.39; ret10_non_positive cur=-0.15
1772083390.000,039030,MID,417000.0000,0.120,9,10431500,0.092,0.120,0.000,NO_BUY,reject=ret cur=0.12 thr=0.18 margin=-0.06 relax=0.00 | all=ret cur=0.12 thr=0.18 margin=-0.06 relax=0.00; ret10 cur=0.12 thr=0.24 margin=-0.12
1772083392.000,122630,MID,110945.0000,0.018,88,716472090,0.500,0.000,0.000,NO_BUY,reject=ret cur=0.02 thr=0.18 margin=-0.16 relax=0.00 | all=ret cur=0.02 thr=0.18 margin=-0.16 relax=0.00; ret10 cur=0.02 thr=0.24 margin=-0.22
1772083393.000,336260,MID,39700.0000,0.000,5,1826200,0.500,0.000,0.000,NO_BUY,reject=ret cur=0.00 thr=0.18 margin=-0.18 relax=0.00 | all=ret cur=0.00 thr=0.18 margin=-0.18 relax=0.00; ret10 cur=0.00 thr=0.24 margin=-0.24; ret10_non_positive cur=0.00
1772083393.000,229200,MID,20980.0000,0.000,76,209607925,0.500,0.000,0.000,NO_BUY,reject=ret cur=0.00 thr=0.18 margin=-0.18 relax=0.00 | all=ret cur=0.00 thr=0.18 margin=-0.18 relax=0.00; ret10 cur=0.00 thr=0.24 margin=-0.24; ret10_non_positive cur=0.00
1772083393.000,009900,MID,11340.0000,-0.088,3,7558020,0.500,0.000,0.000,NO_BUY,reject=ret cur=-0.09 thr=0.18 margin=-0.27 relax=0.00 | all=ret cur=-0.09 thr=0.18 margin=-0.27 relax=0.00; ticks cur=3 thr=5 margin=-2; ret10 cur=-0.09 thr=0.24 margin=-0.33; ret10_non_positive cur=-0.09
1772083394.000,064400,MID,73900.0000,0.000,9,2515600,0.500,0.000,0.000,NO_BUY,reject=ret cur=0.00 thr=0.18 margin=-0.18 relax=0.00 | all=ret cur=0.00 thr=0.18 margin=-0.18 relax=0.00; ret10 cur=0.00 thr=0.24 margin=-0.24; ret10_non_positive cur=0.00
1772083397.000,233740,MID,20320.0000,0.000,48,143949530,0.500,0.000,0.000,NO_BUY,reject=ret cur=0.00 thr=0.18 margin=-0.18 relax=0.00 | all=ret cur=0.00 thr=0.18 margin=-0.18 relax=0.00; ret10 cur=0.00 thr=0.24 margin=-0.24; ret10_non_positive cur=0.00
1772083398.000,086520,MID,185400.0000,0.000,16,86582300,0.500,0.000,0.000,NO_BUY,reject=ret cur=0.00 thr=0.18 margin=-0.18 relax=0.00 | all=ret cur=0.00 thr=0.18 margin=-0.18 relax=0.00; ret10 cur=0.00 thr=0.24 margin=-0.24; ret10_non_positive cur=0.00
1772083399.000,005830,MID,209000.0000,0.000,7,14820500,0.152,0.240,0.000,NO_BUY,reject=ret cur=0.00 thr=0.18 margin=-0.18 relax=0.00 | all=ret cur=0.00 thr=0.18 margin=-0.18 relax=0.00; ret10 cur=0.00 thr=0.24 margin=-0.24; ret10_non_positive cur=0.00
1772083399.000,396500,MID,34670.0000,0.000,60,177378445,0.500,0.000,0.000,NO_BUY,reject=ret cur=0.00 thr=0.18 margin=-0.18 relax=0.00 | all=ret cur=0.00 thr=0.18 margin=-0.18 relax=0.00; ret10 cur=0.00 thr=0.24 margin=-0.24; ret10_non_positive cur=0.00
1772083401.000,064760,MID,237000.0000,-0.211,3,3316500,0.493,0.211,0.000,NO_BUY,reject=ret cur=-0.21 thr=0.18 margin=-0.39 relax=0.00 | all=ret cur=-0.21 thr=0.18 margin=-0.39 relax=0.00; ticks cur=3 thr=5 margin=-2; ret10 cur=-0.21 thr=0.24 margin=-0.45; ret10_non_positive cur=-0.21
1772083401.000,103590,MID,88200.0000,0.000,4,3260800,0.757,0.113,0.000,NO_BUY,reject=ret cur=0.00 thr=0.18 margin=-0.18 relax=0.00 | all=ret cur=0.00 thr=0.18 margin=-0.18 relax=0.00; ticks cur=4 thr=5 margin=-1; ret10 cur=0.00 thr=0.24 margin=-0.24; ret10_non_positive cur=0.00
1772083403.000,005930,MID,215500.0000,-0.231,96,781484750,0.444,0.232,0.000,NO_BUY,reject=ret cur=-0.23 thr=0.18 margin=-0.41 relax=0.00 | all=ret cur=-0.23 thr=0.18 margin=-0.41 relax=0.00; ret10 cur=-0.23 thr=0.24 margin=-0.47; ret10_non_positive cur=-0.23
1772083403.000,035720,MID,61500.0000,0.000,37,57521000,0.140,0.162,0.000,NO_BUY,reject=ret cur=0.00 thr=0.18 margin=-0.18 relax=0.00 | all=ret cur=0.00 thr=0.18 margin=-0.18 relax=0.00; ret10 cur=0.00 thr=0.24 margin=-0.24; ret10_non_positive cur=0.00
1772083404.000,377300,MID,69000.0000,0.000,11,18768200,0.500,0.000,0.000,NO_BUY,reject=ret cur=0.00 thr=0.18 margin=-0.18 relax=0.00 | all=ret cur=0.00 thr=0.18 margin=-0.18 relax=0.00; ret10 cur=0.00 thr=0.24 margin=-0.24; ret10_non_positive cur=0.00
1772083405.000,066570,MID,146000.0000,-0.137,32,49231300,0.500,0.000,0.000,NO_BUY,reject=ret cur=-0.14 thr=0.18 margin=-0.32 relax=0.00 | all=ret cur=-0.14 thr=0.18 margin=-0.32 relax=0.00; ret10 cur=-0.14 thr=0.24 margin=-0.38; ret10_non_positive cur=-0.14
1772083406.000,187660,MID,18140.0000,0.000,77,107181720,0.500,0.000,0.000,NO_BUY,reject=ret cur=0.00 thr=0.18 margin=-0.18 relax=0.00 | all=ret cur=0.00 thr=0.18 margin=-0.18 relax=0.00; ret10 cur=0.00 thr=0.24 margin=-0.24; ret10_non_positive cur=0.00
1772083407.000,036810,MID,41550.0000,-0.240,70,69832200,0.500,0.000,0.000,NO_BUY,reject=ret cur=-0.24 thr=0.18 margin=-0.42 relax=0.00 | all=ret cur=-0.24 thr=0.18 margin=-0.42 relax=0.00; ret10 cur=-0.24 thr=0.24 margin=-0.48; ret10_non_positive cur=-0.24
1772083407.000,035420,MID,260000.0000,0.000,25,150024500,0.480,0.192,0.000,NO_BUY,reject=ret cur=0.00 thr=0.18 margin=-0.18 relax=0.00 | all=ret cur=0.00 thr=0.18 margin=-0.18 relax=0.00; ret10 cur=0.00 thr=0.24 margin=-0.24; ret10_non_positive cur=0.00
1772083408.000,058470,MID,106100.0000,0.000,13,85780600,0.500,0.000,0.000,NO_BUY,reject=ret cur=0.00 thr=0.18 margin=-0.18 relax=0.00 | all=ret cur=0.00 thr=0.18 margin=-0.18 relax=0.00; ret10 cur=0.00 thr=0.24 margin=-0.24; ret10_non_positive cur=0.00
1772083408.000,115180,MID,34150.0000,-0.147,2,306400,0.500,0.000,0.000,NO_BUY,reject=ret cur=-0.15 thr=0.18 margin=-0.33 relax=0.00 | all=ret cur=-0.15 thr=0.18 margin=-0.33 relax=0.00; ticks cur=2 thr=5 margin=-3; ret10 cur=-0.15 thr=0.24 margin=-0.39; ret10_non_positive cur=-0.15
1772083409.000,002020,MID,71600.0000,0.140,4,716100,0.500,0.000,0.000,NO_BUY,reject=ret cur=0.14 thr=0.18 margin=-0.04 relax=0.00 | all=ret cur=0.14 thr=0.18 margin=-0.04 relax=0.00; ticks cur=4 thr=5 margin=-1; ret10 cur=0.14 thr=0.24 margin=-0.10
1772083410.000,039030,MID,417000.0000,0.000,9,53806000,0.093,0.120,0.000,NO_BUY,reject=ret cur=0.00 thr=0.18 margin=-0.18 relax=0.00 | all=ret cur=0.00 thr=0.18 margin=-0.18 relax=0.00; ret10 cur=0.00 thr=0.24 margin=-0.24; ret10_non_positive cur=0.00
1772083410.000,310210,MID,316000.0000,0.000,6,8859250,0.500,0.000,0.000,NO_BUY,reject=ret cur=0.00 thr=0.18 margin=-0.18 relax=0.00 | all=ret cur=0.00 thr=0.18 margin=-0.18 relax=0.00; ret10 cur=0.00 thr=0.24 margin=-0.24; ret10_non_positive cur=0.00
1772083410.000,042520,MID,51600.0000,0.000,2,2429900,0.214,0.194,0.000,NO_BUY,reject=ret cur=0.00 thr=0.18 margin=-0.18 relax=0.00 | all=ret cur=0.00 thr=0.18 margin=-0.18 relax=0.00; ticks cur=2 thr=5 margin=-3; ret10 cur=0.00 thr=0.24 margin=-0.24; ret10_non_positive cur=0.00
1772083412.000,241770,MID,29050.0000,0.000,9,6089500,0.500,0.000,0.000,NO_BUY,reject=ret cur=0.00 thr=0.18 margin=-0.18 relax=0.00 | all=ret cur=0.00 thr=0.18 margin=-0.18 relax=0.00; ret10 cur=0.00 thr=0.24 margin=-0.24; ret10_non_positive cur=0.00
1772083412.000,122630,MID,110915.0000,-0.009,79,1382864000,0.500,0.000,0.000,NO_BUY,reject=ret cur=-0.01 thr=0.18 margin=-0.19 relax=0.00 | all=ret cur=-0.01 thr=0.18 margin=-0.19 relax=0.00; ret10 cur=-0.01 thr=0.24 margin=-0.25; ret10_non_positive cur=-0.01
1772083413.000,336260,MID,39700.0000,0.000,4,1430450,0.500,0.000,0.000,NO_BUY,reject=ret cur=0.00 thr=0.18 margin=-0.18 relax=0.00 | all=ret cur=0.00 thr=0.18 margin=-0.18 relax=0.00; ticks cur=4 thr=5 margin=-1; ret10 cur=0.00 thr=0.24 margin=-0.24; ret10_non_positive cur=0.00
1772083413.000,229200,MID,20990.0000,0.000,48,160632830,0.500,0.000,0.000,NO_BUY,reject=ret cur=0.00 thr=0.18 margin=-0.18 relax=0.00 | all=ret cur=0.00 thr=0.18 margin=-0.18 relax=0.00; ret10 cur=0.00 thr=0.24 margin=-0.24; ret10_non_positive cur=0.00
1772083414.000,064400,MID,74000.0000,0.000,12,60746700,0.500,0.000,0.000,NO_BUY,reject=ret cur=0.00 thr=0.18 margin=-0.18 relax=0.00 | all=ret cur=0.00 thr=0.18 margin=-0.18 relax=0.00; ret10 cur=0.00 thr=0.24 margin=-0.24; ret10_non_positive cur=0.00
1772083417.000,009900,MID,11340.0000,0.000,2,5143820,0.500,0.000,0.000,NO_BUY,reject=ret cur=0.00 thr=0.18 margin=-0.18 relax=0.00 | all=ret cur=0.00 thr=0.18 margin=-0.18 relax=0.00; ticks cur=2 thr=5 margin=-3; ret10 cur=0.00 thr=0.24 margin=-0.24; ret10_non_positive cur=0.00
1772083417.000,233740,MID,20320.0000,-0.010,58,278978150,0.500,0.000,0.000,NO_BUY,reject=ret cur=-0.01 thr=0.18 margin=-0.19 relax=0.00 | all=ret cur=-0.01 thr=0.18 margin=-0.19 relax=0.00; ret10 cur=-0.01 thr=0.24 margin=-0.25; ret10_non_positive cur=-0.01
1772083418.000,086520,MID,185400.0000,0.054,23,226197600,0.500,0.000,0.000,NO_BUY,reject=ret cur=0.05 thr=0.18 margin=-0.13 relax=0.00 | all=ret cur=0.05 thr=0.18 margin=-0.13 relax=0.00; ret10 cur=0.05 thr=0.24 margin=-0.19
1772083419.000,396500,MID,34670.0000,0.014,74,965659560,0.500,0.000,0.000,NO_BUY,reject=ret cur=0.01 thr=0.18 margin=-0.17 relax=0.00 | all=ret cur=0.01 thr=0.18 margin=-0.17 relax=0.00; ret10 cur=0.01 thr=0.24 margin=-0.23
1772083421.000,064760,MID,237000.0000,0.423,7,5215000,0.407,0.211,0.000,NO_BUY,confirm_wait 0.1s
1772083422.000,005830,MID,209000.0000,0.000,5,15461000,0.169,0.240,0.000,NO_BUY,reject=ret cur=0.00 thr=0.18 margin=-0.18 relax=0.00 | all=ret cur=0.00 thr=0.18 margin=-0.18 relax=0.00; ret10 cur=0.00 thr=0.24 margin=-0.24; ret10_non_positive cur=0.00
1772083423.000,005930,MID,215750.0000,-0.116,137,2143295250,0.447,0.232,0.000,NO_BUY,reject=ret cur=-0.12 thr=0.18 margin=-0.30 relax=0.00 | all=ret cur=-0.12 thr=0.18 margin=-0.30 relax=0.00; ret10 cur=-0.12 thr=0.24 margin=-0.36; ret10_non_positive cur=-0.12
1772083423.000,035720,MID,61600.0000,-0.324,23,53401300,0.141,0.162,0.000,NO_BUY,reject=ret cur=-0.32 thr=0.18 margin=-0.50 relax=0.00 | all=ret cur=-0.32 thr=0.18 margin=-0.50 relax=0.00; ret10 cur=-0.32 thr=0.24 margin=-0.56; ret10_non_positive cur=-0.32
1772083423.000,103590,MID,88100.0000,0.114,3,16399100,0.761,0.113,0.000,NO_BUY,reject=ret cur=0.11 thr=0.18 margin=-0.07 relax=0.00 | all=ret cur=0.11 thr=0.18 margin=-0.07 relax=0.00; ticks cur=3 thr=5 margin=-2; ret10 cur=0.11 thr=0.24 margin=-0.13
1772083424.000,377300,MID,69100.0000,0.145,11,17128400,0.500,0.000,0.000,NO_BUY,reject=ret cur=0.14 thr=0.18 margin=-0.04 relax=0.00 | all=ret cur=0.14 thr=0.18 margin=-0.04 relax=0.00; ret10 cur=0.14 thr=0.24 margin=-0.10
1772083425.000,066570,MID,146100.0000,0.000,31,70538500,0.500,0.000,0.000,NO_BUY,reject=ret cur=0.00 thr=0.18 margin=-0.18 relax=0.00 | all=ret cur=0.00 thr=0.18 margin=-0.18 relax=0.00; ret10 cur=0.00 thr=0.24 margin=-0.24; ret10_non_positive cur=0.00
1772083426.000,187660,MID,18120.0000,-0.055,46,80315170,0.500,0.000,0.000,NO_BUY,reject=ret cur=-0.06 thr=0.18 margin=-0.24 relax=0.00 | all=ret cur=-0.06 thr=0.18 margin=-0.24 relax=0.00; ret10 cur=-0.06 thr=0.24 margin=-0.30; ret10_non_positive cur=-0.06
1772083427.000,035420,MID,260000.0000,-0.192,22,77484000,0.478,0.192,0.000,NO_BUY,reject=ret cur=-0.19 thr=0.18 margin=-0.37 relax=0.00 | all=ret cur=-0.19 thr=0.18 margin=-0.37 relax=0.00; ret10 cur=-0.19 thr=0.24 margin=-0.43; ret10_non_positive cur=-0.19
1772083428.000,036810,MID,41650.0000,0.000,6,2288450,0.500,0.000,0.000,NO_BUY,reject=ret cur=0.00 thr=0.18 margin=-0.18 relax=0.00 | all=ret cur=0.00 thr=0.18 margin=-0.18 relax=0.00; ret10 cur=0.00 thr=0.24 margin=-0.24; ret10_non_positive cur=0.00
1772083430.000,115180,MID,34200.0000,0.293,10,57574050,0.500,0.000,0.000,NO_BUY,pullback_wait cur=34200.00 peak=34200.00 pb_thr=34131.60 reb_thr=34182.90 pulled=0
1772083430.000,039030,MID,417000.0000,0.000,11,85072500,0.083,0.120,0.000,NO_BUY,reject=ret cur=0.00 thr=0.18 margin=-0.18 relax=0.00 | all=ret cur=0.00 thr=0.18 margin=-0.18 relax=0.00; ret10 cur=0.00 thr=0.24 margin=-0.24; ret10_non_positive cur=0.00
1772083430.000,042520,MID,51600.0000,-0.193,4,3097000,0.209,0.388,0.000,NO_BUY,reject=ret cur=-0.19 thr=0.18 margin=-0.37 relax=0.00 | all=ret cur=-0.19 thr=0.18 margin=-0.37 relax=0.00; ticks cur=4 thr=5 margin=-1; ret10 cur=-0.19 thr=0.24 margin=-0.43; ret10_non_positive cur=-0.19
1772083430.000,002020,MID,71500.0000,0.000,2,143000,0.500,0.000,0.000,NO_BUY,reject=ret cur=0.00 thr=0.18 margin=-0.18 relax=0.00 | all=ret cur=0.00 thr=0.18 margin=-0.18 relax=0.00; ticks cur=2 thr=5 margin=-3; ret10 cur=0.00 thr=0.24 margin=-0.24; ret10_non_positive cur=0.00
1772083431.000,310210,MID,315500.0000,0.000,2,632000,0.500,0.000,0.000,NO_BUY,reject=ret cur=0.00 thr=0.18 margin=-0.18 relax=0.00 | all=ret cur=0.00 thr=0.18 margin=-0.18 relax=0.00; ticks cur=2 thr=5 margin=-3; ret10 cur=0.00 thr=0.24 margin=-0.24; ret10_non_positive cur=0.00
1772083432.000,122630,MID,110935.0000,-0.032,156,1776768910,0.500,0.000,0.000,NO_BUY,reject=ret cur=-0.03 thr=0.18 margin=-0.21 relax=0.00 | all=ret cur=-0.03 thr=0.18 margin=-0.21 relax=0.00; ret10 cur=-0.03 thr=0.24 margin=-0.27; ret10_non_positive cur=-0.03
1772083433.000,229200,MID,20990.0000,0.000,178,396772570,0.500,0.000,0.000,NO_BUY,reject=ret cur=0.00 thr=0.18 margin=-0.18 relax=0.00 | all=ret cur=0.00 thr=0.18 margin=-0.18 relax=0.00; ret10 cur=0.00 thr=0.24 margin=-0.24; ret10_non_positive cur=0.00
1772083434.000,336260,MID,39700.0000,0.126,4,12982650,0.500,0.000,0.000,NO_BUY,reject=ret cur=0.13 thr=0.18 margin=-0.05 relax=0.00 | all=ret cur=0.13 thr=0.18 margin=-0.05 relax=0.00; ticks cur=4 thr=5 margin=-1; ret10 cur=0.13 thr=0.24 margin=-0.11
1772083434.000,064400,MID,73800.0000,0.000,18,10271100,0.500,0.000,0.000,NO_BUY,reject=ret cur=0.00 thr=0.18 margin=-0.18 relax=0.00 | all=ret cur=0.00 thr=0.18 margin=-0.18 relax=0.00; ret10 cur=0.00 thr=0.24 margin=-0.24; ret10_non_positive cur=0.00
1772083436.000,001500,MID,13350.0000,0.000,2,560700,0.500,0.000,0.000,NO_BUY,reject=ret cur=0.00 thr=0.18 margin=-0.18 relax=0.00 | all=ret cur=0.00 thr=0.18 margin=-0.18 relax=0.00; ticks cur=2 thr=5 margin=-3; ret10 cur=0.00 thr=0.24 margin=-0.24; ret10_non_positive cur=0.00
1772083437.000,233740,MID,20335.0000,0.025,57,891090305,0.500,0.000,0.000,NO_BUY,reject=ret cur=0.02 thr=0.18 margin=-0.16 relax=0.00 | all=ret cur=0.02 thr=0.18 margin=-0.16 relax=0.00; ret10 cur=0.02 thr=0.24 margin=-0.22
1772083438.000,086520,MID,185500.0000,-0.054,23,395643000,0.500,0.000,0.000,NO_BUY,reject=ret cur=-0.05 thr=0.18 margin=-0.23 relax=0.00 | all=ret cur=-0.05 thr=0.18 margin=-0.23 relax=0.00; ret10 cur=-0.05 thr=0.24 margin=-0.29; ret10_non_positive cur=-0.05
1772083439.000,396500,MID,34680.0000,0.029,39,37078125,0.500,0.000,0.000,NO_BUY,reject=ret cur=0.03 thr=0.18 margin=-0.15 relax=0.00 | all=ret cur=0.03 thr=0.18 margin=-0.15 relax=0.00; ret10 cur=0.03 thr=0.24 margin=-0.21
1772083441.000,294570,MID,33700.0000,0.000,2,6403000,0.500,0.000,0.000,NO_BUY,reject=ret cur=0.00 thr=0.18 margin=-0.18 relax=0.00 | all=ret cur=0.00 thr=0.18 margin=-0.18 relax=0.00; ticks cur=2 thr=5 margin=-3; ret10 cur=0.00 thr=0.24 margin=-0.24; ret10_non_positive cur=0.00
1772083442.000,005830,MID,208500.0000,0.000,28,204910000,0.132,0.240,0.000,NO_BUY,reject=ret cur=0.00 thr=0.18 margin=-0.18 relax=0.00 | all=ret cur=0.00 thr=0.18 margin=-0.18 relax=0.00; ret10 cur=0.00 thr=0.24 margin=-0.24; ret10_non_positive cur=0.00
1772083443.000,005930,MID,215500.0000,0.000,119,1063979500,0.452,0.232,0.000,NO_BUY,reject=ret cur=0.00 thr=0.18 margin=-0.18 relax=0.00 | all=ret cur=0.00 thr=0.18 margin=-0.18 relax=0.00; ret10 cur=0.00 thr=0.24 margin=-0.24; ret10_non_positive cur=0.00
1772083443.000,035720,MID,61700.0000,0.162,47,152575500,0.126,0.162,0.000,NO_BUY,reject=ret cur=0.16 thr=0.18 margin=-0.02 relax=0.00 | all=ret cur=0.16 thr=0.18 margin=-0.02 relax=0.00; ret10 cur=0.16 thr=0.24 margin=-0.08
1772083443.000,064760,MID,236500.0000,0.000,8,17994000,0.450,0.211,0.000,NO_BUY,reject=ret cur=0.00 thr=0.18 margin=-0.18 relax=0.00 | all=ret cur=0.00 thr=0.18 margin=-0.18 relax=0.00; ret10 cur=0.00 thr=0.24 margin=-0.24; ret10_non_positive cur=0.00
1772083444.000,377300,MID,69000.0000,0.145,10,3039600,0.500,0.000,0.000,NO_BUY,reject=ret cur=0.14 thr=0.18 margin=-0.04 relax=0.00 | all=ret cur=0.14 thr=0.18 margin=-0.04 relax=0.00; ret10 cur=0.14 thr=0.24 margin=-0.10
1772083445.000,103590,MID,88200.0000,0.000,3,9955300,0.760,0.113,0.000,NO_BUY,reject=ret cur=0.00 thr=0.18 margin=-0.18 relax=0.00 | all=ret cur=0.00 thr=0.18 margin=-0.18 relax=0.00; ticks cur=3 thr=5 margin=-2; ret10 cur=0.00 thr=0.24 margin=-0.24; ret10_non_positive cur=0.00
1772083445.000,066570,MID,146000.0000,-0.068,17,79875550,0.500,0.000,0.000,NO_BUY,reject=ret cur=-0.07 thr=0.18 margin=-0.25 relax=0.00 | all=ret cur=-0.07 thr=0.18 margin=-0.25 relax=0.00; ret10 cur=-0.07 thr=0.24 margin=-0.31; ret10_non_positive cur=-0.07
1772083446.000,187660,MID,18110.0000,-0.055,78,441954165,0.500,0.000,0.000,NO_BUY,reject=ret cur=-0.06 thr=0.18 margin=-0.24 relax=0.00 | all=ret cur=-0.06 thr=0.18 margin=-0.24 relax=0.00; ret10 cur=-0.06 thr=0.24 margin=-0.30; ret10_non_positive cur=-0.06
1772083447.000,035420,MID,260000.0000,0.000,43,198471000,0.482,0.192,0.000,NO_BUY,reject=ret cur=0.00 thr=0.18 margin=-0.18 relax=0.00 | all=ret cur=0.00 thr=0.18 margin=-0.18 relax=0.00; ret10 cur=0.00 thr=0.24 margin=-0.24; ret10_non_positive cur=0.00
1772083450.000,036810,MID,41700.0000,0.000,2,125100,0.500,0.000,0.000,NO_BUY,reject=ret cur=0.00 thr=0.18 margin=-0.18 relax=0.00 | all=ret cur=0.00 thr=0.18 margin=-0.18 relax=0.00; ticks cur=2 thr=5 margin=-3; ret10 cur=0.00 thr=0.24 margin=-0.24; ret10_non_positive cur=0.00
1772083450.000,042520,MID,51900.0000,0.388,6,6257600,0.222,0.193,0.000,NO_BUY,confirm_wait 0.1s
1772083450.000,039030,MID,417500.0000,0.120,17,17108500,0.075,0.120,0.000,NO_BUY,reject=ret cur=0.12 thr=0.18 margin=-0.06 relax=0.00 | all=ret cur=0.12 thr=0.18 margin=-0.06 relax=0.00; ret10 cur=0.12 thr=0.24 margin=-0.12
1772083451.000,310210,MID,316000.0000,0.158,11,40904000,0.500,0.000,0.000,NO_BUY,reject=ret cur=0.16 thr=0.18 margin=-0.02 relax=0.00 | all=ret cur=0.16 thr=0.18 margin=-0.02 relax=0.00; ret10 cur=0.16 thr=0.24 margin=-0.08
1772083452.000,122630,MID,110985.0000,0.005,196,1787002580,0.500,0.000,0.000,NO_BUY,reject=ret cur=0.00 thr=0.18 margin=-0.18 relax=0.00 | all=ret cur=0.00 thr=0.18 margin=-0.18 relax=0.00; ret10 cur=0.00 thr=0.24 margin=-0.24
1772083453.000,229200,MID,21000.0000,0.024,30,127485605,0.500,0.000,0.000,NO_BUY,reject=ret cur=0.02 thr=0.18 margin=-0.16 relax=0.00 | all=ret cur=0.02 thr=0.18 margin=-0.16 relax=0.00; ret10 cur=0.02 thr=0.24 margin=-0.22
1772083454.000,064400,MID,74000.0000,0.000,15,17304600,0.500,0.000,0.000,NO_BUY,reject=ret cur=0.00 thr=0.18 margin=-0.18 relax=0.00 | all=ret cur=0.00 thr=0.18 margin=-0.18 relax=0.00; ret10 cur=0.00 thr=0.24 margin=-0.24; ret10_non_positive cur=0.00
1772083454.000,115180,MID,34150.0000,-0.146,2,68350,0.500,0.000,0.000,NO_BUY,reject=ret cur=-0.15 thr=0.18 margin=-0.33 relax=0.00 | all=ret cur=-0.15 thr=0.18 margin=-0.33 relax=0.00; ticks cur=2 thr=5 margin=-3; ret10 cur=-0.15 thr=0.24 margin=-0.39; ret10_non_positive cur=-0.15
1772083454.000,241770,MID,29000.0000,-0.344,3,5412000,0.500,0.000,0.000,NO_BUY,reject=ret cur=-0.34 thr=0.18 margin=-0.52 relax=0.00 | all=ret cur=-0.34 thr=0.18 margin=-0.52 relax=0.00; ticks cur=3 thr=5 margin=-2; ret10 cur=-0.34 thr=0.24 margin=-0.58; ret10_non_positive cur=-0.34
1772083456.000,002020,MID,71400.0000,0.000,2,142800,0.500,0.000,0.000,NO_BUY,reject=ret cur=0.00 thr=0.18 margin=-0.18 relax=0.00 | all=ret cur=0.00 thr=0.18 margin=-0.18 relax=0.00; ticks cur=2 thr=5 margin=-3; ret10 cur=0.00 thr=0.24 margin=-0.24; ret10_non_positive cur=0.00
1772083456.000,336260,MID,39800.0000,0.000,2,993750,0.500,0.000,0.000,NO_BUY,reject=ret cur=0.00 thr=0.18 margin=-0.18 relax=0.00 | all=ret cur=0.00 thr=0.18 margin=-0.18 relax=0.00; ticks cur=2 thr=5 margin=-3; ret10 cur=0.00 thr=0.24 margin=-0.24; ret10_non_positive cur=0.00
1772083456.000,058470,MID,106200.0000,0.000,2,318600,0.500,0.000,0.000,NO_BUY,reject=ret cur=0.00 thr=0.18 margin=-0.18 relax=0.00 | all=ret cur=0.00 thr=0.18 margin=-0.18 relax=0.00; ticks cur=2 thr=5 margin=-3; ret10 cur=0.00 thr=0.24 margin=-0.24; ret10_non_positive cur=0.00
1772083457.000,233740,MID,20330.0000,-0.049,161,1144176400,0.500,0.000,0.000,NO_BUY,reject=ret cur=-0.05 thr=0.18 margin=-0.23 relax=0.00 | all=ret cur=-0.05 thr=0.18 margin=-0.23 relax=0.00; ret10 cur=-0.05 thr=0.24 margin=-0.29; ret10_non_positive cur=-0.05
1772083458.000,086520,MID,184800.0000,-0.270,176,589755400,0.500,0.000,0.000,NO_BUY,reject=ret cur=-0.27 thr=0.18 margin=-0.45 relax=0.00 | all=ret cur=-0.27 thr=0.18 margin=-0.45 relax=0.00; ret10 cur=-0.27 thr=0.24 margin=-0.51; ret10_non_positive cur=-0.27
1772083459.000,396500,MID,34695.0000,0.000,60,97260990,0.500,0.000,0.000,NO_BUY,reject=ret cur=0.00 thr=0.18 margin=-0.18 relax=0.00 | all=ret cur=0.00 thr=0.18 margin=-0.18 relax=0.00; ret10 cur=0.00 thr=0.24 margin=-0.24; ret10_non_positive cur=0.00
1772083462.000,102940,MID,65900.0000,-0.152,2,2505300,0.500,0.000,0.000,NO_BUY,reject=ret cur=-0.15 thr=0.18 margin=-0.33 relax=0.00 | all=ret cur=-0.15 thr=0.18 margin=-0.33 relax=0.00; ticks cur=2 thr=5 margin=-3; ret10 cur=-0.15 thr=0.24 margin=-0.39; ret10_non_positive cur=-0.15
1772083462.000,005830,MID,208500.0000,0.000,9,11051000,0.150,0.240,0.000,NO_BUY,reject=ret cur=0.00 thr=0.18 margin=-0.18 relax=0.00 | all=ret cur=0.00 thr=0.18 margin=-0.18 relax=0.00; ret10 cur=0.00 thr=0.24 margin=-0.24; ret10_non_positive cur=0.00
1772083463.000,005930,MID,216000.0000,-0.231,160,2368593500,0.456,0.232,0.000,NO_BUY,reject=ret cur=-0.23 thr=0.18 margin=-0.41 relax=0.00 | all=ret cur=-0.23 thr=0.18 margin=-0.41 relax=0.00; ret10 cur=-0.23 thr=0.24 margin=-0.47; ret10_non_positive cur=-0.23
1772083463.000,035720,MID,61600.0000,-0.162,33,83654500,0.127,0.162,0.000,NO_BUY,reject=ret cur=-0.16 thr=0.18 margin=-0.34 relax=0.00 | all=ret cur=-0.16 thr=0.18 margin=-0.34 relax=0.00; ret10 cur=-0.16 thr=0.24 margin=-0.40; ret10_non_positive cur=-0.16
1772083463.000,064760,MID,237000.0000,-0.422,11,24888000,0.502,0.423,0.000,NO_BUY,reject=ret cur=-0.42 thr=0.18 margin=-0.60 relax=0.00 | all=ret cur=-0.42 thr=0.18 margin=-0.60 relax=0.00; ret10 cur=-0.42 thr=0.24 margin=-0.66; ret10_non_positive cur=-0.42
1772083464.000,009900,MID,11370.0000,0.000,2,4862080,0.500,0.000,0.000,NO_BUY,reject=ret cur=0.00 thr=0.18 margin=-0.18 relax=0.00 | all=ret cur=0.00 thr=0.18 margin=-0.18 relax=0.00; ticks cur=2 thr=5 margin=-3; ret10 cur=0.00 thr=0.24 margin=-0.24; ret10_non_positive cur=0.00
1772083464.000,377300,MID,69050.0000,-0.072,11,9535500,0.500,0.000,0.000,NO_BUY,reject=ret cur=-0.07 thr=0.18 margin=-0.25 relax=0.00 | all=ret cur=-0.07 thr=0.18 margin=-0.25 relax=0.00; ret10 cur=-0.07 thr=0.24 margin=-0.31; ret10_non_positive cur=-0.07
1772083465.000,066570,MID,146100.0000,0.000,36,69996600,0.500,0.000,0.000,NO_BUY,reject=ret cur=0.00 thr=0.18 margin=-0.18 relax=0.00 | all=ret cur=0.00 thr=0.18 margin=-0.18 relax=0.00; ret10 cur=0.00 thr=0.24 margin=-0.24; ret10_non_positive cur=0.00
1772083466.000,187660,MID,18080.0000,-0.110,28,41425720,0.500,0.000,0.000,NO_BUY,reject=ret cur=-0.11 thr=0.18 margin=-0.29 relax=0.00 | all=ret cur=-0.11 thr=0.18 margin=-0.29 relax=0.00; ret10 cur=-0.11 thr=0.24 margin=-0.35; ret10_non_positive cur=-0.11
1772083467.000,103590,MID,88200.0000,0.114,5,23446200,0.761,0.113,0.000,NO_BUY,reject=ret cur=0.11 thr=0.18 margin=-0.07 relax=0.00 | all=ret cur=0.11 thr=0.18 margin=-0.07 relax=0.00; ret10 cur=0.11 thr=0.24 margin=-0.13
1772083468.000,035420,MID,260500.0000,-0.192,59,123626000,0.479,0.192,0.000,NO_BUY,reject=ret cur=-0.19 thr=0.18 margin=-0.37 relax=0.00 | all=ret cur=-0.19 thr=0.18 margin=-0.37 relax=0.00; ret10 cur=-0.19 thr=0.24 margin=-0.43; ret10_non_positive cur=-0.19
1772083470.000,036810,MID,41750.0000,0.000,3,334100,0.500,0.000,0.000,NO_BUY,reject=ret cur=0.00 thr=0.18 margin=-0.18 relax=0.00 | all=ret cur=0.00 thr=0.18 margin=-0.18 relax=0.00; ticks cur=3 thr=5 margin=-2; ret10 cur=0.00 thr=0.24 margin=-0.24; ret10_non_positive cur=0.00
1772083471.000,039030,MID,417000.0000,0.000,19,53854000,0.070,0.120,0.000,NO_BUY,reject=ret cur=0.00 thr=0.18 margin=-0.18 relax=0.00 | all=ret cur=0.00 thr=0.18 margin=-0.18 relax=0.00; ret10 cur=0.00 thr=0.24 margin=-0.24; ret10_non_positive cur=0.00
1772083472.000,122630,MID,111042.0000,0.015,107,748230002,0.500,0.000,0.000,NO_BUY,reject=ret cur=0.02 thr=0.18 margin=-0.16 relax=0.00 | all=ret cur=0.02 thr=0.18 margin=-0.16 relax=0.00; ret10 cur=0.02 thr=0.24 margin=-0.22
1772083473.000,229200,MID,20995.0000,0.000,61,166275605,0.500,0.000,0.000,NO_BUY,reject=ret cur=0.00 thr=0.18 margin=-0.18 relax=0.00 | all=ret cur=0.00 thr=0.18 margin=-0.18 relax=0.00; ret10 cur=0.00 thr=0.24 margin=-0.24; ret10_non_positive cur=0.00
1772083473.000,042520,MID,51700.0000,-0.193,3,2328800,0.211,0.193,0.000,NO_BUY,reject=ret cur=-0.19 thr=0.18 margin=-0.37 relax=0.00 | all=ret cur=-0.19 thr=0.18 margin=-0.37 relax=0.00; ticks cur=3 thr=5 margin=-2; ret10 cur=-0.19 thr=0.24 margin=-0.43; ret10_non_positive cur=-0.19
1772083475.000,064400,MID,74000.0000,0.135,8,12355900,0.500,0.000,0.000,NO_BUY,reject=ret cur=0.14 thr=0.18 margin=-0.04 relax=0.00 | all=ret cur=0.14 thr=0.18 margin=-0.04 relax=0.00; ret10 cur=0.14 thr=0.24 margin=-0.10
1772083476.000,002020,MID,71200.0000,-0.280,16,6846400,0.500,0.000,0.000,NO_BUY,reject=ret cur=-0.28 thr=0.18 margin=-0.46 relax=0.00 | all=ret cur=-0.28 thr=0.18 margin=-0.46 relax=0.00; ret10 cur=-0.28 thr=0.24 margin=-0.52; ret10_non_positive cur=-0.28
1772083476.000,058470,MID,106300.0000,0.141,14,129894050,0.500,0.000,0.000,NO_BUY,reject=ret cur=0.14 thr=0.18 margin=-0.04 relax=0.00 | all=ret cur=0.14 thr=0.18 margin=-0.04 relax=0.00; ret10 cur=0.14 thr=0.24 margin=-0.10
1772083477.000,336260,MID,39850.0000,-0.126,15,62049900,0.500,0.000,0.000,NO_BUY,reject=ret cur=-0.13 thr=0.18 margin=-0.31 relax=0.00 | all=ret cur=-0.13 thr=0.18 margin=-0.31 relax=0.00; ret10 cur=-0.13 thr=0.24 margin=-0.37; ret10_non_positive cur=-0.13
1772083478.000,233740,MID,20330.0000,0.000,45,204896020,0.500,0.000,0.000,NO_BUY,reject=ret cur=0.00 thr=0.18 margin=-0.18 relax=0.00 | all=ret cur=0.00 thr=0.18 margin=-0.18 relax=0.00; ret10 cur=0.00 thr=0.24 margin=-0.24; ret10_non_positive cur=0.00
1772083478.000,086520,MID,184800.0000,-0.054,23,99006300,0.500,0.000,0.000,NO_BUY,reject=ret cur=-0.05 thr=0.18 margin=-0.23 relax=0.00 | all=ret cur=-0.05 thr=0.18 margin=-0.23 relax=0.00; ret10 cur=-0.05 thr=0.24 margin=-0.29; ret10_non_positive cur=-0.05
1772083479.000,396500,MID,34700.0000,0.029,37,156179480,0.500,0.000,0.000,NO_BUY,reject=ret cur=0.03 thr=0.18 margin=-0.15 relax=0.00 | all=ret cur=0.03 thr=0.18 margin=-0.15 relax=0.00; ret10 cur=0.03 thr=0.24 margin=-0.21
1772083482.000,005830,MID,208500.0000,-0.239,11,128299000,0.126,0.240,0.000,NO_BUY,reject=ret cur=-0.24 thr=0.18 margin=-0.42 relax=0.00 | all=ret cur=-0.24 thr=0.18 margin=-0.42 relax=0.00; ret10 cur=-0.24 thr=0.24 margin=-0.48; ret10_non_positive cur=-0.24
1772083482.000,310210,MID,316000.0000,-0.158,2,2844500,0.500,0.000,0.000,NO_BUY,reject=ret cur=-0.16 thr=0.18 margin=-0.34 relax=0.00 | all=ret cur=-0.16 thr=0.18 margin=-0.34 relax=0.00; ticks cur=2 thr=5 margin=-3; ret10 cur=-0.16 thr=0.24 margin=-0.40; ret10_non_positive cur=-0.16
1772083483.000,005930,MID,215750.0000,0.000,125,1017122000,0.455,0.232,0.000,NO_BUY,reject=ret cur=0.00 thr=0.18 margin=-0.18 relax=0.00 | all=ret cur=0.00 thr=0.18 margin=-0.18 relax=0.00; ret10 cur=0.00 thr=0.24 margin=-0.24; ret10_non_positive cur=0.00
1772083483.000,115180,MID,34050.0000,-0.146,2,341050,0.500,0.000,0.000,NO_BUY,reject=ret cur=-0.15 thr=0.18 margin=-0.33 relax=0.00 | all=ret cur=-0.15 thr=0.18 margin=-0.33 relax=0.00; ticks cur=2 thr=5 margin=-3; ret10 cur=-0.15 thr=0.24 margin=-0.39; ret10_non_positive cur=-0.15
1772083483.000,035720,MID,61500.0000,0.000,48,59008200,0.141,0.162,0.000,NO_BUY,reject=ret cur=0.00 thr=0.18 margin=-0.18 relax=0.00 | all=ret cur=0.00 thr=0.18 margin=-0.18 relax=0.00; ret10 cur=0.00 thr=0.24 margin=-0.24; ret10_non_positive cur=0.00
1772083484.000,064760,MID,237000.0000,0.000,10,130545500,0.361,0.422,0.000,NO_BUY,reject=ret cur=0.00 thr=0.18 margin=-0.18 relax=0.00 | all=ret cur=0.00 thr=0.18 margin=-0.18 relax=0.00; ret10 cur=0.00 thr=0.24 margin=-0.24; ret10_non_positive cur=0.00
1772083484.000,377300,MID,69000.0000,-0.145,41,78899000,0.500,0.000,0.000,NO_BUY,reject=ret cur=-0.14 thr=0.18 margin=-0.32 relax=0.00 | all=ret cur=-0.14 thr=0.18 margin=-0.32 relax=0.00; ret10 cur=-0.14 thr=0.24 margin=-0.38; ret10_non_positive cur=-0.14
1772083486.000,066570,MID,146100.0000,0.000,27,38136200,0.500,0.000,0.000,NO_BUY,reject=ret cur=0.00 thr=0.18 margin=-0.18 relax=0.00 | all=ret cur=0.00 thr=0.18 margin=-0.18 relax=0.00; ret10 cur=0.00 thr=0.24 margin=-0.24; ret10_non_positive cur=0.00
1772083486.000,187660,MID,18090.0000,0.028,32,32569160,0.500,0.000,0.000,NO_BUY,reject=ret cur=0.03 thr=0.18 margin=-0.15 relax=0.00 | all=ret cur=0.03 thr=0.18 margin=-0.15 relax=0.00; ret10 cur=0.03 thr=0.24 margin=-0.21
1772083488.000,035420,MID,260250.0000,0.192,38,93238750,0.478,0.192,0.000,NO_BUY,reject=ret10 cur=0.19 thr=0.24 margin=-0.05 | all=ret10 cur=0.19 thr=0.24 margin=-0.05
1772083488.000,103590,MID,88100.0000,0.000,4,3175100,0.765,0.113,0.000,NO_BUY,reject=ret cur=0.00 thr=0.18 margin=-0.18 relax=0.00 | all=ret cur=0.00 thr=0.18 margin=-0.18 relax=0.00; ticks cur=4 thr=5 margin=-1; ret10 cur=0.00 thr=0.24 margin=-0.24; ret10_non_positive cur=0.00
1772083492.000,122630,MID,111100.0000,0.045,186,1896122495,0.500,0.000,0.000,NO_BUY,reject=ret cur=0.05 thr=0.18 margin=-0.13 relax=0.00 | all=ret cur=0.05 thr=0.18 margin=-0.13 relax=0.00; ret10 cur=0.05 thr=0.24 margin=-0.19
1772083493.000,229200,MID,20990.0000,-0.024,57,271846745,0.500,0.000,0.000,NO_BUY,reject=ret cur=-0.02 thr=0.18 margin=-0.20 relax=0.00 | all=ret cur=-0.02 thr=0.18 margin=-0.20 relax=0.00; ret10 cur=-0.02 thr=0.24 margin=-0.26; ret10_non_positive cur=-0.02
1772083494.000,042520,MID,51600.0000,-0.193,2,310100,0.208,0.194,0.000,NO_BUY,reject=ret cur=-0.19 thr=0.18 margin=-0.37 relax=0.00 | all=ret cur=-0.19 thr=0.18 margin=-0.37 relax=0.00; ticks cur=2 thr=5 margin=-3; ret10 cur=-0.19 thr=0.24 margin=-0.43; ret10_non_positive cur=-0.19
1772083495.000,064400,MID,73950.0000,0.000,12,15973600,0.500,0.000,0.000,NO_BUY,reject=ret cur=0.00 thr=0.18 margin=-0.18 relax=0.00 | all=ret cur=0.00 thr=0.18 margin=-0.18 relax=0.00; ret10 cur=0.00 thr=0.24 margin=-0.24; ret10_non_positive cur=0.00
1772083496.000,002020,MID,71300.0000,-0.280,12,2139100,0.500,0.000,0.000,NO_BUY,reject=ret cur=-0.28 thr=0.18 margin=-0.46 relax=0.00 | all=ret cur=-0.28 thr=0.18 margin=-0.46 relax=0.00; ret10 cur=-0.28 thr=0.24 margin=-0.52; ret10_non_positive cur=-0.28
1772083497.000,336260,MID,39850.0000,0.126,6,8084400,0.500,0.000,0.000,NO_BUY,reject=ret cur=0.13 thr=0.18 margin=-0.05 relax=0.00 | all=ret cur=0.13 thr=0.18 margin=-0.05 relax=0.00; ret10 cur=0.13 thr=0.24 margin=-0.11
1772083498.000,233740,MID,20320.0000,0.000,51,209853222,0.500,0.000,0.000,NO_BUY,reject=ret cur=0.00 thr=0.18 margin=-0.18 relax=0.00 | all=ret cur=0.00 thr=0.18 margin=-0.18 relax=0.00; ret10 cur=0.00 thr=0.24 margin=-0.24; ret10_non_positive cur=0.00
1772083498.000,086520,MID,184700.0000,0.000,31,156406700,0.500,0.000,0.000,NO_BUY,reject=ret cur=0.00 thr=0.18 margin=-0.18 relax=0.00 | all=ret cur=0.00 thr=0.18 margin=-0.18 relax=0.00; ret10 cur=0.00 thr=0.24 margin=-0.24; ret10_non_positive cur=0.00
1772083499.000,396500,MID,34710.0000,0.043,137,1185101235,0.500,0.000,0.000,NO_BUY,reject=ret cur=0.04 thr=0.18 margin=-0.14 relax=0.00 | all=ret cur=0.04 thr=0.18 margin=-0.14 relax=0.00; ret10 cur=0.04 thr=0.24 margin=-0.20
1772083501.000,036810,MID,41700.0000,0.000,2,4258500,0.500,0.000,0.000,NO_BUY,reject=ret cur=0.00 thr=0.18 margin=-0.18 relax=0.00 | all=ret cur=0.00 thr=0.18 margin=-0.18 relax=0.00; ticks cur=2 thr=5 margin=-3; ret10 cur=0.00 thr=0.24 margin=-0.24; ret10_non_positive cur=0.00
1772083501.000,039030,MID,417000.0000,0.000,2,4587000,0.068,0.120,0.000,NO_BUY,reject=ret cur=0.00 thr=0.18 margin=-0.18 relax=0.00 | all=ret cur=0.00 thr=0.18 margin=-0.18 relax=0.00; ticks cur=2 thr=5 margin=-3; ret10 cur=0.00 thr=0.24 margin=-0.24; ret10_non_positive cur=0.00
1772083502.000,310210,MID,316000.0000,0.000,5,6004000,0.500,0.000,0.000,NO_BUY,reject=ret cur=0.00 thr=0.18 margin=-0.18 relax=0.00 | all=ret cur=0.00 thr=0.18 margin=-0.18 relax=0.00; ret10 cur=0.00 thr=0.24 margin=-0.24; ret10_non_positive cur=0.00
1772083502.000,005830,MID,208500.0000,0.000,8,27578000,0.137,0.240,0.000,NO_BUY,reject=ret cur=0.00 thr=0.18 margin=-0.18 relax=0.00 | all=ret cur=0.00 thr=0.18 margin=-0.18 relax=0.00; ret10 cur=0.00 thr=0.24 margin=-0.24; ret10_non_positive cur=0.00
1772083503.000,005930,MID,216250.0000,0.116,109,642300250,0.451,0.231,0.000,NO_BUY,reject=ret cur=0.12 thr=0.18 margin=-0.06 relax=0.00 | all=ret cur=0.12 thr=0.18 margin=-0.06 relax=0.00; ret10 cur=0.12 thr=0.24 margin=-0.12
1772083503.000,035720,MID,61600.0000,0.000,32,41881700,0.139,0.162,0.000,NO_BUY,reject=ret cur=0.00 thr=0.18 margin=-0.18 relax=0.00 | all=ret cur=0.00 thr=0.18 margin=-0.18 relax=0.00; ret10 cur=0.00 thr=0.24 margin=-0.24; ret10_non_positive cur=0.00
1772083504.000,064760,MID,236500.0000,0.000,6,8512000,0.447,0.423,0.000,NO_BUY,reject=ret cur=0.00 thr=0.18 margin=-0.18 relax=0.00 | all=ret cur=0.00 thr=0.18 margin=-0.18 relax=0.00; ret10 cur=0.00 thr=0.24 margin=-0.24; ret10_non_positive cur=0.00
1772083504.000,377300,MID,68900.0000,-0.145,15,28556200,0.500,0.000,0.000,NO_BUY,reject=ret cur=-0.14 thr=0.18 margin=-0.32 relax=0.00 | all=ret cur=-0.14 thr=0.18 margin=-0.32 relax=0.00; ret10 cur=-0.14 thr=0.24 margin=-0.38; ret10_non_positive cur=-0.14
1772083506.000,066570,MID,146100.0000,-0.068,32,93371000,0.500,0.000,0.000,NO_BUY,reject=ret cur=-0.07 thr=0.18 margin=-0.25 relax=0.00 | all=ret cur=-0.07 thr=0.18 margin=-0.25 relax=0.00; ret10 cur=-0.07 thr=0.24 margin=-0.31; ret10_non_positive cur=-0.07
1772083506.000,187660,MID,18080.0000,-0.055,33,70683240,0.500,0.000,0.000,NO_BUY,reject=ret cur=-0.06 thr=0.18 margin=-0.24 relax=0.00 | all=ret cur=-0.06 thr=0.18 margin=-0.24 relax=0.00; ret10 cur=-0.06 thr=0.24 margin=-0.30; ret10_non_positive cur=-0.06
1772083508.000,035420,MID,260000.0000,0.192,41,73359000,0.479,0.192,0.000,NO_BUY,reject=ret10 cur=0.19 thr=0.24 margin=-0.05 | all=ret10 cur=0.19 thr=0.24 margin=-0.05
1772083509.000,103590,MID,88100.0000,0.114,4,12775100,0.764,0.227,0.000,NO_BUY,reject=ret cur=0.11 thr=0.18 margin=-0.07 relax=0.00 | all=ret cur=0.11 thr=0.18 margin=-0.07 relax=0.00; ticks cur=4 thr=5 margin=-1; ret10 cur=0.11 thr=0.24 margin=-0.13
1772083512.000,122630,MID,111320.0000,0.090,167,1220959362,0.500,0.000,0.000,NO_BUY,reject=ret cur=0.09 thr=0.18 margin=-0.09 relax=0.00 | all=ret cur=0.09 thr=0.18 margin=-0.09 relax=0.00; ret10 cur=0.09 thr=0.24 margin=-0.15
1772083513.000,229200,MID,20990.0000,0.024,63,412755277,0.500,0.000,0.000,NO_BUY,reject=ret cur=0.02 thr=0.18 margin=-0.16 relax=0.00 | all=ret cur=0.02 thr=0.18 margin=-0.16 relax=0.00; ret10 cur=0.02 thr=0.24 margin=-0.22
1772083514.000,115180,MID,34000.0000,0.000,2,1326000,0.500,0.000,0.000,NO_BUY,reject=ret cur=0.00 thr=0.18 margin=-0.18 relax=0.00 | all=ret cur=0.00 thr=0.18 margin=-0.18 relax=0.00; ticks cur=2 thr=5 margin=-3; ret10 cur=0.00 thr=0.24 margin=-0.24; ret10_non_positive cur=0.00
1772083515.000,064400,MID,74000.0000,0.000,9,3918300,0.500,0.000,0.000,NO_BUY,reject=ret cur=0.00 thr=0.18 margin=-0.18 relax=0.00 | all=ret cur=0.00 thr=0.18 margin=-0.18 relax=0.00; ret10 cur=0.00 thr=0.24 margin=-0.24; ret10_non_positive cur=0.00
1772083515.000,042520,MID,51600.0000,0.000,3,154800,0.199,0.194,0.000,NO_BUY,reject=ret cur=0.00 thr=0.18 margin=-0.18 relax=0.00 | all=ret cur=0.00 thr=0.18 margin=-0.18 relax=0.00; ticks cur=3 thr=5 margin=-2; ret10 cur=0.00 thr=0.24 margin=-0.24; ret10_non_positive cur=0.00
1772083518.000,086520,MID,184500.0000,0.000,21,414253400,0.500,0.000,0.000,NO_BUY,reject=ret cur=0.00 thr=0.18 margin=-0.18 relax=0.00 | all=ret cur=0.00 thr=0.18 margin=-0.18 relax=0.00; ret10 cur=0.00 thr=0.24 margin=-0.24; ret10_non_positive cur=0.00
1772083518.000,233740,MID,20315.0000,0.025,74,1286990750,0.500,0.000,0.000,NO_BUY,reject=ret cur=0.02 thr=0.18 margin=-0.16 relax=0.00 | all=ret cur=0.02 thr=0.18 margin=-0.16 relax=0.00; ret10 cur=0.02 thr=0.24 margin=-0.22
1772083518.000,002020,MID,71400.0000,0.421,14,10449100,0.500,0.000,0.000,NO_BUY,pullback_wait cur=71400.00 peak=71600.00 pb_thr=71456.80 reb_thr=71564.20 pulled=1
1772083519.000,396500,MID,34750.0000,0.014,129,927716585,0.500,0.000,0.000,NO_BUY,reject=ret cur=0.01 thr=0.18 margin=-0.17 relax=0.00 | all=ret cur=0.01 thr=0.18 margin=-0.17 relax=0.00; ret10 cur=0.01 thr=0.24 margin=-0.23
1772083519.000,336260,MID,39700.0000,-0.251,23,37458200,0.500,0.000,0.000,NO_BUY,reject=ret cur=-0.25 thr=0.18 margin=-0.43 relax=0.00 | all=ret cur=-0.25 thr=0.18 margin=-0.43 relax=0.00; ret10 cur=-0.25 thr=0.24 margin=-0.49; ret10_non_positive cur=-0.25
1772083520.000,058470,MID,106300.0000,0.000,2,850400,0.500,0.000,0.000,NO_BUY,reject=ret cur=0.00 thr=0.18 margin=-0.18 relax=0.00 | all=ret cur=0.00 thr=0.18 margin=-0.18 relax=0.00; ticks cur=2 thr=5 margin=-3; ret10 cur=0.00 thr=0.24 margin=-0.24; ret10_non_positive cur=0.00
1772083521.000,241770,MID,28900.0000,0.173,2,3593900,0.500,0.000,0.000,NO_BUY,reject=ret cur=0.17 thr=0.18 margin=-0.01 relax=0.00 | all=ret cur=0.17 thr=0.18 margin=-0.01 relax=0.00; ticks cur=2 thr=5 margin=-3; ret10 cur=0.17 thr=0.24 margin=-0.07
1772083521.000,036810,MID,41700.0000,-0.120,6,1334650,0.500,0.000,0.000,NO_BUY,reject=ret cur=-0.12 thr=0.18 margin=-0.30 relax=0.00 | all=ret cur=-0.12 thr=0.18 margin=-0.30 relax=0.00; ret10 cur=-0.12 thr=0.24 margin=-0.36; ret10_non_positive cur=-0.12
1772083521.000,039030,MID,417000.0000,0.000,6,5840500,0.071,0.120,0.000,NO_BUY,reject=ret cur=0.00 thr=0.18 margin=-0.18 relax=0.00 | all=ret cur=0.00 thr=0.18 margin=-0.18 relax=0.00; ret10 cur=0.00 thr=0.24 margin=-0.24; ret10_non_positive cur=0.00
1772083522.000,005830,MID,209000.0000,0.240,12,30071000,0.134,0.240,0.000,NO_BUY,reject=ret10 cur=0.24 thr=0.24 margin=-0.00 | all=ret10 cur=0.24 thr=0.24 margin=-0.00
1772083523.000,005930,MID,216500.0000,0.000,130,1108471500,0.446,0.231,0.000,NO_BUY,reject=ret cur=0.00 thr=0.18 margin=-0.18 relax=0.00 | all=ret cur=0.00 thr=0.18 margin=-0.18 relax=0.00; ret10 cur=0.00 thr=0.24 margin=-0.24; ret10_non_positive cur=0.00
1772083523.000,310210,MID,316500.0000,-0.315,19,11090000,0.500,0.000,0.000,NO_BUY,reject=ret cur=-0.32 thr=0.18 margin=-0.50 relax=0.00 | all=ret cur=-0.32 thr=0.18 margin=-0.50 relax=0.00; ret10 cur=-0.32 thr=0.24 margin=-0.56; ret10_non_positive cur=-0.32
1772083523.000,035720,MID,61600.0000,0.000,34,157813100,0.137,0.162,0.000,NO_BUY,reject=ret cur=0.00 thr=0.18 margin=-0.18 relax=0.00 | all=ret cur=0.00 thr=0.18 margin=-0.18 relax=0.00; ret10 cur=0.00 thr=0.24 margin=-0.24; ret10_non_positive cur=0.00
1772083524.000,377300,MID,68900.0000,0.000,8,1656000,0.500,0.000,0.000,NO_BUY,reject=ret cur=0.00 thr=0.18 margin=-0.18 relax=0.00 | all=ret cur=0.00 thr=0.18 margin=-0.18 relax=0.00; ret10 cur=0.00 thr=0.24 margin=-0.24; ret10_non_positive cur=0.00
1772083524.000,064760,MID,237000.0000,-0.211,4,12304500,0.431,0.423,0.000,NO_BUY,reject=ret cur=-0.21 thr=0.18 margin=-0.39 relax=0.00 | all=ret cur=-0.21 thr=0.18 margin=-0.39 relax=0.00; ticks cur=4 thr=5 margin=-1; ret10 cur=-0.21 thr=0.24 margin=-0.45; ret10_non_positive cur=-0.21
1772083525.000,009900,MID,11360.0000,0.000,2,443040,0.500,0.000,0.000,NO_BUY,reject=ret cur=0.00 thr=0.18 margin=-0.18 relax=0.00 | all=ret cur=0.00 thr=0.18 margin=-0.18 relax=0.00; ticks cur=2 thr=5 margin=-3; ret10 cur=0.00 thr=0.24 margin=-0.24; ret10_non_positive cur=0.00
1772083526.000,187660,MID,18050.0000,0.000,32,23945295,0.500,0.000,0.000,NO_BUY,reject=ret cur=0.00 thr=0.18 margin=-0.18 relax=0.00 | all=ret cur=0.00 thr=0.18 margin=-0.18 relax=0.00; ret10 cur=0.00 thr=0.24 margin=-0.24; ret10_non_positive cur=0.00
1772083526.000,066570,MID,146050.0000,-0.034,42,67474150,0.500,0.000,0.000,NO_BUY,reject=ret cur=-0.03 thr=0.18 margin=-0.21 relax=0.00 | all=ret cur=-0.03 thr=0.18 margin=-0.21 relax=0.00; ret10 cur=-0.03 thr=0.24 margin=-0.27; ret10_non_positive cur=-0.03
1772083528.000,035420,MID,260500.0000,0.192,30,58826750,0.480,0.192,0.000,NO_BUY,reject=ret10 cur=0.19 thr=0.24 margin=-0.05 | all=ret10 cur=0.19 thr=0.24 margin=-0.05
1772083531.000,103590,MID,88000.0000,0.000,6,14857100,0.803,0.114,0.000,NO_BUY,reject=ret cur=0.00 thr=0.18 margin=-0.18 relax=0.00 | all=ret cur=0.00 thr=0.18 margin=-0.18 relax=0.00; ret10 cur=0.00 thr=0.24 margin=-0.24; ret10_non_positive cur=0.00
1772083532.000,122630,MID,111080.0000,-0.135,204,2340392410,0.500,0.000,0.000,NO_BUY,reject=ret cur=-0.13 thr=0.18 margin=-0.31 relax=0.00 | all=ret cur=-0.13 thr=0.18 margin=-0.31 relax=0.00; ret10 cur=-0.13 thr=0.24 margin=-0.37; ret10_non_positive cur=-0.13
1772083532.000,102940,MID,65700.0000,0.000,3,1118600,0.500,0.000,0.000,NO_BUY,reject=ret cur=0.00 thr=0.18 margin=-0.18 relax=0.00 | all=ret cur=0.00 thr=0.18 margin=-0.18 relax=0.00; ticks cur=3 thr=5 margin=-2; ret10 cur=0.00 thr=0.24 margin=-0.24; ret10_non_positive cur=0.00
1772083533.000,229200,MID,20970.0000,0.000,133,572764666,0.500,0.000,0.000,NO_BUY,reject=ret cur=0.00 thr=0.18 margin=-0.18 relax=0.00 | all=ret cur=0.00 thr=0.18 margin=-0.18 relax=0.00; ret10 cur=0.00 thr=0.24 margin=-0.24; ret10_non_positive cur=0.00
1772083535.000,064400,MID,73900.0000,0.000,13,9904600,0.500,0.000,0.000,NO_BUY,reject=ret cur=0.00 thr=0.18 margin=-0.18 relax=0.00 | all=ret cur=0.00 thr=0.18 margin=-0.18 relax=0.00; ret10 cur=0.00 thr=0.24 margin=-0.24; ret10_non_positive cur=0.00
1772083538.000,233740,MID,20260.0000,-0.172,605,1223394064,0.500,0.000,0.000,NO_BUY,reject=ret cur=-0.17 thr=0.18 margin=-0.35 relax=0.00 | all=ret cur=-0.17 thr=0.18 margin=-0.35 relax=0.00; ret10 cur=-0.17 thr=0.24 margin=-0.41; ret10_non_positive cur=-0.17
1772083538.000,086520,MID,184500.0000,0.000,33,105103650,0.500,0.000,0.000,NO_BUY,reject=ret cur=0.00 thr=0.18 margin=-0.18 relax=0.00 | all=ret cur=0.00 thr=0.18 margin=-0.18 relax=0.00; ret10 cur=0.00 thr=0.24 margin=-0.24; ret10_non_positive cur=0.00
1772083539.000,396500,MID,34715.0000,-0.043,253,1503233125,0.500,0.000,0.000,NO_BUY,reject=ret cur=-0.04 thr=0.18 margin=-0.22 relax=0.00 | all=ret cur=-0.04 thr=0.18 margin=-0.22 relax=0.00; ret10 cur=-0.04 thr=0.24 margin=-0.28; ret10_non_positive cur=-0.04
1772083539.000,042520,MID,51500.0000,0.000,6,4842500,0.176,0.194,0.000,NO_BUY,reject=ret cur=0.00 thr=0.18 margin=-0.18 relax=0.00 | all=ret cur=0.00 thr=0.18 margin=-0.18 relax=0.00; ret10 cur=0.00 thr=0.24 margin=-0.24; ret10_non_positive cur=0.00
1772083541.000,058470,MID,106000.0000,-0.189,43,60002200,0.500,0.000,0.000,NO_BUY,reject=ret cur=-0.19 thr=0.18 margin=-0.37 relax=0.00 | all=ret cur=-0.19 thr=0.18 margin=-0.37 relax=0.00; ret10 cur=-0.19 thr=0.24 margin=-0.43; ret10_non_positive cur=-0.19
1772083541.000,039030,MID,416500.0000,0.000,5,39615000,0.055,0.120,0.000,NO_BUY,reject=ret cur=0.00 thr=0.18 margin=-0.18 relax=0.00 | all=ret cur=0.00 thr=0.18 margin=-0.18 relax=0.00; ret10 cur=0.00 thr=0.24 margin=-0.24; ret10_non_positive cur=0.00
1772083543.000,005930,MID,216500.0000,0.000,179,10542892000,0.438,0.231,0.000,NO_BUY,reject=ret cur=0.00 thr=0.18 margin=-0.18 relax=0.00 | all=ret cur=0.00 thr=0.18 margin=-0.18 relax=0.00; ret10 cur=0.00 thr=0.24 margin=-0.24; ret10_non_positive cur=0.00
1772083543.000,035720,MID,61500.0000,-0.162,32,53709600,0.140,0.162,0.000,NO_BUY,reject=ret cur=-0.16 thr=0.18 margin=-0.34 relax=0.00 | all=ret cur=-0.16 thr=0.18 margin=-0.34 relax=0.00; ret10 cur=-0.16 thr=0.24 margin=-0.40; ret10_non_positive cur=-0.16
1772083543.000,036810,MID,41650.0000,-0.240,7,3119750,0.500,0.000,0.000,NO_BUY,reject=ret cur=-0.24 thr=0.18 margin=-0.42 relax=0.00 | all=ret cur=-0.24 thr=0.18 margin=-0.42 relax=0.00; ret10 cur=-0.24 thr=0.24 margin=-0.48; ret10_non_positive cur=-0.24
1772083543.000,336260,MID,39650.0000,0.000,3,713700,0.500,0.000,0.000,NO_BUY,reject=ret cur=0.00 thr=0.18 margin=-0.18 relax=0.00 | all=ret cur=0.00 thr=0.18 margin=-0.18 relax=0.00; ticks cur=3 thr=5 margin=-2; ret10 cur=0.00 thr=0.24 margin=-0.24; ret10_non_positive cur=0.00
1772083543.000,005830,MID,209000.0000,0.240,14,10235000,0.129,0.240,0.000,NO_BUY,reject=ret10 cur=0.24 thr=0.24 margin=-0.00 | all=ret10 cur=0.24 thr=0.24 margin=-0.00
1772083544.000,377300,MID,68900.0000,0.145,14,5443600,0.500,0.000,0.000,NO_BUY,reject=ret cur=0.15 thr=0.18 margin=-0.03 relax=0.00 | all=ret cur=0.15 thr=0.18 margin=-0.03 relax=0.00; ret10 cur=0.15 thr=0.24 margin=-0.09
1772083544.000,064760,MID,236500.0000,-0.211,2,472500,0.500,0.000,0.000,NO_BUY,reject=ret cur=-0.21 thr=0.18 margin=-0.39 relax=0.00 | all=ret cur=-0.21 thr=0.18 margin=-0.39 relax=0.00; ticks cur=2 thr=5 margin=-3; ret10 cur=-0.21 thr=0.24 margin=-0.45; ret10_non_positive cur=-0.21
1772083545.000,310210,MID,316000.0000,-0.158,3,4423000,0.500,0.000,0.000,NO_BUY,reject=ret cur=-0.16 thr=0.18 margin=-0.34 relax=0.00 | all=ret cur=-0.16 thr=0.18 margin=-0.34 relax=0.00; ticks cur=3 thr=5 margin=-2; ret10 cur=-0.16 thr=0.24 margin=-0.40; ret10_non_positive cur=-0.16
1772083546.000,187660,MID,18030.0000,-0.166,51,105879840,0.500,0.000,0.000,NO_BUY,reject=ret cur=-0.17 thr=0.18 margin=-0.35 relax=0.00 | all=ret cur=-0.17 thr=0.18 margin=-0.35 relax=0.00; ret10 cur=-0.17 thr=0.24 margin=-0.41; ret10_non_positive cur=-0.17
1772083546.000,066570,MID,145900.0000,0.000,42,99733700,0.500,0.000,0.000,NO_BUY,reject=ret cur=0.00 thr=0.18 margin=-0.18 relax=0.00 | all=ret cur=0.00 thr=0.18 margin=-0.18 relax=0.00; ret10 cur=0.00 thr=0.24 margin=-0.24; ret10_non_positive cur=0.00
1772083548.000,035420,MID,260000.0000,-0.192,26,21593250,0.477,0.192,0.000,NO_BUY,reject=ret cur=-0.19 thr=0.18 margin=-0.37 relax=0.00 | all=ret cur=-0.19 thr=0.18 margin=-0.37 relax=0.00; ret10 cur=-0.19 thr=0.24 margin=-0.43; ret10_non_positive cur=-0.19
1772083549.000,002020,MID,71300.0000,0.000,3,3927000,0.500,0.000,0.000,NO_BUY,reject=ret cur=0.00 thr=0.18 margin=-0.18 relax=0.00 | all=ret cur=0.00 thr=0.18 margin=-0.18 relax=0.00; ticks cur=3 thr=5 margin=-2; ret10 cur=0.00 thr=0.24 margin=-0.24; ret10_non_positive cur=0.00
1772083551.000,103590,MID,88000.0000,0.114,4,4309000,0.796,0.114,0.000,NO_BUY,reject=ret cur=0.11 thr=0.18 margin=-0.07 relax=0.00 | all=ret cur=0.11 thr=0.18 margin=-0.07 relax=0.00; ticks cur=4 thr=5 margin=-1; ret10 cur=0.11 thr=0.24 margin=-0.13
1772083552.000,122630,MID,110955.0000,0.018,84,601893290,0.500,0.000,0.000,NO_BUY,reject=ret cur=0.02 thr=0.18 margin=-0.16 relax=0.00 | all=ret cur=0.02 thr=0.18 margin=-0.16 relax=0.00; ret10 cur=0.02 thr=0.24 margin=-0.22
1772083553.000,229200,MID,20940.0000,-0.072,114,712622267,0.500,0.000,0.000,NO_BUY,reject=ret cur=-0.07 thr=0.18 margin=-0.25 relax=0.00 | all=ret cur=-0.07 thr=0.18 margin=-0.25 relax=0.00; ret10 cur=-0.07 thr=0.24 margin=-0.31; ret10_non_positive cur=-0.07
1772083554.000,102940,MID,65700.0000,0.152,2,2960700,0.500,0.000,0.000,NO_BUY,reject=ret cur=0.15 thr=0.18 margin=-0.03 relax=0.00 | all=ret cur=0.15 thr=0.18 margin=-0.03 relax=0.00; ticks cur=2 thr=5 margin=-3; ret10 cur=0.15 thr=0.24 margin=-0.09
1772083555.000,064400,MID,74000.0000,0.135,9,40430500,0.500,0.000,0.000,NO_BUY,reject=ret cur=0.14 thr=0.18 margin=-0.04 relax=0.00 | all=ret cur=0.14 thr=0.18 margin=-0.04 relax=0.00; ret10 cur=0.14 thr=0.24 margin=-0.10
1772083556.000,115180,MID,33900.0000,0.000,4,1833300,0.500,0.000,0.000,NO_BUY,reject=ret cur=0.00 thr=0.18 margin=-0.18 relax=0.00 | all=ret cur=0.00 thr=0.18 margin=-0.18 relax=0.00; ticks cur=4 thr=5 margin=-1; ret10 cur=0.00 thr=0.24 margin=-0.24; ret10_non_positive cur=0.00
1772083558.000,233740,MID,20260.0000,0.049,148,948686035,0.500,0.000,0.000,NO_BUY,reject=ret cur=0.05 thr=0.18 margin=-0.13 relax=0.00 | all=ret cur=0.05 thr=0.18 margin=-0.13 relax=0.00; ret10 cur=0.05 thr=0.24 margin=-0.19
1772083558.000,086520,MID,184500.0000,0.054,39,263907200,0.500,0.000,0.000,NO_BUY,reject=ret cur=0.05 thr=0.18 margin=-0.13 relax=0.00 | all=ret cur=0.05 thr=0.18 margin=-0.13 relax=0.00; ret10 cur=0.05 thr=0.24 margin=-0.19
1772083559.000,396500,MID,34710.0000,0.014,74,301363400,0.500,0.000,0.000,NO_BUY,reject=ret cur=0.01 thr=0.18 margin=-0.17 relax=0.00 | all=ret cur=0.01 thr=0.18 margin=-0.17 relax=0.00; ret10 cur=0.01 thr=0.24 margin=-0.23
1772083559.000,042520,MID,51600.0000,0.194,14,10313500,0.176,0.194,0.000,NO_BUY,reject=ret10 cur=0.19 thr=0.24 margin=-0.05 | all=ret10 cur=0.19 thr=0.24 margin=-0.05
1772083563.000,005930,MID,216000.0000,0.000,149,1545791000,0.439,0.231,0.000,NO_BUY,reject=ret cur=0.00 thr=0.18 margin=-0.18 relax=0.00 | all=ret cur=0.00 thr=0.18 margin=-0.18 relax=0.00; ret10 cur=0.00 thr=0.24 margin=-0.24; ret10_non_positive cur=0.00
1772083563.000,035720,MID,61400.0000,-0.163,33,79091400,0.179,0.163,0.000,NO_BUY,reject=ret cur=-0.16 thr=0.18 margin=-0.34 relax=0.00 | all=ret cur=-0.16 thr=0.18 margin=-0.34 relax=0.00; ret10 cur=-0.16 thr=0.24 margin=-0.40; ret10_non_positive cur=-0.16
1772083563.000,005830,MID,208000.0000,0.240,10,14169000,0.126,0.240,0.000,NO_BUY,pullback_wait cur=208000.00 peak=208000.00 pb_thr=207584.00 reb_thr=207896.00 pulled=0
1772083563.000,036810,MID,41750.0000,-0.120,16,19829000,0.500,0.000,0.000,NO_BUY,reject=ret cur=-0.12 thr=0.18 margin=-0.30 relax=0.00 | all=ret cur=-0.12 thr=0.18 margin=-0.30 relax=0.00; ret10 cur=-0.12 thr=0.24 margin=-0.36; ret10_non_positive cur=-0.12
1772083564.000,336260,MID,39650.0000,0.126,9,4401700,0.500,0.000,0.000,NO_BUY,reject=ret cur=0.13 thr=0.18 margin=-0.05 relax=0.00 | all=ret cur=0.13 thr=0.18 margin=-0.05 relax=0.00; ret10 cur=0.13 thr=0.24 margin=-0.11
1772083564.000,377300,MID,68900.0000,0.145,19,6895000,0.500,0.000,0.000,NO_BUY,reject=ret cur=0.15 thr=0.18 margin=-0.03 relax=0.00 | all=ret cur=0.15 thr=0.18 margin=-0.03 relax=0.00; ret10 cur=0.15 thr=0.24 margin=-0.09
1772083566.000,039030,MID,416500.0000,0.000,2,4165000,0.059,0.120,0.000,NO_BUY,reject=ret cur=0.00 thr=0.18 margin=-0.18 relax=0.00 | all=ret cur=0.00 thr=0.18 margin=-0.18 relax=0.00; ticks cur=2 thr=5 margin=-3; ret10 cur=0.00 thr=0.24 margin=-0.24; ret10_non_positive cur=0.00
1772083566.000,066570,MID,145900.0000,-0.068,27,32540100,0.500,0.000,0.000,NO_BUY,reject=ret cur=-0.07 thr=0.18 margin=-0.25 relax=0.00 | all=ret cur=-0.07 thr=0.18 margin=-0.25 relax=0.00; ret10 cur=-0.07 thr=0.24 margin=-0.31; ret10_non_positive cur=-0.07
1772083566.000,187660,MID,17960.0000,-0.333,92,775534590,0.500,0.000,0.000,NO_BUY,reject=ret cur=-0.33 thr=0.18 margin=-0.51 relax=0.00 | all=ret cur=-0.33 thr=0.18 margin=-0.51 relax=0.00; ret10 cur=-0.33 thr=0.24 margin=-0.57; ret10_non_positive cur=-0.33
1772083566.000,001500,MID,13350.0000,0.000,2,493950,0.500,0.000,0.000,NO_BUY,reject=ret cur=0.00 thr=0.18 margin=-0.18 relax=0.00 | all=ret cur=0.00 thr=0.18 margin=-0.18 relax=0.00; ticks cur=2 thr=5 margin=-3; ret10 cur=0.00 thr=0.24 margin=-0.24; ret10_non_positive cur=0.00
1772083567.000,064760,MID,236000.0000,0.000,10,7551500,0.421,0.212,0.000,NO_BUY,reject=ret cur=0.00 thr=0.18 margin=-0.18 relax=0.00 | all=ret cur=0.00 thr=0.18 margin=-0.18 relax=0.00; ret10 cur=0.00 thr=0.24 margin=-0.24; ret10_non_positive cur=0.00
1772083568.000,035420,MID,260000.0000,0.192,22,60163500,0.480,0.192,0.000,NO_BUY,reject=ret10 cur=0.19 thr=0.24 margin=-0.05 | all=ret10 cur=0.19 thr=0.24 margin=-0.05
1772083569.000,002020,MID,71200.0000,-0.140,7,1354400,0.500,0.000,0.000,NO_BUY,reject=ret cur=-0.14 thr=0.18 margin=-0.32 relax=0.00 | all=ret cur=-0.14 thr=0.18 margin=-0.32 relax=0.00; ret10 cur=-0.14 thr=0.24 margin=-0.38; ret10_non_positive cur=-0.14
1772083571.000,103590,MID,87900.0000,0.000,12,118824900,0.810,0.114,0.000,NO_BUY,reject=ret cur=0.00 thr=0.18 margin=-0.18 relax=0.00 | all=ret cur=0.00 thr=0.18 margin=-0.18 relax=0.00; ret10 cur=0.00 thr=0.24 margin=-0.24; ret10_non_positive cur=0.00
1772083572.000,122630,MID,111035.0000,0.054,75,752629950,0.500,0.000,0.000,NO_BUY,reject=ret cur=0.05 thr=0.18 margin=-0.13 relax=0.00 | all=ret cur=0.05 thr=0.18 margin=-0.13 relax=0.00; ret10 cur=0.05 thr=0.24 margin=-0.19
1772083573.000,229200,MID,20975.0000,0.024,772,882024890,0.500,0.000,0.000,NO_BUY,reject=ret cur=0.02 thr=0.18 margin=-0.16 relax=0.00 | all=ret cur=0.02 thr=0.18 margin=-0.16 relax=0.00; ret10 cur=0.02 thr=0.24 margin=-0.22
1772083575.000,064400,MID,73900.0000,0.000,8,11083500,0.500,0.000,0.000,NO_BUY,reject=ret cur=0.00 thr=0.18 margin=-0.18 relax=0.00 | all=ret cur=0.00 thr=0.18 margin=-0.18 relax=0.00; ret10 cur=0.00 thr=0.24 margin=-0.24; ret10_non_positive cur=0.00
1772083576.000,294570,MID,33700.0000,-0.148,2,168300,0.500,0.000,0.000,NO_BUY,reject=ret cur=-0.15 thr=0.18 margin=-0.33 relax=0.00 | all=ret cur=-0.15 thr=0.18 margin=-0.33 relax=0.00; ticks cur=2 thr=5 margin=-3; ret10 cur=-0.15 thr=0.24 margin=-0.39; ret10_non_positive cur=-0.15
1772083577.000,310210,MID,314000.0000,-0.159,4,7861000,0.500,0.000,0.000,NO_BUY,reject=ret cur=-0.16 thr=0.18 margin=-0.34 relax=0.00 | all=ret cur=-0.16 thr=0.18 margin=-0.34 relax=0.00; ticks cur=4 thr=5 margin=-1; ret10 cur=-0.16 thr=0.24 margin=-0.40; ret10_non_positive cur=-0.16
1772083578.000,233740,MID,20295.0000,0.039,117,537814147,0.500,0.000,0.000,NO_BUY,reject=ret cur=0.04 thr=0.18 margin=-0.14 relax=0.00 | all=ret cur=0.04 thr=0.18 margin=-0.14 relax=0.00; ret10 cur=0.04 thr=0.24 margin=-0.20
1772083578.000,086520,MID,184550.0000,-0.054,26,314270950,0.500,0.000,0.000,NO_BUY,reject=ret cur=-0.05 thr=0.18 margin=-0.23 relax=0.00 | all=ret cur=-0.05 thr=0.18 margin=-0.23 relax=0.00; ret10 cur=-0.05 thr=0.24 margin=-0.29; ret10_non_positive cur=-0.05
1772083579.000,396500,MID,34725.0000,-0.029,56,267344330,0.500,0.000,0.000,NO_BUY,reject=ret cur=-0.03 thr=0.18 margin=-0.21 relax=0.00 | all=ret cur=-0.03 thr=0.18 margin=-0.21 relax=0.00; ret10 cur=-0.03 thr=0.24 margin=-0.27; ret10_non_positive cur=-0.03
1772083581.000,115180,MID,33900.0000,0.000,2,101700,0.500,0.000,0.000,NO_BUY,reject=ret cur=0.00 thr=0.18 margin=-0.18 relax=0.00 | all=ret cur=0.00 thr=0.18 margin=-0.18 relax=0.00; ticks cur=2 thr=5 margin=-3; ret10 cur=0.00 thr=0.24 margin=-0.24; ret10_non_positive cur=0.00
1772083582.000,042520,MID,51600.0000,0.000,2,103200,0.170,0.194,0.000,NO_BUY,reject=ret cur=0.00 thr=0.18 margin=-0.18 relax=0.00 | all=ret cur=0.00 thr=0.18 margin=-0.18 relax=0.00; ticks cur=2 thr=5 margin=-3; ret10 cur=0.00 thr=0.24 margin=-0.24; ret10_non_positive cur=0.00
1772083583.000,005930,MID,216500.0000,0.000,148,569770500,0.440,0.231,0.000,NO_BUY,reject=ret cur=0.00 thr=0.18 margin=-0.18 relax=0.00 | all=ret cur=0.00 thr=0.18 margin=-0.18 relax=0.00; ret10 cur=0.00 thr=0.24 margin=-0.24; ret10_non_positive cur=0.00
1772083583.000,035720,MID,61500.0000,-0.163,23,123747600,0.181,0.163,0.000,NO_BUY,reject=ret cur=-0.16 thr=0.18 margin=-0.34 relax=0.00 | all=ret cur=-0.16 thr=0.18 margin=-0.34 relax=0.00; ret10 cur=-0.16 thr=0.24 margin=-0.40; ret10_non_positive cur=-0.16
1772083583.000,036810,MID,41900.0000,0.480,34,60351150,0.500,0.000,0.000,NO_BUY,confirm_wait 0.1s
1772083584.000,005830,MID,208000.0000,-0.240,4,15612500,0.135,0.240,0.000,NO_BUY,reject=ret cur=-0.24 thr=0.18 margin=-0.42 relax=0.00 | all=ret cur=-0.24 thr=0.18 margin=-0.42 relax=0.00; ticks cur=4 thr=5 margin=-1; ret10 cur=-0.24 thr=0.24 margin=-0.48; ret10_non_positive cur=-0.24
1772083585.000,336260,MID,39600.0000,-0.126,7,88820800,0.500,0.000,0.000,NO_BUY,reject=ret cur=-0.13 thr=0.18 margin=-0.31 relax=0.00 | all=ret cur=-0.13 thr=0.18 margin=-0.31 relax=0.00; ret10 cur=-0.13 thr=0.24 margin=-0.37; ret10_non_positive cur=-0.13
1772083586.000,377300,MID,68900.0000,0.000,16,17974900,0.500,0.000,0.000,NO_BUY,reject=ret cur=0.00 thr=0.18 margin=-0.18 relax=0.00 | all=ret cur=0.00 thr=0.18 margin=-0.18 relax=0.00; ret10 cur=0.00 thr=0.24 margin=-0.24; ret10_non_positive cur=0.00
1772083586.000,187660,MID,17930.0000,-0.111,73,181481500,0.500,0.000,0.000,NO_BUY,reject=ret cur=-0.11 thr=0.18 margin=-0.29 relax=0.00 | all=ret cur=-0.11 thr=0.18 margin=-0.29 relax=0.00; ret10 cur=-0.11 thr=0.24 margin=-0.35; ret10_non_positive cur=-0.11
1772083586.000,039030,MID,416500.0000,0.000,9,12090500,0.054,0.120,0.000,NO_BUY,reject=ret cur=0.00 thr=0.18 margin=-0.18 relax=0.00 | all=ret cur=0.00 thr=0.18 margin=-0.18 relax=0.00; ret10 cur=0.00 thr=0.24 margin=-0.24; ret10_non_positive cur=0.00
1772083586.000,066570,MID,145900.0000,0.206,35,97452200,0.500,0.000,0.000,NO_BUY,reject=ret10 cur=0.21 thr=0.24 margin=-0.03 | all=ret10 cur=0.21 thr=0.24 margin=-0.03
1772083588.000,064760,MID,236000.0000,-0.423,10,29049500,0.455,0.212,0.000,NO_BUY,reject=ret cur=-0.42 thr=0.18 margin=-0.60 relax=0.00 | all=ret cur=-0.42 thr=0.18 margin=-0.60 relax=0.00; ret10 cur=-0.42 thr=0.24 margin=-0.66; ret10_non_positive cur=-0.42
1772083589.000,058470,MID,106000.0000,0.000,2,1166000,0.500,0.000,0.000,NO_BUY,reject=ret cur=0.00 thr=0.18 margin=-0.18 relax=0.00 | all=ret cur=0.00 thr=0.18 margin=-0.18 relax=0.00; ticks cur=2 thr=5 margin=-3; ret10 cur=0.00 thr=0.24 margin=-0.24; ret10_non_positive cur=0.00
1772083589.000,035420,MID,260000.0000,0.000,22,75972500,0.472,0.192,0.000,NO_BUY,reject=ret cur=0.00 thr=0.18 margin=-0.18 relax=0.00 | all=ret cur=0.00 thr=0.18 margin=-0.18 relax=0.00; ret10 cur=0.00 thr=0.24 margin=-0.24; ret10_non_positive cur=0.00
1772083590.000,002020,MID,71300.0000,-0.140,5,1069000,0.500,0.000,0.000,NO_BUY,reject=ret cur=-0.14 thr=0.18 margin=-0.32 relax=0.00 | all=ret cur=-0.14 thr=0.18 margin=-0.32 relax=0.00; ret10 cur=-0.14 thr=0.24 margin=-0.38; ret10_non_positive cur=-0.14
1772083592.000,122630,MID,111060.0000,0.027,112,1403882165,0.500,0.000,0.000,NO_BUY,reject=ret cur=0.03 thr=0.18 margin=-0.15 relax=0.00 | all=ret cur=0.03 thr=0.18 margin=-0.15 relax=0.00; ret10 cur=0.03 thr=0.24 margin=-0.21
1772083593.000,229200,MID,20975.0000,-0.024,89,494263677,0.500,0.000,0.000,NO_BUY,reject=ret cur=-0.02 thr=0.18 margin=-0.20 relax=0.00 | all=ret cur=-0.02 thr=0.18 margin=-0.20 relax=0.00; ret10 cur=-0.02 thr=0.24 margin=-0.26; ret10_non_positive cur=-0.02
1772083594.000,103590,MID,87900.0000,0.228,3,10452000,0.791,0.228,0.000,NO_BUY,reject=ticks cur=3 thr=5 margin=-2 | all=ticks cur=3 thr=5 margin=-2; ret10 cur=0.23 thr=0.24 margin=-0.01
1772083595.000,064400,MID,73900.0000,0.000,12,95035500,0.500,0.000,0.000,NO_BUY,reject=ret cur=0.00 thr=0.18 margin=-0.18 relax=0.00 | all=ret cur=0.00 thr=0.18 margin=-0.18 relax=0.00; ret10 cur=0.00 thr=0.24 margin=-0.24; ret10_non_positive cur=0.00
1772083597.000,294570,MID,33700.0000,0.000,4,2493800,0.500,0.000,0.000,NO_BUY,reject=ret cur=0.00 thr=0.18 margin=-0.18 relax=0.00 | all=ret cur=0.00 thr=0.18 margin=-0.18 relax=0.00; ticks cur=4 thr=5 margin=-1; ret10 cur=0.00 thr=0.24 margin=-0.24; ret10_non_positive cur=0.00
1772083598.000,233740,MID,20315.0000,0.049,82,450800680,0.500,0.000,0.000,NO_BUY,reject=ret cur=0.05 thr=0.18 margin=-0.13 relax=0.00 | all=ret cur=0.05 thr=0.18 margin=-0.13 relax=0.00; ret10 cur=0.05 thr=0.24 margin=-0.19
1772083598.000,086520,MID,184600.0000,0.054,21,53325000,0.500,0.000,0.000,NO_BUY,reject=ret cur=0.05 thr=0.18 margin=-0.13 relax=0.00 | all=ret cur=0.05 thr=0.18 margin=-0.13 relax=0.00; ret10 cur=0.05 thr=0.24 margin=-0.19
1772083598.000,310210,MID,314500.0000,0.000,5,10072000,0.500,0.000,0.000,NO_BUY,reject=ret cur=0.00 thr=0.18 margin=-0.18 relax=0.00 | all=ret cur=0.00 thr=0.18 margin=-0.18 relax=0.00; ret10 cur=0.00 thr=0.24 margin=-0.24; ret10_non_positive cur=0.00
1772083599.000,396500,MID,34735.0000,0.029,44,245446645,0.500,0.000,0.000,NO_BUY,reject=ret cur=0.03 thr=0.18 margin=-0.15 relax=0.00 | all=ret cur=0.03 thr=0.18 margin=-0.15 relax=0.00; ret10 cur=0.03 thr=0.24 margin=-0.21
1772083602.000,042520,MID,51600.0000,0.194,5,6643800,0.500,0.000,0.000,NO_BUY,reject=ret10 cur=0.19 thr=0.24 margin=-0.05 | all=ret10 cur=0.19 thr=0.24 margin=-0.05
1772083603.000,005930,MID,216000.0000,0.231,144,786966750,0.441,0.231,0.000,NO_BUY,reject=ret10 cur=0.23 thr=0.24 margin=-0.01 | all=ret10 cur=0.23 thr=0.24 margin=-0.01
1772083603.000,036810,MID,42450.0000,0.711,50,80920000,0.500,0.000,0.000,NO_BUY,reject=orderbook_stale age=282.00s max=1.00s | all=orderbook_stale age=282.00s max=1.00s
1772083603.000,035720,MID,61500.0000,-0.163,26,27478900,0.180,0.163,0.000,NO_BUY,reject=ret cur=-0.16 thr=0.18 margin=-0.34 relax=0.00 | all=ret cur=-0.16 thr=0.18 margin=-0.34 relax=0.00; ret10 cur=-0.16 thr=0.24 margin=-0.40; ret10_non_positive cur=-0.16
1772083604.000,005830,MID,209000.0000,-0.239,8,14826000,0.156,0.240,0.000,NO_BUY,reject=ret cur=-0.24 thr=0.18 margin=-0.42 relax=0.00 | all=ret cur=-0.24 thr=0.18 margin=-0.42 relax=0.00; ret10 cur=-0.24 thr=0.24 margin=-0.48; ret10_non_positive cur=-0.24
1772083604.000,115180,MID,33950.0000,0.000,2,67900,0.500,0.000,0.000,NO_BUY,reject=ret cur=0.00 thr=0.18 margin=-0.18 relax=0.00 | all=ret cur=0.00 thr=0.18 margin=-0.18 relax=0.00; ticks cur=2 thr=5 margin=-3; ret10 cur=0.00 thr=0.24 margin=-0.24; ret10_non_positive cur=0.00
1772083605.000,009900,MID,11370.0000,-0.088,3,3873640,0.500,0.000,0.000,NO_BUY,reject=ret cur=-0.09 thr=0.18 margin=-0.27 relax=0.00 | all=ret cur=-0.09 thr=0.18 margin=-0.27 relax=0.00; ticks cur=3 thr=5 margin=-2; ret10 cur=-0.09 thr=0.24 margin=-0.33; ret10_non_positive cur=-0.09
1772083606.000,187660,MID,17860.0000,-0.279,122,402076815,0.500,0.000,0.000,NO_BUY,reject=ret cur=-0.28 thr=0.18 margin=-0.46 relax=0.00 | all=ret cur=-0.28 thr=0.18 margin=-0.46 relax=0.00; ret10 cur=-0.28 thr=0.24 margin=-0.52; ret10_non_positive cur=-0.28
1772083606.000,377300,MID,69000.0000,0.145,24,46353600,0.500,0.000,0.000,NO_BUY,reject=ret cur=0.15 thr=0.18 margin=-0.03 relax=0.00 | all=ret cur=0.15 thr=0.18 margin=-0.03 relax=0.00; ret10 cur=0.15 thr=0.24 margin=-0.09
1772083606.000,066570,MID,146000.0000,0.000,66,169478700,0.500,0.000,0.000,NO_BUY,reject=ret cur=0.00 thr=0.18 margin=-0.18 relax=0.00 | all=ret cur=0.00 thr=0.18 margin=-0.18 relax=0.00; ret10 cur=0.00 thr=0.24 margin=-0.24; ret10_non_positive cur=0.00
1772083606.000,336260,MID,39600.0000,0.000,9,6258900,0.500,0.000,0.000,NO_BUY,reject=ret cur=0.00 thr=0.18 margin=-0.18 relax=0.00 | all=ret cur=0.00 thr=0.18 margin=-0.18 relax=0.00; ret10 cur=0.00 thr=0.24 margin=-0.24; ret10_non_positive cur=0.00
1772083608.000,039030,MID,417000.0000,0.240,8,27098000,0.099,0.360,0.000,NO_BUY,pullback_wait cur=417000.00 peak=417000.00 pb_thr=416166.00 reb_thr=416791.50 pulled=0
1772083608.000,064760,MID,236500.0000,0.000,11,12512500,0.442,0.212,0.000,NO_BUY,reject=ret cur=0.00 thr=0.18 margin=-0.18 relax=0.00 | all=ret cur=0.00 thr=0.18 margin=-0.18 relax=0.00; ret10 cur=0.00 thr=0.24 margin=-0.24; ret10_non_positive cur=0.00
1772083609.000,035420,MID,260500.0000,0.192,30,76724000,0.473,0.192,0.000,NO_BUY,reject=ret10 cur=0.19 thr=0.24 margin=-0.05 | all=ret10 cur=0.19 thr=0.24 margin=-0.05
1772083610.000,058470,MID,106100.0000,0.000,16,70881800,0.500,0.000,0.000,NO_BUY,reject=ret cur=0.00 thr=0.18 margin=-0.18 relax=0.00 | all=ret cur=0.00 thr=0.18 margin=-0.18 relax=0.00; ret10 cur=0.00 thr=0.24 margin=-0.24; ret10_non_positive cur=0.00
1772083612.000,122630,MID,110970.0000,-0.018,119,891807025,0.500,0.000,0.000,NO_BUY,reject=ret cur=-0.02 thr=0.18 margin=-0.20 relax=0.00 | all=ret cur=-0.02 thr=0.18 margin=-0.20 relax=0.00; ret10 cur=-0.02 thr=0.24 margin=-0.26; ret10_non_positive cur=-0.02
1772083613.000,229200,MID,20990.0000,0.024,776,1811369035,0.500,0.000,0.000,NO_BUY,reject=ret cur=0.02 thr=0.18 margin=-0.16 relax=0.00 | all=ret cur=0.02 thr=0.18 margin=-0.16 relax=0.00; ret10 cur=0.02 thr=0.24 margin=-0.22
1772083613.000,002020,MID,71300.0000,0.000,7,2420800,0.500,0.000,0.000,NO_BUY,reject=ret cur=0.00 thr=0.18 margin=-0.18 relax=0.00 | all=ret cur=0.00 thr=0.18 margin=-0.18 relax=0.00; ret10 cur=0.00 thr=0.24 margin=-0.24; ret10_non_positive cur=0.00
1772083614.000,103590,MID,88000.0000,-0.114,12,30075400,0.784,0.227,0.000,NO_BUY,reject=ret cur=-0.11 thr=0.18 margin=-0.29 relax=0.00 | all=ret cur=-0.11 thr=0.18 margin=-0.29 relax=0.00; ret10 cur=-0.11 thr=0.24 margin=-0.35; ret10_non_positive cur=-0.11
1772083615.000,064400,MID,74000.0000,0.000,6,47741000,0.500,0.000,0.000,NO_BUY,reject=ret cur=0.00 thr=0.18 margin=-0.18 relax=0.00 | all=ret cur=0.00 thr=0.18 margin=-0.18 relax=0.00; ret10 cur=0.00 thr=0.24 margin=-0.24; ret10_non_positive cur=0.00
1772083617.000,241770,MID,28900.0000,0.000,4,6560300,0.500,0.000,0.000,NO_BUY,reject=ret cur=0.00 thr=0.18 margin=-0.18 relax=0.00 | all=ret cur=0.00 thr=0.18 margin=-0.18 relax=0.00; ticks cur=4 thr=5 margin=-1; ret10 cur=0.00 thr=0.24 margin=-0.24; ret10_non_positive cur=0.00
1772083618.000,233740,MID,20320.0000,-0.025,139,833505360,0.500,0.000,0.000,NO_BUY,reject=ret cur=-0.02 thr=0.18 margin=-0.20 relax=0.00 | all=ret cur=-0.02 thr=0.18 margin=-0.20 relax=0.00; ret10 cur=-0.02 thr=0.24 margin=-0.26; ret10_non_positive cur=-0.02
1772083618.000,086520,MID,184600.0000,0.000,21,40417100,0.500,0.000,0.000,NO_BUY,reject=ret cur=0.00 thr=0.18 margin=-0.18 relax=0.00 | all=ret cur=0.00 thr=0.18 margin=-0.18 relax=0.00; ret10 cur=0.00 thr=0.24 margin=-0.24; ret10_non_positive cur=0.00
1772083618.000,089890,MID,25650.0000,-0.388,2,669300,0.500,0.000,0.000,NO_BUY,reject=ret cur=-0.39 thr=0.18 margin=-0.57 relax=0.00 | all=ret cur=-0.39 thr=0.18 margin=-0.57 relax=0.00; ticks cur=2 thr=5 margin=-3; ret10 cur=-0.39 thr=0.24 margin=-0.63; ret10_non_positive cur=-0.39
1772083619.000,396500,MID,34705.0000,-0.014,54,228711895,0.500,0.000,0.000,NO_BUY,reject=ret cur=-0.01 thr=0.18 margin=-0.19 relax=0.00 | all=ret cur=-0.01 thr=0.18 margin=-0.19 relax=0.00; ret10 cur=-0.01 thr=0.24 margin=-0.25; ret10_non_positive cur=-0.01
1772083619.000,310210,MID,316000.0000,0.159,11,8514500,0.500,0.000,0.000,NO_BUY,reject=ret cur=0.16 thr=0.18 margin=-0.02 relax=0.00 | all=ret cur=0.16 thr=0.18 margin=-0.02 relax=0.00; ret10 cur=0.16 thr=0.24 margin=-0.08
1772083623.000,005930,MID,216000.0000,0.000,146,6803220000,0.435,0.231,0.000,NO_BUY,reject=ret cur=0.00 thr=0.18 margin=-0.18 relax=0.00 | all=ret cur=0.00 thr=0.18 margin=-0.18 relax=0.00; ret10 cur=0.00 thr=0.24 margin=-0.24; ret10_non_positive cur=0.00
1772083623.000,036810,MID,43200.0000,0.817,130,756681750,0.500,0.000,0.000,NO_BUY,confirm_wait 0.1s
1772083623.000,035720,MID,61600.0000,0.000,45,157362900,0.138,0.162,0.000,NO_BUY,reject=ret cur=0.00 thr=0.18 margin=-0.18 relax=0.00 | all=ret cur=0.00 thr=0.18 margin=-0.18 relax=0.00; ret10 cur=0.00 thr=0.24 margin=-0.24; ret10_non_positive cur=0.00
1772083623.000,042520,MID,51500.0000,0.000,3,258000,0.197,0.388,0.000,NO_BUY,reject=ret cur=0.00 thr=0.18 margin=-0.18 relax=0.00 | all=ret cur=0.00 thr=0.18 margin=-0.18 relax=0.00; ticks cur=3 thr=5 margin=-2; ret10 cur=0.00 thr=0.24 margin=-0.24; ret10_non_positive cur=0.00
1772083624.000,005830,MID,209000.0000,0.000,15,31287500,0.145,0.240,0.000,NO_BUY,reject=ret cur=0.00 thr=0.18 margin=-0.18 relax=0.00 | all=ret cur=0.00 thr=0.18 margin=-0.18 relax=0.00; ret10 cur=0.00 thr=0.24 margin=-0.24; ret10_non_positive cur=0.00
1772083626.000,187660,MID,17930.0000,0.504,134,271290385,0.500,0.000,0.000,NO_BUY,pullback_wait cur=17930.00 peak=17930.00 pb_thr=17894.14 reb_thr=17921.03 pulled=0
1772083626.000,115180,MID,33950.0000,0.000,2,67900,0.500,0.000,0.000,NO_BUY,reject=ret cur=0.00 thr=0.18 margin=-0.18 relax=0.00 | all=ret cur=0.00 thr=0.18 margin=-0.18 relax=0.00; ticks cur=2 thr=5 margin=-3; ret10 cur=0.00 thr=0.24 margin=-0.24; ret10_non_positive cur=0.00
1772083626.000,066570,MID,146000.0000,-0.068,32,37248200,0.500,0.000,0.000,NO_BUY,reject=ret cur=-0.07 thr=0.18 margin=-0.25 relax=0.00 | all=ret cur=-0.07 thr=0.18 margin=-0.25 relax=0.00; ret10 cur=-0.07 thr=0.24 margin=-0.31; ret10_non_positive cur=-0.07
1772083627.000,377300,MID,68900.0000,0.000,9,1794000,0.500,0.000,0.000,NO_BUY,reject=ret cur=0.00 thr=0.18 margin=-0.18 relax=0.00 | all=ret cur=0.00 thr=0.18 margin=-0.18 relax=0.00; ret10 cur=0.00 thr=0.24 margin=-0.24; ret10_non_positive cur=0.00
1772083628.000,064760,MID,235000.0000,-0.423,10,19355500,0.458,0.213,0.000,NO_BUY,reject=ret cur=-0.42 thr=0.18 margin=-0.60 relax=0.00 | all=ret cur=-0.42 thr=0.18 margin=-0.60 relax=0.00; ret10 cur=-0.42 thr=0.24 margin=-0.66; ret10_non_positive cur=-0.42
1772083628.000,039030,MID,416500.0000,0.120,10,16239000,0.500,0.000,0.000,NO_BUY,reject=ret cur=0.12 thr=0.18 margin=-0.06 relax=0.00 | all=ret cur=0.12 thr=0.18 margin=-0.06 relax=0.00; ret10 cur=0.12 thr=0.24 margin=-0.12
1772083629.000,336260,MID,39600.0000,-0.126,2,198150,0.500,0.000,0.000,NO_BUY,reject=ret cur=-0.13 thr=0.18 margin=-0.31 relax=0.00 | all=ret cur=-0.13 thr=0.18 margin=-0.31 relax=0.00; ticks cur=2 thr=5 margin=-3; ret10 cur=-0.13 thr=0.24 margin=-0.37; ret10_non_positive cur=-0.13
1772083629.000,035420,MID,260000.0000,0.192,36,106605000,0.473,0.192,0.000,NO_BUY,reject=ret10 cur=0.19 thr=0.24 margin=-0.05 | all=ret10 cur=0.19 thr=0.24 margin=-0.05
1772083632.000,122630,MID,110980.0000,-0.005,97,1106786178,0.500,0.000,0.000,NO_BUY,reject=ret cur=-0.00 thr=0.18 margin=-0.18 relax=0.00 | all=ret cur=-0.00 thr=0.18 margin=-0.18 relax=0.00; ret10 cur=-0.00 thr=0.24 margin=-0.24; ret10_non_positive cur=-0.00
1772083633.000,229200,MID,20995.0000,0.024,71,197261667,0.500,0.000,0.000,NO_BUY,reject=ret cur=0.02 thr=0.18 margin=-0.16 relax=0.00 | all=ret cur=0.02 thr=0.18 margin=-0.16 relax=0.00; ret10 cur=0.02 thr=0.24 margin=-0.22
1772083634.000,103590,MID,88000.0000,0.114,6,5977600,0.808,0.114,0.000,NO_BUY,reject=ret cur=0.11 thr=0.18 margin=-0.07 relax=0.00 | all=ret cur=0.11 thr=0.18 margin=-0.07 relax=0.00; ret10 cur=0.11 thr=0.24 margin=-0.13
1772083635.000,064400,MID,73800.0000,0.000,19,36359700,0.500,0.000,0.000,NO_BUY,reject=ret cur=0.00 thr=0.18 margin=-0.18 relax=0.00 | all=ret cur=0.00 thr=0.18 margin=-0.18 relax=0.00; ret10 cur=0.00 thr=0.24 margin=-0.24; ret10_non_positive cur=0.00
1772083635.000,002020,MID,71100.0000,0.000,8,11463400,0.500,0.000,0.000,NO_BUY,reject=ret cur=0.00 thr=0.18 margin=-0.18 relax=0.00 | all=ret cur=0.00 thr=0.18 margin=-0.18 relax=0.00; ret10 cur=0.00 thr=0.24 margin=-0.24; ret10_non_positive cur=0.00
1772083638.000,233740,MID,20335.0000,0.000,74,736363953,0.500,0.000,0.000,NO_BUY,reject=ret cur=0.00 thr=0.18 margin=-0.18 relax=0.00 | all=ret cur=0.00 thr=0.18 margin=-0.18 relax=0.00; ret10 cur=0.00 thr=0.24 margin=-0.24; ret10_non_positive cur=0.00
1772083638.000,089890,MID,25700.0000,0.195,7,1514600,0.500,0.000,0.000,NO_BUY,reject=ret10 cur=0.19 thr=0.24 margin=-0.05 | all=ret10 cur=0.19 thr=0.24 margin=-0.05
1772083638.000,086520,MID,184800.0000,-0.054,16,31787100,0.500,0.000,0.000,NO_BUY,reject=ret cur=-0.05 thr=0.18 margin=-0.23 relax=0.00 | all=ret cur=-0.05 thr=0.18 margin=-0.23 relax=0.00; ret10 cur=-0.05 thr=0.24 margin=-0.29; ret10_non_positive cur=-0.05
1772083639.000,294570,MID,33750.0000,0.000,2,67500,0.500,0.000,0.000,NO_BUY,reject=ret cur=0.00 thr=0.18 margin=-0.18 relax=0.00 | all=ret cur=0.00 thr=0.18 margin=-0.18 relax=0.00; ticks cur=2 thr=5 margin=-3; ret10 cur=0.00 thr=0.24 margin=-0.24; ret10_non_positive cur=0.00
1772083639.000,396500,MID,34710.0000,0.029,76,223467490,0.500,0.000,0.000,NO_BUY,reject=ret cur=0.03 thr=0.18 margin=-0.15 relax=0.00 | all=ret cur=0.03 thr=0.18 margin=-0.15 relax=0.00; ret10 cur=0.03 thr=0.24 margin=-0.21
1772083642.000,310210,MID,316000.0000,0.317,9,8214500,0.500,0.000,0.000,NO_BUY,confirm_wait 0.1s
1772083643.000,005930,MID,216250.0000,-0.231,174,2118910000,0.439,0.231,0.000,NO_BUY,reject=ret cur=-0.23 thr=0.18 margin=-0.41 relax=0.00 | all=ret cur=-0.23 thr=0.18 margin=-0.41 relax=0.00; ret10 cur=-0.23 thr=0.24 margin=-0.47; ret10_non_positive cur=-0.23
1772083643.000,036810,MID,43100.0000,0.348,95,288381050,0.500,0.000,0.000,NO_BUY,confirm_wait 0.1s
1772083643.000,035720,MID,61500.0000,0.000,40,91966100,0.137,0.162,0.000,NO_BUY,reject=ret cur=0.00 thr=0.18 margin=-0.18 relax=0.00 | all=ret cur=0.00 thr=0.18 margin=-0.18 relax=0.00; ret10 cur=0.00 thr=0.24 margin=-0.24; ret10_non_positive cur=0.00
1772083645.000,005830,MID,209000.0000,0.000,19,307100000,0.100,0.240,0.000,NO_BUY,reject=ret cur=0.00 thr=0.18 margin=-0.18 relax=0.00 | all=ret cur=0.00 thr=0.18 margin=-0.18 relax=0.00; ret10 cur=0.00 thr=0.24 margin=-0.24; ret10_non_positive cur=0.00
1772083646.000,187660,MID,18000.0000,-0.056,47,45188270,0.500,0.000,0.000,NO_BUY,reject=ret cur=-0.06 thr=0.18 margin=-0.24 relax=0.00 | all=ret cur=-0.06 thr=0.18 margin=-0.24 relax=0.00; ret10 cur=-0.06 thr=0.24 margin=-0.30; ret10_non_positive cur=-0.06
1772083646.000,066570,MID,146000.0000,0.000,24,25705950,0.500,0.000,0.000,NO_BUY,reject=ret cur=0.00 thr=0.18 margin=-0.18 relax=0.00 | all=ret cur=0.00 thr=0.18 margin=-0.18 relax=0.00; ret10 cur=0.00 thr=0.24 margin=-0.24; ret10_non_positive cur=0.00
1772083647.000,042520,MID,51500.0000,0.000,3,2672800,0.167,0.388,0.000,NO_BUY,reject=ret cur=0.00 thr=0.18 margin=-0.18 relax=0.00 | all=ret cur=0.00 thr=0.18 margin=-0.18 relax=0.00; ticks cur=3 thr=5 margin=-2; ret10 cur=0.00 thr=0.24 margin=-0.24; ret10_non_positive cur=0.00
1772083647.000,377300,MID,68900.0000,0.000,14,9926300,0.500,0.000,0.000,NO_BUY,reject=ret cur=0.00 thr=0.18 margin=-0.18 relax=0.00 | all=ret cur=0.00 thr=0.18 margin=-0.18 relax=0.00; ret10 cur=0.00 thr=0.24 margin=-0.24; ret10_non_positive cur=0.00
1772083648.000,039030,MID,417000.0000,0.120,18,40423000,0.081,0.120,0.000,NO_BUY,reject=ret cur=0.12 thr=0.18 margin=-0.06 relax=0.00 | all=ret cur=0.12 thr=0.18 margin=-0.06 relax=0.00; ret10 cur=0.12 thr=0.24 margin=-0.12
1772083649.000,035420,MID,260000.0000,-0.192,29,73089750,0.478,0.192,0.000,NO_BUY,reject=ret cur=-0.19 thr=0.18 margin=-0.37 relax=0.00 | all=ret cur=-0.19 thr=0.18 margin=-0.37 relax=0.00; ret10 cur=-0.19 thr=0.24 margin=-0.43; ret10_non_positive cur=-0.19
1772083651.000,058470,MID,106100.0000,0.000,2,1379300,0.500,0.000,0.000,NO_BUY,reject=ret cur=0.00 thr=0.18 margin=-0.18 relax=0.00 | all=ret cur=0.00 thr=0.18 margin=-0.18 relax=0.00; ticks cur=2 thr=5 margin=-3; ret10 cur=0.00 thr=0.24 margin=-0.24; ret10_non_positive cur=0.00
1772083652.000,122630,MID,110985.0000,-0.050,89,1475707472,0.500,0.000,0.000,NO_BUY,reject=ret cur=-0.05 thr=0.18 margin=-0.23 relax=0.00 | all=ret cur=-0.05 thr=0.18 margin=-0.23 relax=0.00; ret10 cur=-0.05 thr=0.24 margin=-0.29; ret10_non_positive cur=-0.05
1772083652.000,064760,MID,235500.0000,0.213,2,705500,0.460,0.213,0.000,NO_BUY,reject=ticks cur=2 thr=5 margin=-3 | all=ticks cur=2 thr=5 margin=-3; ret10 cur=0.21 thr=0.24 margin=-0.03
1772083653.000,229200,MID,20985.0000,-0.024,54,60712758,0.500,0.000,0.000,NO_BUY,reject=ret cur=-0.02 thr=0.18 margin=-0.20 relax=0.00 | all=ret cur=-0.02 thr=0.18 margin=-0.20 relax=0.00; ret10 cur=-0.02 thr=0.24 margin=-0.26; ret10_non_positive cur=-0.02
1772083655.000,336260,MID,39600.0000,0.126,2,20765000,0.500,0.000,0.000,NO_BUY,reject=ret cur=0.13 thr=0.18 margin=-0.05 relax=0.00 | all=ret cur=0.13 thr=0.18 margin=-0.05 relax=0.00; ticks cur=2 thr=5 margin=-3; ret10 cur=0.13 thr=0.24 margin=-0.11
1772083655.000,002020,MID,71200.0000,0.141,6,1352500,0.500,0.000,0.000,NO_BUY,reject=ret cur=0.14 thr=0.18 margin=-0.04 relax=0.00 | all=ret cur=0.14 thr=0.18 margin=-0.04 relax=0.00; ret10 cur=0.14 thr=0.24 margin=-0.10
1772083655.000,064400,MID,73800.0000,0.136,17,17144500,0.500,0.000,0.000,NO_BUY,reject=ret cur=0.14 thr=0.18 margin=-0.04 relax=0.00 | all=ret cur=0.14 thr=0.18 margin=-0.04 relax=0.00; ret10 cur=0.14 thr=0.24 margin=-0.10
1772083655.000,102940,MID,65500.0000,0.000,2,6232000,0.500,0.000,0.000,NO_BUY,reject=ret cur=0.00 thr=0.18 margin=-0.18 relax=0.00 | all=ret cur=0.00 thr=0.18 margin=-0.18 relax=0.00; ticks cur=2 thr=5 margin=-3; ret10 cur=0.00 thr=0.24 margin=-0.24; ret10_non_positive cur=0.00
1772083656.000,103590,MID,88100.0000,0.114,9,74367900,0.732,0.114,0.000,NO_BUY,reject=ret cur=0.11 thr=0.18 margin=-0.07 relax=0.00 | all=ret cur=0.11 thr=0.18 margin=-0.07 relax=0.00; ret10 cur=0.11 thr=0.24 margin=-0.13
1772083658.000,086520,MID,185000.0000,0.000,24,121638950,0.500,0.000,0.000,NO_BUY,reject=ret cur=0.00 thr=0.18 margin=-0.18 relax=0.00 | all=ret cur=0.00 thr=0.18 margin=-0.18 relax=0.00; ret10 cur=0.00 thr=0.24 margin=-0.24; ret10_non_positive cur=0.00
1772083658.000,233740,MID,20330.0000,0.000,55,546026968,0.500,0.000,0.000,NO_BUY,reject=ret cur=0.00 thr=0.18 margin=-0.18 relax=0.00 | all=ret cur=0.00 thr=0.18 margin=-0.18 relax=0.00; ret10 cur=0.00 thr=0.24 margin=-0.24; ret10_non_positive cur=0.00
1772083659.000,396500,MID,34705.0000,0.000,53,145887239,0.500,0.000,0.000,NO_BUY,reject=ret cur=0.00 thr=0.18 margin=-0.18 relax=0.00 | all=ret cur=0.00 thr=0.18 margin=-0.18 relax=0.00; ret10 cur=0.00 thr=0.24 margin=-0.24; ret10_non_positive cur=0.00
1772083663.000,005930,MID,216000.0000,0.000,159,738975750,0.442,0.231,0.000,NO_BUY,reject=ret cur=0.00 thr=0.18 margin=-0.18 relax=0.00 | all=ret cur=0.00 thr=0.18 margin=-0.18 relax=0.00; ret10 cur=0.00 thr=0.24 margin=-0.24; ret10_non_positive cur=0.00
1772083663.000,036810,MID,43150.0000,0.000,81,198041450,0.500,0.000,0.000,NO_BUY,reject=ret cur=0.00 thr=0.18 margin=-0.18 relax=0.00 | all=ret cur=0.00 thr=0.18 margin=-0.18 relax=0.00; ret10 cur=0.00 thr=0.24 margin=-0.24; ret10_non_positive cur=0.00
1772083665.000,035720,MID,61400.0000,-0.163,37,41012700,0.178,0.163,0.000,NO_BUY,reject=ret cur=-0.16 thr=0.18 margin=-0.34 relax=0.00 | all=ret cur=-0.16 thr=0.18 margin=-0.34 relax=0.00; ret10 cur=-0.16 thr=0.24 margin=-0.40; ret10_non_positive cur=-0.16
1772083665.000,005830,MID,208500.0000,-0.240,15,27308000,0.092,0.240,0.000,NO_BUY,reject=ret cur=-0.24 thr=0.18 margin=-0.42 relax=0.00 | all=ret cur=-0.24 thr=0.18 margin=-0.42 relax=0.00; ret10 cur=-0.24 thr=0.24 margin=-0.48; ret10_non_positive cur=-0.24
1772083666.000,187660,MID,18060.0000,0.389,55,184125420,0.500,0.000,0.000,NO_BUY,pullback_wait cur=18060.00 peak=18160.00 pb_thr=18123.68 reb_thr=18150.92 pulled=1
1772083666.000,066570,MID,146000.0000,0.000,23,17091200,0.500,0.000,0.000,NO_BUY,reject=ret cur=0.00 thr=0.18 margin=-0.18 relax=0.00 | all=ret cur=0.00 thr=0.18 margin=-0.18 relax=0.00; ret10 cur=0.00 thr=0.24 margin=-0.24; ret10_non_positive cur=0.00
1772083667.000,310210,MID,314500.0000,-0.316,5,5676000,0.500,0.000,0.000,NO_BUY,reject=ret cur=-0.32 thr=0.18 margin=-0.50 relax=0.00 | all=ret cur=-0.32 thr=0.18 margin=-0.50 relax=0.00; ret10 cur=-0.32 thr=0.24 margin=-0.56; ret10_non_positive cur=-0.32
1772083668.000,377300,MID,68900.0000,0.291,12,4344100,0.500,0.000,0.000,NO_BUY,confirm_wait 0.1s
1772083668.000,039030,MID,417500.0000,0.000,5,32109000,0.074,0.120,0.000,NO_BUY,reject=ret cur=0.00 thr=0.18 margin=-0.18 relax=0.00 | all=ret cur=0.00 thr=0.18 margin=-0.18 relax=0.00; ret10 cur=0.00 thr=0.24 margin=-0.24; ret10_non_positive cur=0.00
1772083669.000,035420,MID,260500.0000,0.000,39,20031500,0.478,0.192,0.000,NO_BUY,reject=ret cur=0.00 thr=0.18 margin=-0.18 relax=0.00 | all=ret cur=0.00 thr=0.18 margin=-0.18 relax=0.00; ret10 cur=0.00 thr=0.24 margin=-0.24; ret10_non_positive cur=0.00
1772083670.000,042520,MID,51600.0000,0.194,2,1809400,0.168,0.194,0.000,NO_BUY,reject=ticks cur=2 thr=5 margin=-3 | all=ticks cur=2 thr=5 margin=-3; ret10 cur=0.19 thr=0.24 margin=-0.05
1772083671.000,058470,MID,106100.0000,0.000,8,8280900,0.500,0.000,0.000,NO_BUY,reject=ret cur=0.00 thr=0.18 margin=-0.18 relax=0.00 | all=ret cur=0.00 thr=0.18 margin=-0.18 relax=0.00; ret10 cur=0.00 thr=0.24 margin=-0.24; ret10_non_positive cur=0.00
1772083672.000,122630,MID,111110.0000,0.036,95,477944155,0.500,0.000,0.000,NO_BUY,reject=ret cur=0.04 thr=0.18 margin=-0.14 relax=0.00 | all=ret cur=0.04 thr=0.18 margin=-0.14 relax=0.00; ret10 cur=0.04 thr=0.24 margin=-0.20
1772083673.000,229200,MID,20995.0000,0.000,705,752194201,0.500,0.000,0.000,NO_BUY,reject=ret cur=0.00 thr=0.18 margin=-0.18 relax=0.00 | all=ret cur=0.00 thr=0.18 margin=-0.18 relax=0.00; ret10 cur=0.00 thr=0.24 margin=-0.24; ret10_non_positive cur=0.00
1772083674.000,294570,MID,33700.0000,0.000,2,67500,0.500,0.000,0.000,NO_BUY,reject=ret cur=0.00 thr=0.18 margin=-0.18 relax=0.00 | all=ret cur=0.00 thr=0.18 margin=-0.18 relax=0.00; ticks cur=2 thr=5 margin=-3; ret10 cur=0.00 thr=0.24 margin=-0.24; ret10_non_positive cur=0.00
1772083674.000,009900,MID,11390.0000,0.000,2,113900,0.500,0.000,0.000,NO_BUY,reject=ret cur=0.00 thr=0.18 margin=-0.18 relax=0.00 | all=ret cur=0.00 thr=0.18 margin=-0.18 relax=0.00; ticks cur=2 thr=5 margin=-3; ret10 cur=0.00 thr=0.24 margin=-0.24; ret10_non_positive cur=0.00
1772083674.000,115180,MID,33900.0000,0.000,2,305100,0.500,0.000,0.000,NO_BUY,reject=ret cur=0.00 thr=0.18 margin=-0.18 relax=0.00 | all=ret cur=0.00 thr=0.18 margin=-0.18 relax=0.00; ticks cur=2 thr=5 margin=-3; ret10 cur=0.00 thr=0.24 margin=-0.24; ret10_non_positive cur=0.00
1772083675.000,336260,MID,39600.0000,0.000,9,5540500,0.500,0.000,0.000,NO_BUY,reject=ret cur=0.00 thr=0.18 margin=-0.18 relax=0.00 | all=ret cur=0.00 thr=0.18 margin=-0.18 relax=0.00; ret10 cur=0.00 thr=0.24 margin=-0.24; ret10_non_positive cur=0.00
1772083675.000,064400,MID,73900.0000,-0.135,11,18845300,0.500,0.000,0.000,NO_BUY,reject=ret cur=-0.14 thr=0.18 margin=-0.32 relax=0.00 | all=ret cur=-0.14 thr=0.18 margin=-0.32 relax=0.00; ret10 cur=-0.14 thr=0.24 margin=-0.38; ret10_non_positive cur=-0.14
1772083675.000,064760,MID,235500.0000,0.000,4,4484500,0.462,0.425,0.000,NO_BUY,reject=ret cur=0.00 thr=0.18 margin=-0.18 relax=0.00 | all=ret cur=0.00 thr=0.18 margin=-0.18 relax=0.00; ticks cur=4 thr=5 margin=-1; ret10 cur=0.00 thr=0.24 margin=-0.24; ret10_non_positive cur=0.00
1772083677.000,103590,MID,88100.0000,-0.114,12,46599900,0.750,0.114,0.000,NO_BUY,reject=ret cur=-0.11 thr=0.18 margin=-0.29 relax=0.00 | all=ret cur=-0.11 thr=0.18 margin=-0.29 relax=0.00; ret10 cur=-0.11 thr=0.24 margin=-0.35; ret10_non_positive cur=-0.11
1772083678.000,233740,MID,20330.0000,-0.025,30,157928800,0.500,0.000,0.000,NO_BUY,reject=ret cur=-0.02 thr=0.18 margin=-0.20 relax=0.00 | all=ret cur=-0.02 thr=0.18 margin=-0.20 relax=0.00; ret10 cur=-0.02 thr=0.24 margin=-0.26; ret10_non_positive cur=-0.02
1772083678.000,086520,MID,185000.0000,0.000,41,104769500,0.500,0.000,0.000,NO_BUY,reject=ret cur=0.00 thr=0.18 margin=-0.18 relax=0.00 | all=ret cur=0.00 thr=0.18 margin=-0.18 relax=0.00; ret10 cur=0.00 thr=0.24 margin=-0.24; ret10_non_positive cur=0.00
1772083679.000,396500,MID,34715.0000,-0.029,66,221173090,0.500,0.000,0.000,NO_BUY,reject=ret cur=-0.03 thr=0.18 margin=-0.21 relax=0.00 | all=ret cur=-0.03 thr=0.18 margin=-0.21 relax=0.00; ret10 cur=-0.03 thr=0.24 margin=-0.27; ret10_non_positive cur=-0.03
1772083680.000,002020,MID,71200.0000,0.140,2,142500,0.500,0.000,0.000,NO_BUY,reject=ret cur=0.14 thr=0.18 margin=-0.04 relax=0.00 | all=ret cur=0.14 thr=0.18 margin=-0.04 relax=0.00; ticks cur=2 thr=5 margin=-3; ret10 cur=0.14 thr=0.24 margin=-0.10
1772083683.000,005930,MID,216000.0000,0.231,142,1345403500,0.434,0.231,0.000,NO_BUY,reject=ret10 cur=0.23 thr=0.24 margin=-0.01 | all=ret10 cur=0.23 thr=0.24 margin=-0.01
1772083683.000,036810,MID,43600.0000,0.347,193,561470650,0.500,0.000,0.000,NO_BUY,reject=orderbook_stale age=362.00s max=1.00s | all=orderbook_stale age=362.00s max=1.00s
1772083685.000,035720,MID,61500.0000,0.000,31,28093100,0.179,0.163,0.000,NO_BUY,reject=ret cur=0.00 thr=0.18 margin=-0.18 relax=0.00 | all=ret cur=0.00 thr=0.18 margin=-0.18 relax=0.00; ret10 cur=0.00 thr=0.24 margin=-0.24; ret10_non_positive cur=0.00
1772083686.000,066570,MID,146000.0000,0.000,28,105725300,0.500,0.000,0.000,NO_BUY,reject=ret cur=0.00 thr=0.18 margin=-0.18 relax=0.00 | all=ret cur=0.00 thr=0.18 margin=-0.18 relax=0.00; ret10 cur=0.00 thr=0.24 margin=-0.24; ret10_non_positive cur=0.00
1772083686.000,187660,MID,18140.0000,0.221,82,153802730,0.500,0.000,0.000,NO_BUY,reject=ret10 cur=0.22 thr=0.24 margin=-0.02 | all=ret10 cur=0.22 thr=0.24 margin=-0.02
1772083686.000,005830,MID,208500.0000,-0.240,10,15418500,0.090,0.240,0.000,NO_BUY,reject=ret cur=-0.24 thr=0.18 margin=-0.42 relax=0.00 | all=ret cur=-0.24 thr=0.18 margin=-0.42 relax=0.00; ret10 cur=-0.24 thr=0.24 margin=-0.48; ret10_non_positive cur=-0.24
1772083687.000,310210,MID,316500.0000,-0.158,5,4743000,0.500,0.000,0.000,NO_BUY,reject=ret cur=-0.16 thr=0.18 margin=-0.34 relax=0.00 | all=ret cur=-0.16 thr=0.18 margin=-0.34 relax=0.00; ret10 cur=-0.16 thr=0.24 margin=-0.40; ret10_non_positive cur=-0.16
1772083688.000,039030,MID,417000.0000,0.000,3,11677500,0.080,0.120,0.000,NO_BUY,reject=ret cur=0.00 thr=0.18 margin=-0.18 relax=0.00 | all=ret cur=0.00 thr=0.18 margin=-0.18 relax=0.00; ticks cur=3 thr=5 margin=-2; ret10 cur=0.00 thr=0.24 margin=-0.24; ret10_non_positive cur=0.00
1772083688.000,377300,MID,68900.0000,0.000,18,13570600,0.500,0.000,0.000,NO_BUY,reject=ret cur=0.00 thr=0.18 margin=-0.18 relax=0.00 | all=ret cur=0.00 thr=0.18 margin=-0.18 relax=0.00; ret10 cur=0.00 thr=0.24 margin=-0.24; ret10_non_positive cur=0.00
1772083689.000,035420,MID,260000.0000,0.192,25,22371000,0.476,0.192,0.000,NO_BUY,reject=ret10 cur=0.19 thr=0.24 margin=-0.05 | all=ret10 cur=0.19 thr=0.24 margin=-0.05
1772083692.000,122630,MID,111050.0000,0.009,45,700377645,0.500,0.000,0.000,NO_BUY,reject=ret cur=0.01 thr=0.18 margin=-0.17 relax=0.00 | all=ret cur=0.01 thr=0.18 margin=-0.17 relax=0.00; ret10 cur=0.01 thr=0.24 margin=-0.23
1772083693.000,229200,MID,20995.0000,-0.024,83,149382780,0.500,0.000,0.000,NO_BUY,reject=ret cur=-0.02 thr=0.18 margin=-0.20 relax=0.00 | all=ret cur=-0.02 thr=0.18 margin=-0.20 relax=0.00; ret10 cur=-0.02 thr=0.24 margin=-0.26; ret10_non_positive cur=-0.02
1772083695.000,064400,MID,74000.0000,0.000,12,20988000,0.500,0.000,0.000,NO_BUY,reject=ret cur=0.00 thr=0.18 margin=-0.18 relax=0.00 | all=ret cur=0.00 thr=0.18 margin=-0.18 relax=0.00; ret10 cur=0.00 thr=0.24 margin=-0.24; ret10_non_positive cur=0.00
1772083695.000,064760,MID,235000.0000,0.000,4,7536000,0.491,0.213,0.000,NO_BUY,reject=ret cur=0.00 thr=0.18 margin=-0.18 relax=0.00 | all=ret cur=0.00 thr=0.18 margin=-0.18 relax=0.00; ticks cur=4 thr=5 margin=-1; ret10 cur=0.00 thr=0.24 margin=-0.24; ret10_non_positive cur=0.00
1772083695.000,042520,MID,51500.0000,0.000,3,4274500,0.208,0.194,0.000,NO_BUY,reject=ret cur=0.00 thr=0.18 margin=-0.18 relax=0.00 | all=ret cur=0.00 thr=0.18 margin=-0.18 relax=0.00; ticks cur=3 thr=5 margin=-2; ret10 cur=0.00 thr=0.24 margin=-0.24; ret10_non_positive cur=0.00
1772083697.000,103590,MID,88000.0000,-0.227,11,13125000,0.783,0.341,0.000,NO_BUY,reject=ret cur=-0.23 thr=0.18 margin=-0.41 relax=0.00 | all=ret cur=-0.23 thr=0.18 margin=-0.41 relax=0.00; ret10 cur=-0.23 thr=0.24 margin=-0.47; ret10_non_positive cur=-0.23
1772083697.000,009900,MID,11460.0000,0.087,12,18921390,0.500,0.000,0.000,NO_BUY,reject=ret cur=0.09 thr=0.18 margin=-0.09 relax=0.00 | all=ret cur=0.09 thr=0.18 margin=-0.09 relax=0.00; ret10 cur=0.09 thr=0.24 margin=-0.15
1772083697.000,115180,MID,33800.0000,-0.295,2,101500,0.500,0.000,0.000,NO_BUY,reject=ret cur=-0.29 thr=0.18 margin=-0.47 relax=0.00 | all=ret cur=-0.29 thr=0.18 margin=-0.47 relax=0.00; ticks cur=2 thr=5 margin=-3; ret10 cur=-0.29 thr=0.24 margin=-0.53; ret10_non_positive cur=-0.29
1772083698.000,233740,MID,20330.0000,-0.015,49,467340692,0.500,0.000,0.000,NO_BUY,reject=ret cur=-0.01 thr=0.18 margin=-0.19 relax=0.00 | all=ret cur=-0.01 thr=0.18 margin=-0.19 relax=0.00; ret10 cur=-0.01 thr=0.24 margin=-0.25; ret10_non_positive cur=-0.01
1772083698.000,086520,MID,185100.0000,0.000,25,86225800,0.500,0.000,0.000,NO_BUY,reject=ret cur=0.00 thr=0.18 margin=-0.18 relax=0.00 | all=ret cur=0.00 thr=0.18 margin=-0.18 relax=0.00; ret10 cur=0.00 thr=0.24 margin=-0.24; ret10_non_positive cur=0.00
1772083699.000,336260,MID,39650.0000,0.000,3,23997600,0.500,0.000,0.000,NO_BUY,reject=ret cur=0.00 thr=0.18 margin=-0.18 relax=0.00 | all=ret cur=0.00 thr=0.18 margin=-0.18 relax=0.00; ticks cur=3 thr=5 margin=-2; ret10 cur=0.00 thr=0.24 margin=-0.24; ret10_non_positive cur=0.00
1772083699.000,396500,MID,34710.0000,0.009,72,267918685,0.500,0.000,0.000,NO_BUY,reject=ret cur=0.01 thr=0.18 margin=-0.17 relax=0.00 | all=ret cur=0.01 thr=0.18 margin=-0.17 relax=0.00; ret10 cur=0.01 thr=0.24 margin=-0.23
1772083703.000,005930,MID,216000.0000,0.000,135,1376682250,0.435,0.231,0.000,NO_BUY,reject=ret cur=0.00 thr=0.18 margin=-0.18 relax=0.00 | all=ret cur=0.00 thr=0.18 margin=-0.18 relax=0.00; ret10 cur=0.00 thr=0.24 margin=-0.24; ret10_non_positive cur=0.00
1772083703.000,036810,MID,43250.0000,-0.231,78,151225950,0.500,0.000,0.000,NO_BUY,reject=ret cur=-0.23 thr=0.18 margin=-0.41 relax=0.00 | all=ret cur=-0.23 thr=0.18 margin=-0.41 relax=0.00; ret10 cur=-0.23 thr=0.24 margin=-0.47; ret10_non_positive cur=-0.23
1772083703.000,002020,MID,71200.0000,0.000,4,499000,0.500,0.000,0.000,NO_BUY,reject=ret cur=0.00 thr=0.18 margin=-0.18 relax=0.00 | all=ret cur=0.00 thr=0.18 margin=-0.18 relax=0.00; ticks cur=4 thr=5 margin=-1; ret10 cur=0.00 thr=0.24 margin=-0.24; ret10_non_positive cur=0.00
1772083705.000,035720,MID,61400.0000,0.000,38,97226300,0.180,0.163,0.000,NO_BUY,reject=ret cur=0.00 thr=0.18 margin=-0.18 relax=0.00 | all=ret cur=0.00 thr=0.18 margin=-0.18 relax=0.00; ret10 cur=0.00 thr=0.24 margin=-0.24; ret10_non_positive cur=0.00
1772083706.000,066570,MID,146000.0000,0.000,63,1021285200,0.500,0.000,0.000,NO_BUY,reject=ret cur=0.00 thr=0.18 margin=-0.18 relax=0.00 | all=ret cur=0.00 thr=0.18 margin=-0.18 relax=0.00; ret10 cur=0.00 thr=0.24 margin=-0.24; ret10_non_positive cur=0.00
1772083706.000,187660,MID,18250.0000,0.000,176,435023495,0.500,0.000,0.000,NO_BUY,reject=ret cur=0.00 thr=0.18 margin=-0.18 relax=0.00 | all=ret cur=0.00 thr=0.18 margin=-0.18 relax=0.00; ret10 cur=0.00 thr=0.24 margin=-0.24; ret10_non_positive cur=0.00
1772083708.000,377300,MID,68800.0000,0.145,20,70384600,0.500,0.000,0.000,NO_BUY,reject=ret cur=0.15 thr=0.18 margin=-0.03 relax=0.00 | all=ret cur=0.15 thr=0.18 margin=-0.03 relax=0.00; ret10 cur=0.15 thr=0.24 margin=-0.09
1772083708.000,310210,MID,315500.0000,-0.158,5,6309500,0.500,0.000,0.000,NO_BUY,reject=ret cur=-0.16 thr=0.18 margin=-0.34 relax=0.00 | all=ret cur=-0.16 thr=0.18 margin=-0.34 relax=0.00; ret10 cur=-0.16 thr=0.24 margin=-0.40; ret10_non_positive cur=-0.16
1772083708.000,005830,MID,208000.0000,0.000,4,1875000,0.095,0.240,0.000,NO_BUY,reject=ret cur=0.00 thr=0.18 margin=-0.18 relax=0.00 | all=ret cur=0.00 thr=0.18 margin=-0.18 relax=0.00; ticks cur=4 thr=5 margin=-1; ret10 cur=0.00 thr=0.24 margin=-0.24; ret10_non_positive cur=0.00
1772083709.000,035420,MID,260500.0000,0.000,19,24180750,0.478,0.192,0.000,NO_BUY,reject=ret cur=0.00 thr=0.18 margin=-0.18 relax=0.00 | all=ret cur=0.00 thr=0.18 margin=-0.18 relax=0.00; ret10 cur=0.00 thr=0.24 margin=-0.24; ret10_non_positive cur=0.00
1772083710.000,039030,MID,417000.0000,0.000,6,8346000,0.078,0.120,0.000,NO_BUY,reject=ret cur=0.00 thr=0.18 margin=-0.18 relax=0.00 | all=ret cur=0.00 thr=0.18 margin=-0.18 relax=0.00; ret10 cur=0.00 thr=0.24 margin=-0.24; ret10_non_positive cur=0.00
1772083712.000,122630,MID,111075.0000,0.036,53,240009105,0.500,0.000,0.000,NO_BUY,reject=ret cur=0.04 thr=0.18 margin=-0.14 relax=0.00 | all=ret cur=0.04 thr=0.18 margin=-0.14 relax=0.00; ret10 cur=0.04 thr=0.24 margin=-0.20
1772083713.000,229200,MID,21000.0000,0.000,65,237179155,0.500,0.000,0.000,NO_BUY,reject=ret cur=0.00 thr=0.18 margin=-0.18 relax=0.00 | all=ret cur=0.00 thr=0.18 margin=-0.18 relax=0.00; ret10 cur=0.00 thr=0.24 margin=-0.24; ret10_non_positive cur=0.00
1772083714.000,294570,MID,33700.0000,0.000,2,1752400,0.500,0.000,0.000,NO_BUY,reject=ret cur=0.00 thr=0.18 margin=-0.18 relax=0.00 | all=ret cur=0.00 thr=0.18 margin=-0.18 relax=0.00; ticks cur=2 thr=5 margin=-3; ret10 cur=0.00 thr=0.24 margin=-0.24; ret10_non_positive cur=0.00
1772083716.000,064760,MID,236000.0000,-0.212,8,6136000,0.394,0.212,0.000,NO_BUY,reject=ret cur=-0.21 thr=0.18 margin=-0.39 relax=0.00 | all=ret cur=-0.21 thr=0.18 margin=-0.39 relax=0.00; ret10 cur=-0.21 thr=0.24 margin=-0.45; ret10_non_positive cur=-0.21
1772083716.000,064400,MID,73900.0000,0.000,5,8055600,0.500,0.000,0.000,NO_BUY,reject=ret cur=0.00 thr=0.18 margin=-0.18 relax=0.00 | all=ret cur=0.00 thr=0.18 margin=-0.18 relax=0.00; ret10 cur=0.00 thr=0.24 margin=-0.24; ret10_non_positive cur=0.00
1772083716.000,042520,MID,51400.0000,0.000,5,3193000,0.500,0.000,0.000,NO_BUY,reject=ret cur=0.00 thr=0.18 margin=-0.18 relax=0.00 | all=ret cur=0.00 thr=0.18 margin=-0.18 relax=0.00; ret10 cur=0.00 thr=0.24 margin=-0.24; ret10_non_positive cur=0.00
1772083717.000,009900,MID,11490.0000,0.174,24,12709800,0.500,0.000,0.000,NO_BUY,reject=ret cur=0.17 thr=0.18 margin=-0.01 relax=0.00 | all=ret cur=0.17 thr=0.18 margin=-0.01 relax=0.00; ret10 cur=0.17 thr=0.24 margin=-0.07
1772083718.000,086520,MID,185200.0000,-0.054,26,23510250,0.500,0.000,0.000,NO_BUY,reject=ret cur=-0.05 thr=0.18 margin=-0.23 relax=0.00 | all=ret cur=-0.05 thr=0.18 margin=-0.23 relax=0.00; ret10 cur=-0.05 thr=0.24 margin=-0.29; ret10_non_positive cur=-0.05
1772083719.000,396500,MID,34715.0000,0.014,46,71616285,0.500,0.000,0.000,NO_BUY,reject=ret cur=0.01 thr=0.18 margin=-0.17 relax=0.00 | all=ret cur=0.01 thr=0.18 margin=-0.17 relax=0.00; ret10 cur=0.01 thr=0.24 margin=-0.23
1772083719.000,233740,MID,20332.0000,-0.010,59,201441305,0.500,0.000,0.000,NO_BUY,reject=ret cur=-0.01 thr=0.18 margin=-0.19 relax=0.00 | all=ret cur=-0.01 thr=0.18 margin=-0.19 relax=0.00; ret10 cur=-0.01 thr=0.24 margin=-0.25; ret10_non_positive cur=-0.01
1772083719.000,103590,MID,88000.0000,-0.113,5,2556100,0.500,0.000,0.000,NO_BUY,reject=ret cur=-0.11 thr=0.18 margin=-0.29 relax=0.00 | all=ret cur=-0.11 thr=0.18 margin=-0.29 relax=0.00; ret10 cur=-0.11 thr=0.24 margin=-0.35; ret10_non_positive cur=-0.11
1772083723.000,005930,MID,216500.0000,0.116,145,567278500,0.438,0.231,0.000,NO_BUY,reject=ret cur=0.12 thr=0.18 margin=-0.06 relax=0.00 | all=ret cur=0.12 thr=0.18 margin=-0.06 relax=0.00; ret10 cur=0.12 thr=0.24 margin=-0.12
1772083723.000,124500,MID,60700.0000,0.165,2,36813900,0.500,0.000,0.000,NO_BUY,reject=ret cur=0.17 thr=0.18 margin=-0.01 relax=0.00 | all=ret cur=0.17 thr=0.18 margin=-0.01 relax=0.00; ticks cur=2 thr=5 margin=-3; ret10 cur=0.17 thr=0.24 margin=-0.07
1772083723.000,036810,MID,43100.0000,-0.346,93,174403950,0.500,0.000,0.000,NO_BUY,reject=ret cur=-0.35 thr=0.18 margin=-0.53 relax=0.00 | all=ret cur=-0.35 thr=0.18 margin=-0.53 relax=0.00; ret10 cur=-0.35 thr=0.24 margin=-0.59; ret10_non_positive cur=-0.35
1772083723.000,002020,MID,71250.0000,0.000,15,7272600,0.500,0.000,0.000,NO_BUY,reject=ret cur=0.00 thr=0.18 margin=-0.18 relax=0.00 | all=ret cur=0.00 thr=0.18 margin=-0.18 relax=0.00; ret10 cur=0.00 thr=0.24 margin=-0.24; ret10_non_positive cur=0.00
1772083725.000,035720,MID,61500.0000,0.000,24,28160200,0.179,0.163,0.000,NO_BUY,reject=ret cur=0.00 thr=0.18 margin=-0.18 relax=0.00 | all=ret cur=0.00 thr=0.18 margin=-0.18 relax=0.00; ret10 cur=0.00 thr=0.24 margin=-0.24; ret10_non_positive cur=0.00
1772083726.000,187660,MID,18235.0000,-0.545,201,672463810,0.500,0.000,0.000,NO_BUY,reject=ret cur=-0.55 thr=0.18 margin=-0.73 relax=0.00 | all=ret cur=-0.55 thr=0.18 margin=-0.73 relax=0.00; ret10 cur=-0.55 thr=0.24 margin=-0.79; ret10_non_positive cur=-0.55
1772083726.000,066570,MID,146200.0000,0.137,109,536284300,0.500,0.000,0.000,NO_BUY,reject=ret cur=0.14 thr=0.18 margin=-0.04 relax=0.00 | all=ret cur=0.14 thr=0.18 margin=-0.04 relax=0.00; ret10 cur=0.14 thr=0.24 margin=-0.10
1772083728.000,377300,MID,68800.0000,0.000,17,5019400,0.500,0.000,0.000,NO_BUY,reject=ret cur=0.00 thr=0.18 margin=-0.18 relax=0.00 | all=ret cur=0.00 thr=0.18 margin=-0.18 relax=0.00; ret10 cur=0.00 thr=0.24 margin=-0.24; ret10_non_positive cur=0.00
1772083728.000,005830,MID,208000.0000,-0.480,26,108769500,0.087,0.241,0.000,NO_BUY,reject=ret cur=-0.48 thr=0.18 margin=-0.66 relax=0.00 | all=ret cur=-0.48 thr=0.18 margin=-0.66 relax=0.00; ret10 cur=-0.48 thr=0.24 margin=-0.72; ret10_non_positive cur=-0.48
1772083730.000,035420,MID,260000.0000,-0.192,27,22900500,0.480,0.192,0.000,NO_BUY,reject=ret cur=-0.19 thr=0.18 margin=-0.37 relax=0.00 | all=ret cur=-0.19 thr=0.18 margin=-0.37 relax=0.00; ret10 cur=-0.19 thr=0.24 margin=-0.43; ret10_non_positive cur=-0.19
1772083730.000,039030,MID,417000.0000,-0.120,8,109800000,0.089,0.120,0.000,NO_BUY,reject=ret cur=-0.12 thr=0.18 margin=-0.30 relax=0.00 | all=ret cur=-0.12 thr=0.18 margin=-0.30 relax=0.00; ret10 cur=-0.12 thr=0.24 margin=-0.36; ret10_non_positive cur=-0.12
1772083730.000,336260,MID,39650.0000,0.126,2,9157600,0.500,0.000,0.000,NO_BUY,reject=ret cur=0.13 thr=0.18 margin=-0.05 relax=0.00 | all=ret cur=0.13 thr=0.18 margin=-0.05 relax=0.00; ticks cur=2 thr=5 margin=-3; ret10 cur=0.13 thr=0.24 margin=-0.11
1772083732.000,122630,MID,111120.0000,0.009,101,430078030,0.500,0.000,0.000,NO_BUY,reject=ret cur=0.01 thr=0.18 margin=-0.17 relax=0.00 | all=ret cur=0.01 thr=0.18 margin=-0.17 relax=0.00; ret10 cur=0.01 thr=0.24 margin=-0.23
1772083733.000,310210,MID,315500.0000,-0.316,3,2527000,0.500,0.000,0.000,NO_BUY,reject=ret cur=-0.32 thr=0.18 margin=-0.50 relax=0.00 | all=ret cur=-0.32 thr=0.18 margin=-0.50 relax=0.00; ticks cur=3 thr=5 margin=-2; ret10 cur=-0.32 thr=0.24 margin=-0.56; ret10_non_positive cur=-0.32
1772083733.000,229200,MID,20995.0000,0.024,87,214634947,0.500,0.000,0.000,NO_BUY,reject=ret cur=0.02 thr=0.18 margin=-0.16 relax=0.00 | all=ret cur=0.02 thr=0.18 margin=-0.16 relax=0.00; ret10 cur=0.02 thr=0.24 margin=-0.22
1772083733.000,115180,MID,33900.0000,0.000,2,135600,0.500,0.000,0.000,NO_BUY,reject=ret cur=0.00 thr=0.18 margin=-0.18 relax=0.00 | all=ret cur=0.00 thr=0.18 margin=-0.18 relax=0.00; ticks cur=2 thr=5 margin=-3; ret10 cur=0.00 thr=0.24 margin=-0.24; ret10_non_positive cur=0.00
1772083736.000,064400,MID,73800.0000,0.000,8,5690900,0.500,0.000,0.000,NO_BUY,reject=ret cur=0.00 thr=0.18 margin=-0.18 relax=0.00 | all=ret cur=0.00 thr=0.18 margin=-0.18 relax=0.00; ret10 cur=0.00 thr=0.24 margin=-0.24; ret10_non_positive cur=0.00
1772083736.000,064760,MID,236500.0000,0.212,9,15555500,0.500,0.000,0.000,NO_BUY,reject=ret10 cur=0.21 thr=0.24 margin=-0.03 | all=ret10 cur=0.21 thr=0.24 margin=-0.03
1772083737.000,009900,MID,11530.0000,0.261,40,34548970,0.500,0.000,0.000,NO_BUY,reject=orderbook_stale age=2632.00s max=1.00s | all=orderbook_stale age=2632.00s max=1.00s
1772083738.000,086520,MID,185100.0000,0.000,34,65153450,0.500,0.000,0.000,NO_BUY,reject=ret cur=0.00 thr=0.18 margin=-0.18 relax=0.00 | all=ret cur=0.00 thr=0.18 margin=-0.18 relax=0.00; ret10 cur=0.00 thr=0.24 margin=-0.24; ret10_non_positive cur=0.00
1772083739.000,396500,MID,34725.0000,0.014,85,297483660,0.500,0.000,0.000,NO_BUY,reject=ret cur=0.01 thr=0.18 margin=-0.17 relax=0.00 | all=ret cur=0.01 thr=0.18 margin=-0.17 relax=0.00; ret10 cur=0.01 thr=0.24 margin=-0.23
1772083739.000,233740,MID,20330.0000,0.000,76,687280167,0.500,0.000,0.000,NO_BUY,reject=ret cur=0.00 thr=0.18 margin=-0.18 relax=0.00 | all=ret cur=0.00 thr=0.18 margin=-0.18 relax=0.00; ret10 cur=0.00 thr=0.24 margin=-0.24; ret10_non_positive cur=0.00
1772083739.000,103590,MID,88100.0000,0.000,7,12419400,0.742,0.227,0.000,NO_BUY,reject=ret cur=0.00 thr=0.18 margin=-0.18 relax=0.00 | all=ret cur=0.00 thr=0.18 margin=-0.18 relax=0.00; ret10 cur=0.00 thr=0.24 margin=-0.24; ret10_non_positive cur=0.00
1772083743.000,005930,MID,216000.0000,0.231,185,2432807500,0.440,0.231,0.000,NO_BUY,reject=ret10 cur=0.23 thr=0.24 margin=-0.01 | all=ret10 cur=0.23 thr=0.24 margin=-0.01
1772083743.000,036810,MID,42700.0000,-0.117,56,191524400,0.500,0.000,0.000,NO_BUY,reject=ret cur=-0.12 thr=0.18 margin=-0.30 relax=0.00 | all=ret cur=-0.12 thr=0.18 margin=-0.30 relax=0.00; ret10 cur=-0.12 thr=0.24 margin=-0.36; ret10_non_positive cur=-0.12
1772083743.000,042520,MID,51300.0000,0.000,2,513000,0.142,0.390,0.000,NO_BUY,reject=ret cur=0.00 thr=0.18 margin=-0.18 relax=0.00 | all=ret cur=0.00 thr=0.18 margin=-0.18 relax=0.00; ticks cur=2 thr=5 margin=-3; ret10 cur=0.00 thr=0.24 margin=-0.24; ret10_non_positive cur=0.00
1772083745.000,035720,MID,61500.0000,0.000,40,78037700,0.180,0.163,0.000,NO_BUY,reject=ret cur=0.00 thr=0.18 margin=-0.18 relax=0.00 | all=ret cur=0.00 thr=0.18 margin=-0.18 relax=0.00; ret10 cur=0.00 thr=0.24 margin=-0.24; ret10_non_positive cur=0.00
1772083745.000,002020,MID,71200.0000,0.000,3,996800,0.500,0.000,0.000,NO_BUY,reject=ret cur=0.00 thr=0.18 margin=-0.18 relax=0.00 | all=ret cur=0.00 thr=0.18 margin=-0.18 relax=0.00; ticks cur=3 thr=5 margin=-2; ret10 cur=0.00 thr=0.24 margin=-0.24; ret10_non_positive cur=0.00
1772083746.000,187660,MID,18150.0000,-0.548,131,479978670,0.500,0.000,0.000,NO_BUY,reject=ret cur=-0.55 thr=0.18 margin=-0.73 relax=0.00 | all=ret cur=-0.55 thr=0.18 margin=-0.73 relax=0.00; ret10 cur=-0.55 thr=0.24 margin=-0.79; ret10_non_positive cur=-0.55
1772083746.000,066570,MID,146100.0000,-0.103,42,179425500,0.500,0.000,0.000,NO_BUY,reject=ret cur=-0.10 thr=0.18 margin=-0.28 relax=0.00 | all=ret cur=-0.10 thr=0.18 margin=-0.28 relax=0.00; ret10 cur=-0.10 thr=0.24 margin=-0.34; ret10_non_positive cur=-0.10
1772083749.000,005830,MID,208000.0000,0.482,13,113358500,0.206,0.240,0.000,NO_BUY,pullback_wait cur=208000.00 peak=208500.00 pb_thr=208083.00 reb_thr=208395.75 pulled=1
1772083749.000,377300,MID,68800.0000,0.000,12,17811800,0.500,0.000,0.000,NO_BUY,reject=ret cur=0.00 thr=0.18 margin=-0.18 relax=0.00 | all=ret cur=0.00 thr=0.18 margin=-0.18 relax=0.00; ret10 cur=0.00 thr=0.24 margin=-0.24; ret10_non_positive cur=0.00
1772083750.000,035420,MID,260500.0000,0.192,43,160666000,0.494,0.192,0.000,NO_BUY,reject=ret10 cur=0.19 thr=0.24 margin=-0.05 | all=ret10 cur=0.19 thr=0.24 margin=-0.05
1772083750.000,336260,MID,39650.0000,0.000,12,29464650,0.500,0.000,0.000,NO_BUY,reject=ret cur=0.00 thr=0.18 margin=-0.18 relax=0.00 | all=ret cur=0.00 thr=0.18 margin=-0.18 relax=0.00; ret10 cur=0.00 thr=0.24 margin=-0.24; ret10_non_positive cur=0.00
1772083751.000,039030,MID,417000.0000,-0.120,11,15856500,0.080,0.120,0.000,NO_BUY,reject=ret cur=-0.12 thr=0.18 margin=-0.30 relax=0.00 | all=ret cur=-0.12 thr=0.18 margin=-0.30 relax=0.00; ret10 cur=-0.12 thr=0.24 margin=-0.36; ret10_non_positive cur=-0.12
1772083752.000,122630,MID,111120.0000,0.014,67,350353765,0.500,0.000,0.000,NO_BUY,reject=ret cur=0.01 thr=0.18 margin=-0.17 relax=0.00 | all=ret cur=0.01 thr=0.18 margin=-0.17 relax=0.00; ret10 cur=0.01 thr=0.24 margin=-0.23
1772083753.000,229200,MID,20995.0000,0.000,47,84884120,0.500,0.000,0.000,NO_BUY,reject=ret cur=0.00 thr=0.18 margin=-0.18 relax=0.00 | all=ret cur=0.00 thr=0.18 margin=-0.18 relax=0.00; ret10 cur=0.00 thr=0.24 margin=-0.24; ret10_non_positive cur=0.00
1772083753.000,102940,MID,65500.0000,0.153,2,458700,0.500,0.000,0.000,NO_BUY,reject=ret cur=0.15 thr=0.18 margin=-0.03 relax=0.00 | all=ret cur=0.15 thr=0.18 margin=-0.03 relax=0.00; ticks cur=2 thr=5 margin=-3; ret10 cur=0.15 thr=0.24 margin=-0.09
1772083754.000,310210,MID,315500.0000,0.000,6,15144000,0.500,0.000,0.000,NO_BUY,reject=ret cur=0.00 thr=0.18 margin=-0.18 relax=0.00 | all=ret cur=0.00 thr=0.18 margin=-0.18 relax=0.00; ret10 cur=0.00 thr=0.24 margin=-0.24; ret10_non_positive cur=0.00
1772083755.000,001500,MID,13330.0000,-0.075,2,293460,0.289,0.075,0.000,NO_BUY,reject=ret cur=-0.07 thr=0.18 margin=-0.25 relax=0.00 | all=ret cur=-0.07 thr=0.18 margin=-0.25 relax=0.00; ticks cur=2 thr=5 margin=-3; ret10 cur=-0.07 thr=0.24 margin=-0.31; ret10_non_positive cur=-0.07
1772083757.000,064760,MID,236000.0000,0.212,6,4479500,0.413,0.212,0.000,NO_BUY,reject=ret10 cur=0.21 thr=0.24 margin=-0.03 | all=ret10 cur=0.21 thr=0.24 margin=-0.03
1772083759.000,396500,MID,34710.0000,-0.029,114,411051090,0.500,0.000,0.000,NO_BUY,reject=ret cur=-0.03 thr=0.18 margin=-0.21 relax=0.00 | all=ret cur=-0.03 thr=0.18 margin=-0.21 relax=0.00; ret10 cur=-0.03 thr=0.24 margin=-0.27; ret10_non_positive cur=-0.03
1772083759.000,233740,MID,20330.0000,-0.025,47,450309880,0.500,0.000,0.000,NO_BUY,reject=ret cur=-0.02 thr=0.18 margin=-0.20 relax=0.00 | all=ret cur=-0.02 thr=0.18 margin=-0.20 relax=0.00; ret10 cur=-0.02 thr=0.24 margin=-0.26; ret10_non_positive cur=-0.02
1772083759.000,086520,MID,185100.0000,0.000,18,48122100,0.500,0.000,0.000,NO_BUY,reject=ret cur=0.00 thr=0.18 margin=-0.18 relax=0.00 | all=ret cur=0.00 thr=0.18 margin=-0.18 relax=0.00; ret10 cur=0.00 thr=0.24 margin=-0.24; ret10_non_positive cur=0.00
1772083760.000,103590,MID,88000.0000,0.000,2,9592000,0.749,0.114,0.000,NO_BUY,reject=ret cur=0.00 thr=0.18 margin=-0.18 relax=0.00 | all=ret cur=0.00 thr=0.18 margin=-0.18 relax=0.00; ticks cur=2 thr=5 margin=-3; ret10 cur=0.00 thr=0.24 margin=-0.24; ret10_non_positive cur=0.00
1772083761.000,064400,MID,73900.0000,0.000,3,9176000,0.500,0.000,0.000,NO_BUY,reject=ret cur=0.00 thr=0.18 margin=-0.18 relax=0.00 | all=ret cur=0.00 thr=0.18 margin=-0.18 relax=0.00; ticks cur=3 thr=5 margin=-2; ret10 cur=0.00 thr=0.24 margin=-0.24; ret10_non_positive cur=0.00
1772083763.000,005930,MID,216000.0000,-0.231,181,8383966500,0.461,0.232,0.000,NO_BUY,reject=ret cur=-0.23 thr=0.18 margin=-0.41 relax=0.00 | all=ret cur=-0.23 thr=0.18 margin=-0.41 relax=0.00; ret10 cur=-0.23 thr=0.24 margin=-0.47; ret10_non_positive cur=-0.23
1772083763.000,036810,MID,42550.0000,-0.468,54,128421300,0.500,0.000,0.000,NO_BUY,reject=ret cur=-0.47 thr=0.18 margin=-0.65 relax=0.00 | all=ret cur=-0.47 thr=0.18 margin=-0.65 relax=0.00; ret10 cur=-0.47 thr=0.24 margin=-0.71; ret10_non_positive cur=-0.47
1772083763.000,042520,MID,51300.0000,0.195,5,1385600,0.149,0.195,0.000,NO_BUY,reject=ret10 cur=0.19 thr=0.24 margin=-0.05 | all=ret10 cur=0.19 thr=0.24 margin=-0.05
1772083765.000,035720,MID,61400.0000,-0.162,40,146699450,0.178,0.163,0.000,NO_BUY,reject=ret cur=-0.16 thr=0.18 margin=-0.34 relax=0.00 | all=ret cur=-0.16 thr=0.18 margin=-0.34 relax=0.00; ret10 cur=-0.16 thr=0.24 margin=-0.40; ret10_non_positive cur=-0.16
1772083766.000,187660,MID,18080.0000,-0.551,75,237662640,0.500,0.000,0.000,NO_BUY,reject=ret cur=-0.55 thr=0.18 margin=-0.73 relax=0.00 | all=ret cur=-0.55 thr=0.18 margin=-0.73 relax=0.00; ret10 cur=-0.55 thr=0.24 margin=-0.79; ret10_non_positive cur=-0.55
1772083766.000,066570,MID,146100.0000,-0.137,35,76555050,0.500,0.000,0.000,NO_BUY,reject=ret cur=-0.14 thr=0.18 margin=-0.32 relax=0.00 | all=ret cur=-0.14 thr=0.18 margin=-0.32 relax=0.00; ret10 cur=-0.14 thr=0.24 margin=-0.38; ret10_non_positive cur=-0.14
1772083768.000,002020,MID,71000.0000,-0.281,8,4410000,0.500,0.000,0.000,NO_BUY,reject=ret cur=-0.28 thr=0.18 margin=-0.46 relax=0.00 | all=ret cur=-0.28 thr=0.18 margin=-0.46 relax=0.00; ret10 cur=-0.28 thr=0.24 margin=-0.52; ret10_non_positive cur=-0.28
1772083771.000,377300,MID,68900.0000,-0.145,11,5854800,0.500,0.000,0.000,NO_BUY,reject=ret cur=-0.15 thr=0.18 margin=-0.33 relax=0.00 | all=ret cur=-0.15 thr=0.18 margin=-0.33 relax=0.00; ret10 cur=-0.15 thr=0.24 margin=-0.39; ret10_non_positive cur=-0.15
1772083771.000,336260,MID,39650.0000,-0.126,5,6383250,0.500,0.000,0.000,NO_BUY,reject=ret cur=-0.13 thr=0.18 margin=-0.31 relax=0.00 | all=ret cur=-0.13 thr=0.18 margin=-0.31 relax=0.00; ret10 cur=-0.13 thr=0.24 margin=-0.37; ret10_non_positive cur=-0.13
1772083771.000,005830,MID,209000.0000,0.000,14,16287500,0.198,0.240,0.000,NO_BUY,reject=ret cur=0.00 thr=0.18 margin=-0.18 relax=0.00 | all=ret cur=0.00 thr=0.18 margin=-0.18 relax=0.00; ret10 cur=0.00 thr=0.24 margin=-0.24; ret10_non_positive cur=0.00
1772083772.000,122630,MID,111090.0000,0.135,76,1423797075,0.500,0.000,0.000,NO_BUY,reject=ret cur=0.14 thr=0.18 margin=-0.04 relax=0.00 | all=ret cur=0.14 thr=0.18 margin=-0.04 relax=0.00; ret10 cur=0.14 thr=0.24 margin=-0.10
1772083773.000,229200,MID,20995.0000,0.024,67,146227695,0.500,0.000,0.000,NO_BUY,reject=ret cur=0.02 thr=0.18 margin=-0.16 relax=0.00 | all=ret cur=0.02 thr=0.18 margin=-0.16 relax=0.00; ret10 cur=0.02 thr=0.24 margin=-0.22
1772083774.000,035420,MID,260500.0000,0.000,17,13792500,0.497,0.192,0.000,NO_BUY,reject=ret cur=0.00 thr=0.18 margin=-0.18 relax=0.00 | all=ret cur=0.00 thr=0.18 margin=-0.18 relax=0.00; ret10 cur=0.00 thr=0.24 margin=-0.24; ret10_non_positive cur=0.00
1772083774.000,310210,MID,316000.0000,0.158,7,4107000,0.500,0.000,0.000,NO_BUY,reject=ret cur=0.16 thr=0.18 margin=-0.02 relax=0.00 | all=ret cur=0.16 thr=0.18 margin=-0.02 relax=0.00; ret10 cur=0.16 thr=0.24 margin=-0.08
1772083775.000,115180,MID,33850.0000,0.000,2,1796700,0.500,0.000,0.000,NO_BUY,reject=ret cur=0.00 thr=0.18 margin=-0.18 relax=0.00 | all=ret cur=0.00 thr=0.18 margin=-0.18 relax=0.00; ticks cur=2 thr=5 margin=-3; ret10 cur=0.00 thr=0.24 margin=-0.24; ret10_non_positive cur=0.00
1772083777.000,039030,MID,417000.0000,0.000,2,1670000,0.093,0.120,0.000,NO_BUY,reject=ret cur=0.00 thr=0.18 margin=-0.18 relax=0.00 | all=ret cur=0.00 thr=0.18 margin=-0.18 relax=0.00; ticks cur=2 thr=5 margin=-3; ret10 cur=0.00 thr=0.24 margin=-0.24; ret10_non_positive cur=0.00
1772083779.000,233740,MID,20335.0000,0.000,53,160880285,0.500,0.000,0.000,NO_BUY,reject=ret cur=0.00 thr=0.18 margin=-0.18 relax=0.00 | all=ret cur=0.00 thr=0.18 margin=-0.18 relax=0.00; ret10 cur=0.00 thr=0.24 margin=-0.24; ret10_non_positive cur=0.00
1772083779.000,396500,MID,34710.0000,-0.014,54,158572175,0.500,0.000,0.000,NO_BUY,reject=ret cur=-0.01 thr=0.18 margin=-0.19 relax=0.00 | all=ret cur=-0.01 thr=0.18 margin=-0.19 relax=0.00; ret10 cur=-0.01 thr=0.24 margin=-0.25; ret10_non_positive cur=-0.01
1772083779.000,086520,MID,185100.0000,-0.054,25,42016200,0.500,0.000,0.000,NO_BUY,reject=ret cur=-0.05 thr=0.18 margin=-0.23 relax=0.00 | all=ret cur=-0.05 thr=0.18 margin=-0.23 relax=0.00; ret10 cur=-0.05 thr=0.24 margin=-0.29; ret10_non_positive cur=-0.05
1772083780.000,009900,MID,11540.0000,0.000,3,4064100,0.500,0.000,0.000,NO_BUY,reject=ret cur=0.00 thr=0.18 margin=-0.18 relax=0.00 | all=ret cur=0.00 thr=0.18 margin=-0.18 relax=0.00; ticks cur=3 thr=5 margin=-2; ret10 cur=0.00 thr=0.24 margin=-0.24; ret10_non_positive cur=0.00
1772083780.000,103590,MID,88100.0000,0.000,6,21140700,0.739,0.227,0.000,NO_BUY,reject=ret cur=0.00 thr=0.18 margin=-0.18 relax=0.00 | all=ret cur=0.00 thr=0.18 margin=-0.18 relax=0.00; ret10 cur=0.00 thr=0.24 margin=-0.24; ret10_non_positive cur=0.00
1772083781.000,064400,MID,73900.0000,-0.135,12,62529000,0.500,0.000,0.000,NO_BUY,reject=ret cur=-0.14 thr=0.18 margin=-0.32 relax=0.00 | all=ret cur=-0.14 thr=0.18 margin=-0.32 relax=0.00; ret10 cur=-0.14 thr=0.24 margin=-0.38; ret10_non_positive cur=-0.14
1772083781.000,294570,MID,33700.0000,0.148,2,741500,0.500,0.000,0.000,NO_BUY,reject=ret cur=0.15 thr=0.18 margin=-0.03 relax=0.00 | all=ret cur=0.15 thr=0.18 margin=-0.03 relax=0.00; ticks cur=2 thr=5 margin=-3; ret10 cur=0.15 thr=0.24 margin=-0.09
1772083781.000,064760,MID,235500.0000,0.426,4,7551000,0.415,0.212,0.000,NO_BUY,reject=ticks cur=4 thr=5 margin=-1 | all=ticks cur=4 thr=5 margin=-1
1772083782.000,058470,MID,106300.0000,0.094,3,849800,0.500,0.000,0.000,NO_BUY,reject=ret cur=0.09 thr=0.18 margin=-0.09 relax=0.00 | all=ret cur=0.09 thr=0.18 margin=-0.09 relax=0.00; ticks cur=3 thr=5 margin=-2; ret10 cur=0.09 thr=0.24 margin=-0.15
1772083783.000,005930,MID,216000.0000,-0.116,138,1074043750,0.465,0.232,0.000,NO_BUY,reject=ret cur=-0.12 thr=0.18 margin=-0.30 relax=0.00 | all=ret cur=-0.12 thr=0.18 margin=-0.30 relax=0.00; ret10 cur=-0.12 thr=0.24 margin=-0.36; ret10_non_positive cur=-0.12
1772083783.000,036810,MID,42550.0000,0.000,25,17752250,0.500,0.000,0.000,NO_BUY,reject=ret cur=0.00 thr=0.18 margin=-0.18 relax=0.00 | all=ret cur=0.00 thr=0.18 margin=-0.18 relax=0.00; ret10 cur=0.00 thr=0.24 margin=-0.24; ret10_non_positive cur=0.00
1772083784.000,042520,MID,51500.0000,0.000,2,2364400,0.116,0.389,0.000,NO_BUY,reject=ret cur=0.00 thr=0.18 margin=-0.18 relax=0.00 | all=ret cur=0.00 thr=0.18 margin=-0.18 relax=0.00; ticks cur=2 thr=5 margin=-3; ret10 cur=0.00 thr=0.24 margin=-0.24; ret10_non_positive cur=0.00
1772083785.000,035720,MID,61500.0000,0.000,49,226819700,0.141,0.162,0.000,NO_BUY,reject=ret cur=0.00 thr=0.18 margin=-0.18 relax=0.00 | all=ret cur=0.00 thr=0.18 margin=-0.18 relax=0.00; ret10 cur=0.00 thr=0.24 margin=-0.24; ret10_non_positive cur=0.00
1772083786.000,066570,MID,145900.0000,-0.137,35,151867800,0.500,0.000,0.000,NO_BUY,reject=ret cur=-0.14 thr=0.18 margin=-0.32 relax=0.00 | all=ret cur=-0.14 thr=0.18 margin=-0.32 relax=0.00; ret10 cur=-0.14 thr=0.24 margin=-0.38; ret10_non_positive cur=-0.14
1772083786.000,187660,MID,18150.0000,-0.110,37,40602220,0.500,0.000,0.000,NO_BUY,reject=ret cur=-0.11 thr=0.18 margin=-0.29 relax=0.00 | all=ret cur=-0.11 thr=0.18 margin=-0.29 relax=0.00; ret10 cur=-0.11 thr=0.24 margin=-0.35; ret10_non_positive cur=-0.11
1772083790.000,002020,MID,71300.0000,0.281,8,5200000,0.500,0.000,0.000,NO_BUY,confirm_wait 0.1s
1772083791.000,377300,MID,68800.0000,0.000,6,15774100,0.500,0.000,0.000,NO_BUY,reject=ret cur=0.00 thr=0.18 margin=-0.18 relax=0.00 | all=ret cur=0.00 thr=0.18 margin=-0.18 relax=0.00; ret10 cur=0.00 thr=0.24 margin=-0.24; ret10_non_positive cur=0.00
1772083791.000,005830,MID,208500.0000,0.240,12,18599500,0.193,0.240,0.000,NO_BUY,reject=ret10 cur=0.24 thr=0.24 margin=-0.00 | all=ret10 cur=0.24 thr=0.24 margin=-0.00
1772083792.000,122630,MID,111030.0000,-0.032,45,137897120,0.500,0.000,0.000,NO_BUY,reject=ret cur=-0.03 thr=0.18 margin=-0.21 relax=0.00 | all=ret cur=-0.03 thr=0.18 margin=-0.21 relax=0.00; ret10 cur=-0.03 thr=0.24 margin=-0.27; ret10_non_positive cur=-0.03
1772083793.000,229200,MID,21000.0000,-0.010,45,87391348,0.500,0.000,0.000,NO_BUY,reject=ret cur=-0.01 thr=0.18 margin=-0.19 relax=0.00 | all=ret cur=-0.01 thr=0.18 margin=-0.19 relax=0.00; ret10 cur=-0.01 thr=0.24 margin=-0.25; ret10_non_positive cur=-0.01
1772083794.000,035420,MID,260000.0000,-0.192,26,27316500,0.494,0.192,0.000,NO_BUY,reject=ret cur=-0.19 thr=0.18 margin=-0.37 relax=0.00 | all=ret cur=-0.19 thr=0.18 margin=-0.37 relax=0.00; ret10 cur=-0.19 thr=0.24 margin=-0.43; ret10_non_positive cur=-0.19
1772083796.000,336260,MID,39700.0000,0.000,3,198350,0.500,0.000,0.000,NO_BUY,reject=ret cur=0.00 thr=0.18 margin=-0.18 relax=0.00 | all=ret cur=0.00 thr=0.18 margin=-0.18 relax=0.00; ticks cur=3 thr=5 margin=-2; ret10 cur=0.00 thr=0.24 margin=-0.24; ret10_non_positive cur=0.00
1772083797.000,039030,MID,416500.0000,-0.120,8,30014500,0.075,0.120,0.000,NO_BUY,reject=ret cur=-0.12 thr=0.18 margin=-0.30 relax=0.00 | all=ret cur=-0.12 thr=0.18 margin=-0.30 relax=0.00; ret10 cur=-0.12 thr=0.24 margin=-0.36; ret10_non_positive cur=-0.12
1772083798.000,310210,MID,315000.0000,-0.158,5,21748000,0.500,0.000,0.000,NO_BUY,reject=ret cur=-0.16 thr=0.18 margin=-0.34 relax=0.00 | all=ret cur=-0.16 thr=0.18 margin=-0.34 relax=0.00; ret10 cur=-0.16 thr=0.24 margin=-0.40; ret10_non_positive cur=-0.16
1772083799.000,233740,MID,20335.0000,-0.015,38,405675552,0.500,0.000,0.000,NO_BUY,reject=ret cur=-0.01 thr=0.18 margin=-0.19 relax=0.00 | all=ret cur=-0.01 thr=0.18 margin=-0.19 relax=0.00; ret10 cur=-0.01 thr=0.24 margin=-0.25; ret10_non_positive cur=-0.01
1772083799.000,396500,MID,34710.0000,0.000,89,223139410,0.500,0.000,0.000,NO_BUY,reject=ret cur=0.00 thr=0.18 margin=-0.18 relax=0.00 | all=ret cur=0.00 thr=0.18 margin=-0.18 relax=0.00; ret10 cur=0.00 thr=0.24 margin=-0.24; ret10_non_positive cur=0.00
1772083800.000,086520,CLOSE,185100.0000,-0.054,19,37388800,0.500,0.000,0.000,NO_BUY,reject=ret cur=-0.05 thr=0.15 margin=-0.20 relax=0.00 | all=ret cur=-0.05 thr=0.15 margin=-0.20 relax=0.00; ret10 cur=-0.05 thr=0.25 margin=-0.30; ret10_non_positive cur=-0.05
1772083800.000,103590,CLOSE,88000.0000,0.000,5,12496600,0.747,0.114,0.000,NO_BUY,reject=ret cur=0.00 thr=0.15 margin=-0.15 relax=0.00 | all=ret cur=0.00 thr=0.15 margin=-0.15 relax=0.00; ret10 cur=0.00 thr=0.25 margin=-0.25; ret10_non_positive cur=0.00
1772083800.000,009900,CLOSE,11530.0000,0.173,29,55253240,0.500,0.000,0.000,NO_BUY,reject=ret10 cur=0.17 thr=0.25 margin=-0.08 | all=ret10 cur=0.17 thr=0.25 margin=-0.08
1772083801.000,064400,CLOSE,74000.0000,0.000,5,3621100,0.500,0.000,0.000,NO_BUY,reject=ret cur=0.00 thr=0.15 margin=-0.15 relax=0.00 | all=ret cur=0.00 thr=0.15 margin=-0.15 relax=0.00; ret10 cur=0.00 thr=0.25 margin=-0.25; ret10_non_positive cur=0.00
1772083801.000,064760,CLOSE,236000.0000,-0.424,8,23807500,0.399,0.424,0.000,NO_BUY,reject=ret cur=-0.42 thr=0.15 margin=-0.57 relax=0.00 | all=ret cur=-0.42 thr=0.15 margin=-0.57 relax=0.00; ret10 cur=-0.42 thr=0.25 margin=-0.67; ret10_non_positive cur=-0.42
1772083803.000,005930,CLOSE,215500.0000,-0.116,134,734413750,0.467,0.232,0.000,NO_BUY,reject=ret cur=-0.12 thr=0.15 margin=-0.27 relax=0.00 | all=ret cur=-0.12 thr=0.15 margin=-0.27 relax=0.00; ret10 cur=-0.12 thr=0.25 margin=-0.37; ret10_non_positive cur=-0.12
1772083803.000,058470,CLOSE,106200.0000,-0.094,7,15403400,0.500,0.000,0.000,NO_BUY,reject=ret cur=-0.09 thr=0.15 margin=-0.24 relax=0.00 | all=ret cur=-0.09 thr=0.15 margin=-0.24 relax=0.00; ret10 cur=-0.09 thr=0.25 margin=-0.34; ret10_non_positive cur=-0.09
1772083803.000,036810,CLOSE,42400.0000,0.118,27,15957450,0.500,0.000,0.000,NO_BUY,reject=ret cur=0.12 thr=0.15 margin=-0.03 relax=0.00 | all=ret cur=0.12 thr=0.15 margin=-0.03 relax=0.00; ret10 cur=0.12 thr=0.25 margin=-0.13
1772083805.000,035720,CLOSE,61500.0000,-0.163,36,37124500,0.183,0.163,0.000,NO_BUY,reject=ret cur=-0.16 thr=0.15 margin=-0.31 relax=0.00 | all=ret cur=-0.16 thr=0.15 margin=-0.31 relax=0.00; ret10 cur=-0.16 thr=0.25 margin=-0.41; ret10_non_positive cur=-0.16
1772083806.000,187660,CLOSE,18120.0000,0.055,48,40715525,0.500,0.000,0.000,NO_BUY,reject=ret cur=0.06 thr=0.15 margin=-0.09 relax=0.00 | all=ret cur=0.06 thr=0.15 margin=-0.09 relax=0.00; ret10 cur=0.06 thr=0.25 margin=-0.19
1772083806.000,066570,CLOSE,145900.0000,0.000,37,22620150,0.500,0.000,0.000,NO_BUY,reject=ret cur=0.00 thr=0.15 margin=-0.15 relax=0.00 | all=ret cur=0.00 thr=0.15 margin=-0.15 relax=0.00; ret10 cur=0.00 thr=0.25 margin=-0.25; ret10_non_positive cur=0.00
1772083808.000,102940,CLOSE,65700.0000,0.000,2,131400,0.500,0.000,0.000,NO_BUY,reject=ret cur=0.00 thr=0.15 margin=-0.15 relax=0.00 | all=ret cur=0.00 thr=0.15 margin=-0.15 relax=0.00; ticks cur=2 thr=4 margin=-2; ret10 cur=0.00 thr=0.25 margin=-0.25; ret10_non_positive cur=0.00
1772083810.000,002020,CLOSE,71300.0000,-0.279,10,14066700,0.500,0.000,0.000,NO_BUY,reject=ret cur=-0.28 thr=0.15 margin=-0.43 relax=0.00 | all=ret cur=-0.28 thr=0.15 margin=-0.43 relax=0.00; ret10 cur=-0.28 thr=0.25 margin=-0.53; ret10_non_positive cur=-0.28
1772083811.000,377300,CLOSE,68900.0000,0.145,11,8880200,0.500,0.000,0.000,NO_BUY,reject=ret cur=0.15 thr=0.15 margin=-0.00 relax=0.00 | all=ret cur=0.15 thr=0.15 margin=-0.00 relax=0.00; ret10 cur=0.15 thr=0.25 margin=-0.10
1772083811.000,042520,CLOSE,51300.0000,0.000,3,614400,0.164,0.390,0.000,NO_BUY,reject=ret cur=0.00 thr=0.15 margin=-0.15 relax=0.00 | all=ret cur=0.00 thr=0.15 margin=-0.15 relax=0.00; ticks cur=3 thr=4 margin=-1; ret10 cur=0.00 thr=0.25 margin=-0.25; ret10_non_positive cur=0.00
1772083812.000,122630,CLOSE,110940.0000,-0.095,185,880875735,0.500,0.000,0.000,NO_BUY,reject=ret cur=-0.09 thr=0.15 margin=-0.24 relax=0.00 | all=ret cur=-0.09 thr=0.15 margin=-0.24 relax=0.00; ret10 cur=-0.09 thr=0.25 margin=-0.34; ret10_non_positive cur=-0.09
1772083812.000,005830,CLOSE,208500.0000,0.000,9,57053000,0.107,0.240,0.000,NO_BUY,reject=ret cur=0.00 thr=0.15 margin=-0.15 relax=0.00 | all=ret cur=0.00 thr=0.15 margin=-0.15 relax=0.00; ret10 cur=0.00 thr=0.25 margin=-0.25; ret10_non_positive cur=0.00
1772083813.000,229200,CLOSE,20990.0000,0.000,52,63441440,0.500,0.000,0.000,NO_BUY,reject=ret cur=0.00 thr=0.15 margin=-0.15 relax=0.00 | all=ret cur=0.00 thr=0.15 margin=-0.15 relax=0.00; ret10 cur=0.00 thr=0.25 margin=-0.25; ret10_non_positive cur=0.00
1772083815.000,035420,CLOSE,260500.0000,0.000,26,16649500,0.493,0.192,0.000,NO_BUY,reject=ret cur=0.00 thr=0.15 margin=-0.15 relax=0.00 | all=ret cur=0.00 thr=0.15 margin=-0.15 relax=0.00; ret10 cur=0.00 thr=0.25 margin=-0.25; ret10_non_positive cur=0.00
1772083817.000,039030,CLOSE,416500.0000,0.000,11,61717000,0.078,0.120,0.000,NO_BUY,reject=ret cur=0.00 thr=0.15 margin=-0.15 relax=0.00 | all=ret cur=0.00 thr=0.15 margin=-0.15 relax=0.00; ret10 cur=0.00 thr=0.25 margin=-0.25; ret10_non_positive cur=0.00
1772083818.000,336260,CLOSE,39650.0000,0.000,7,21820950,0.500,0.000,0.000,NO_BUY,reject=ret cur=0.00 thr=0.15 margin=-0.15 relax=0.00 | all=ret cur=0.00 thr=0.15 margin=-0.15 relax=0.00; ret10 cur=0.00 thr=0.25 margin=-0.25; ret10_non_positive cur=0.00
1772083818.000,310210,CLOSE,315500.0000,0.000,4,1262000,0.500,0.000,0.000,NO_BUY,reject=ret cur=0.00 thr=0.15 margin=-0.15 relax=0.00 | all=ret cur=0.00 thr=0.15 margin=-0.15 relax=0.00; ret10 cur=0.00 thr=0.25 margin=-0.25; ret10_non_positive cur=0.00
1772083819.000,233740,CLOSE,20335.0000,0.000,52,288832355,0.500,0.000,0.000,NO_BUY,reject=ret cur=0.00 thr=0.15 margin=-0.15 relax=0.00 | all=ret cur=0.00 thr=0.15 margin=-0.15 relax=0.00; ret10 cur=0.00 thr=0.25 margin=-0.25; ret10_non_positive cur=0.00
1772083819.000,396500,CLOSE,34690.0000,-0.086,317,650463995,0.500,0.000,0.000,NO_BUY,reject=ret cur=-0.09 thr=0.15 margin=-0.24 relax=0.00 | all=ret cur=-0.09 thr=0.15 margin=-0.24 relax=0.00; ret10 cur=-0.09 thr=0.25 margin=-0.34; ret10_non_positive cur=-0.09
1772083820.000,009900,CLOSE,11450.0000,-0.174,40,42680150,0.500,0.000,0.000,NO_BUY,reject=ret cur=-0.17 thr=0.15 margin=-0.32 relax=0.00 | all=ret cur=-0.17 thr=0.15 margin=-0.32 relax=0.00; ret10 cur=-0.17 thr=0.25 margin=-0.42; ret10_non_positive cur=-0.17
1772083820.000,103590,CLOSE,88000.0000,0.000,3,9514800,0.772,0.227,0.000,NO_BUY,reject=ret cur=0.00 thr=0.15 margin=-0.15 relax=0.00 | all=ret cur=0.00 thr=0.15 margin=-0.15 relax=0.00; ticks cur=3 thr=4 margin=-1; ret10 cur=0.00 thr=0.25 margin=-0.25; ret10_non_positive cur=0.00
1772083821.000,064760,CLOSE,236000.0000,0.000,7,6842500,0.408,0.212,0.000,NO_BUY,reject=ret cur=0.00 thr=0.15 margin=-0.15 relax=0.00 | all=ret cur=0.00 thr=0.15 margin=-0.15 relax=0.00; ret10 cur=0.00 thr=0.25 margin=-0.25; ret10_non_positive cur=0.00
1772083821.000,115180,CLOSE,34050.0000,0.295,5,11949500,0.500,0.000,0.000,NO_BUY,confirm_wait 0.1s
1772083821.000,064400,CLOSE,73900.0000,0.000,11,9978100,0.500,0.000,0.000,NO_BUY,reject=ret cur=0.00 thr=0.15 margin=-0.15 relax=0.00 | all=ret cur=0.00 thr=0.15 margin=-0.15 relax=0.00; ret10 cur=0.00 thr=0.25 margin=-0.25; ret10_non_positive cur=0.00
1772083822.000,086520,CLOSE,185100.0000,0.054,17,58119300,0.500,0.000,0.000,NO_BUY,reject=ret cur=0.05 thr=0.15 margin=-0.10 relax=0.00 | all=ret cur=0.05 thr=0.15 margin=-0.10 relax=0.00; ret10 cur=0.05 thr=0.25 margin=-0.20
1772083823.000,005930,CLOSE,215500.0000,0.232,126,644299000,0.461,0.232,0.000,NO_BUY,reject=ret10 cur=0.23 thr=0.25 margin=-0.02 | all=ret10 cur=0.23 thr=0.25 margin=-0.02
1772083823.000,036810,CLOSE,42250.0000,-0.118,29,35072850,0.500,0.000,0.000,NO_BUY,reject=ret cur=-0.12 thr=0.15 margin=-0.27 relax=0.00 | all=ret cur=-0.12 thr=0.15 margin=-0.27 relax=0.00; ret10 cur=-0.12 thr=0.25 margin=-0.37; ret10_non_positive cur=-0.12
1772083825.000,035720,CLOSE,61500.0000,-0.163,43,85839800,0.182,0.163,0.000,NO_BUY,reject=ret cur=-0.16 thr=0.15 margin=-0.31 relax=0.00 | all=ret cur=-0.16 thr=0.15 margin=-0.31 relax=0.00; ret10 cur=-0.16 thr=0.25 margin=-0.41; ret10_non_positive cur=-0.16
1772083826.000,187660,CLOSE,18190.0000,-0.110,55,46761245,0.500,0.000,0.000,NO_BUY,reject=ret cur=-0.11 thr=0.15 margin=-0.26 relax=0.00 | all=ret cur=-0.11 thr=0.15 margin=-0.26 relax=0.00; ret10 cur=-0.11 thr=0.25 margin=-0.36; ret10_non_positive cur=-0.11
1772083826.000,066570,CLOSE,146000.0000,0.000,25,47006100,0.500,0.000,0.000,NO_BUY,reject=ret cur=0.00 thr=0.15 margin=-0.15 relax=0.00 | all=ret cur=0.00 thr=0.15 margin=-0.15 relax=0.00; ret10 cur=0.00 thr=0.25 margin=-0.25; ret10_non_positive cur=0.00
1772083831.000,042520,CLOSE,51200.0000,-0.098,5,10659150,0.500,0.000,0.000,NO_BUY,reject=ret cur=-0.10 thr=0.15 margin=-0.25 relax=0.00 | all=ret cur=-0.10 thr=0.15 margin=-0.25 relax=0.00; ret10 cur=-0.10 thr=0.25 margin=-0.35; ret10_non_positive cur=-0.10
1772083831.000,377300,CLOSE,68700.0000,-0.073,14,3369850,0.500,0.000,0.000,NO_BUY,reject=ret cur=-0.07 thr=0.15 margin=-0.22 relax=0.00 | all=ret cur=-0.07 thr=0.15 margin=-0.22 relax=0.00; ret10 cur=-0.07 thr=0.25 margin=-0.32; ret10_non_positive cur=-0.07
1772083832.000,122630,CLOSE,110940.0000,0.077,171,2069200715,0.500,0.000,0.000,NO_BUY,reject=ret cur=0.08 thr=0.15 margin=-0.07 relax=0.00 | all=ret cur=0.08 thr=0.15 margin=-0.07 relax=0.00; ret10 cur=0.08 thr=0.25 margin=-0.17
1772083832.000,005830,CLOSE,209000.0000,0.000,10,16714500,0.102,0.240,0.000,NO_BUY,reject=ret cur=0.00 thr=0.15 margin=-0.15 relax=0.00 | all=ret cur=0.00 thr=0.15 margin=-0.15 relax=0.00; ret10 cur=0.00 thr=0.25 margin=-0.25; ret10_non_positive cur=0.00
1772083833.000,229200,CLOSE,20995.0000,0.000,58,186944800,0.500,0.000,0.000,NO_BUY,reject=ret cur=0.00 thr=0.15 margin=-0.15 relax=0.00 | all=ret cur=0.00 thr=0.15 margin=-0.15 relax=0.00; ret10 cur=0.00 thr=0.25 margin=-0.25; ret10_non_positive cur=0.00
1772083835.000,035420,CLOSE,260500.0000,0.000,28,100101000,0.494,0.192,0.000,NO_BUY,reject=ret cur=0.00 thr=0.15 margin=-0.15 relax=0.00 | all=ret cur=0.00 thr=0.15 margin=-0.15 relax=0.00; ret10 cur=0.00 thr=0.25 margin=-0.25; ret10_non_positive cur=0.00
1772083837.000,039030,CLOSE,416000.0000,0.000,10,36586000,0.095,0.120,0.000,NO_BUY,reject=ret cur=0.00 thr=0.15 margin=-0.15 relax=0.00 | all=ret cur=0.00 thr=0.15 margin=-0.15 relax=0.00; ret10 cur=0.00 thr=0.25 margin=-0.25; ret10_non_positive cur=0.00
1772083838.000,336260,CLOSE,39700.0000,0.126,3,8092250,0.500,0.000,0.000,NO_BUY,reject=ret cur=0.13 thr=0.15 margin=-0.02 relax=0.00 | all=ret cur=0.13 thr=0.15 margin=-0.02 relax=0.00; ticks cur=3 thr=4 margin=-1; ret10 cur=0.13 thr=0.25 margin=-0.12
1772083838.000,002020,CLOSE,71200.0000,0.000,3,284800,0.500,0.000,0.000,NO_BUY,reject=ret cur=0.00 thr=0.15 margin=-0.15 relax=0.00 | all=ret cur=0.00 thr=0.15 margin=-0.15 relax=0.00; ticks cur=3 thr=4 margin=-1; ret10 cur=0.00 thr=0.25 margin=-0.25; ret10_non_positive cur=0.00
1772083839.000,233740,CLOSE,20335.0000,-0.074,92,626488200,0.500,0.000,0.000,NO_BUY,reject=ret cur=-0.07 thr=0.15 margin=-0.22 relax=0.00 | all=ret cur=-0.07 thr=0.15 margin=-0.22 relax=0.00; ret10 cur=-0.07 thr=0.25 margin=-0.32; ret10_non_positive cur=-0.07
1772083839.000,396500,CLOSE,34680.0000,0.014,70,337203980,0.500,0.000,0.000,NO_BUY,reject=ret cur=0.01 thr=0.15 margin=-0.14 relax=0.00 | all=ret cur=0.01 thr=0.15 margin=-0.14 relax=0.00; ret10 cur=0.01 thr=0.25 margin=-0.24
1772083840.000,009900,CLOSE,11450.0000,-0.174,20,27356560,0.500,0.000,0.000,NO_BUY,reject=ret cur=-0.17 thr=0.15 margin=-0.32 relax=0.00 | all=ret cur=-0.17 thr=0.15 margin=-0.32 relax=0.00; ret10 cur=-0.17 thr=0.25 margin=-0.42; ret10_non_positive cur=-0.17
1772083841.000,064400,CLOSE,74000.0000,-0.068,9,11023850,0.500,0.000,0.000,NO_BUY,reject=ret cur=-0.07 thr=0.15 margin=-0.22 relax=0.00 | all=ret cur=-0.07 thr=0.15 margin=-0.22 relax=0.00; ret10 cur=-0.07 thr=0.25 margin=-0.32; ret10_non_positive cur=-0.07
1772083841.000,064760,CLOSE,236000.0000,0.000,4,9421000,0.413,0.212,0.000,NO_BUY,reject=ret cur=0.00 thr=0.15 margin=-0.15 relax=0.00 | all=ret cur=0.00 thr=0.15 margin=-0.15 relax=0.00; ret10 cur=0.00 thr=0.25 margin=-0.25; ret10_non_positive cur=0.00
1772083842.000,086520,CLOSE,184900.0000,-0.054,17,51056800,0.500,0.000,0.000,NO_BUY,reject=ret cur=-0.05 thr=0.15 margin=-0.20 relax=0.00 | all=ret cur=-0.05 thr=0.15 margin=-0.20 relax=0.00; ret10 cur=-0.05 thr=0.25 margin=-0.30; ret10_non_positive cur=-0.05
1772083843.000,005930,CLOSE,216000.0000,0.000,137,1618378000,0.465,0.232,0.000,NO_BUY,reject=ret cur=0.00 thr=0.15 margin=-0.15 relax=0.00 | all=ret cur=0.00 thr=0.15 margin=-0.15 relax=0.00; ret10 cur=0.00 thr=0.25 margin=-0.25; ret10_non_positive cur=0.00
1772083843.000,036810,CLOSE,42000.0000,-0.119,31,31150700,0.500,0.000,0.000,NO_BUY,reject=ret cur=-0.12 thr=0.15 margin=-0.27 relax=0.00 | all=ret cur=-0.12 thr=0.15 margin=-0.27 relax=0.00; ret10 cur=-0.12 thr=0.25 margin=-0.37; ret10_non_positive cur=-0.12
1772083844.000,058470,CLOSE,106300.0000,0.000,2,3720500,0.500,0.000,0.000,NO_BUY,reject=ret cur=0.00 thr=0.15 margin=-0.15 relax=0.00 | all=ret cur=0.00 thr=0.15 margin=-0.15 relax=0.00; ticks cur=2 thr=4 margin=-2; ret10 cur=0.00 thr=0.25 margin=-0.25; ret10_non_positive cur=0.00
1772083844.000,310210,CLOSE,315500.0000,0.158,2,1263000,0.500,0.000,0.000,NO_BUY,reject=ticks cur=2 thr=4 margin=-2 | all=ticks cur=2 thr=4 margin=-2; ret10 cur=0.16 thr=0.25 margin=-0.09
1772083845.000,035720,CLOSE,61500.0000,-0.163,37,114879400,0.184,0.163,0.000,NO_BUY,reject=ret cur=-0.16 thr=0.15 margin=-0.31 relax=0.00 | all=ret cur=-0.16 thr=0.15 margin=-0.31 relax=0.00; ret10 cur=-0.16 thr=0.25 margin=-0.41; ret10_non_positive cur=-0.16
1772083846.000,066570,CLOSE,146000.0000,-0.068,30,58666000,0.500,0.000,0.000,NO_BUY,reject=ret cur=-0.07 thr=0.15 margin=-0.22 relax=0.00 | all=ret cur=-0.07 thr=0.15 margin=-0.22 relax=0.00; ret10 cur=-0.07 thr=0.25 margin=-0.32; ret10_non_positive cur=-0.07
1772083846.000,187660,CLOSE,18240.0000,0.330,65,123515410,0.500,0.000,0.000,NO_BUY,pullback_wait cur=18240.00 peak=18240.00 pb_thr=18203.52 reb_thr=18230.88 pulled=0
1772083851.000,042520,CLOSE,51400.0000,0.000,14,5898400,0.163,0.390,0.000,NO_BUY,reject=ret cur=0.00 thr=0.15 margin=-0.15 relax=0.00 | all=ret cur=0.00 thr=0.15 margin=-0.15 relax=0.00; ret10 cur=0.00 thr=0.25 margin=-0.25; ret10_non_positive cur=0.00
1772083851.000,377300,CLOSE,68800.0000,0.000,16,35873500,0.500,0.000,0.000,NO_BUY,reject=ret cur=0.00 thr=0.15 margin=-0.15 relax=0.00 | all=ret cur=0.00 thr=0.15 margin=-0.15 relax=0.00; ret10 cur=0.00 thr=0.25 margin=-0.25; ret10_non_positive cur=0.00
1772083851.000,103590,CLOSE,88000.0000,0.000,2,8898100,0.735,0.114,0.000,NO_BUY,reject=ret cur=0.00 thr=0.15 margin=-0.15 relax=0.00 | all=ret cur=0.00 thr=0.15 margin=-0.15 relax=0.00; ticks cur=2 thr=4 margin=-2; ret10 cur=0.00 thr=0.25 margin=-0.25; ret10_non_positive cur=0.00
1772083851.000,124500,CLOSE,60900.0000,0.164,2,668900,0.500,0.000,0.000,NO_BUY,reject=ticks cur=2 thr=4 margin=-2 | all=ticks cur=2 thr=4 margin=-2; ret10 cur=0.16 thr=0.25 margin=-0.09
1772083852.000,005830,CLOSE,208500.0000,-0.239,5,1669500,0.117,0.240,0.000,NO_BUY,reject=ret cur=-0.24 thr=0.15 margin=-0.39 relax=0.00 | all=ret cur=-0.24 thr=0.15 margin=-0.39 relax=0.00; ret10 cur=-0.24 thr=0.25 margin=-0.49; ret10_non_positive cur=-0.24
1772083852.000,122630,CLOSE,110960.0000,-0.018,62,195412645,0.500,0.000,0.000,NO_BUY,reject=ret cur=-0.02 thr=0.15 margin=-0.17 relax=0.00 | all=ret cur=-0.02 thr=0.15 margin=-0.17 relax=0.00; ret10 cur=-0.02 thr=0.25 margin=-0.27; ret10_non_positive cur=-0.02
1772083853.000,229200,CLOSE,21000.0000,0.024,763,2673427055,0.500,0.000,0.000,NO_BUY,reject=ret cur=0.02 thr=0.15 margin=-0.13 relax=0.00 | all=ret cur=0.02 thr=0.15 margin=-0.13 relax=0.00; ret10 cur=0.02 thr=0.25 margin=-0.23
1772083855.000,035420,CLOSE,260000.0000,0.000,22,28867500,0.492,0.192,0.000,NO_BUY,reject=ret cur=0.00 thr=0.15 margin=-0.15 relax=0.00 | all=ret cur=0.00 thr=0.15 margin=-0.15 relax=0.00; ret10 cur=0.00 thr=0.25 margin=-0.25; ret10_non_positive cur=0.00
1772083857.000,039030,CLOSE,417000.0000,-0.120,7,72501000,0.087,0.120,0.000,NO_BUY,reject=ret cur=-0.12 thr=0.15 margin=-0.27 relax=0.00 | all=ret cur=-0.12 thr=0.15 margin=-0.27 relax=0.00; ret10 cur=-0.12 thr=0.25 margin=-0.37; ret10_non_positive cur=-0.12
1772083859.000,233740,CLOSE,20340.0000,0.074,95,377751365,0.500,0.000,0.000,NO_BUY,reject=ret cur=0.07 thr=0.15 margin=-0.08 relax=0.00 | all=ret cur=0.07 thr=0.15 margin=-0.08 relax=0.00; ret10 cur=0.07 thr=0.25 margin=-0.18
1772083859.000,396500,CLOSE,34670.0000,-0.014,197,706993172,0.500,0.000,0.000,NO_BUY,reject=ret cur=-0.01 thr=0.15 margin=-0.16 relax=0.00 | all=ret cur=-0.01 thr=0.15 margin=-0.16 relax=0.00; ret10 cur=-0.01 thr=0.25 margin=-0.26; ret10_non_positive cur=-0.01
1772083860.000,002020,CLOSE,71200.0000,0.000,4,498300,0.500,0.000,0.000,NO_BUY,reject=ret cur=0.00 thr=0.15 margin=-0.15 relax=0.00 | all=ret cur=0.00 thr=0.15 margin=-0.15 relax=0.00; ret10 cur=0.00 thr=0.25 margin=-0.25; ret10_non_positive cur=0.00
1772083861.000,064400,CLOSE,73900.0000,-0.068,20,7171650,0.500,0.000,0.000,NO_BUY,reject=ret cur=-0.07 thr=0.15 margin=-0.22 relax=0.00 | all=ret cur=-0.07 thr=0.15 margin=-0.22 relax=0.00; ret10 cur=-0.07 thr=0.25 margin=-0.32; ret10_non_positive cur=-0.07
1772083861.000,064760,CLOSE,236500.0000,0.426,14,36079000,0.403,0.424,0.000,NO_BUY,pullback_wait cur=236500.00 peak=236500.00 pb_thr=236027.00 reb_thr=236381.75 pulled=0
1772083861.000,102940,CLOSE,65500.0000,0.152,3,525100,0.500,0.000,0.000,NO_BUY,reject=ticks cur=3 thr=4 margin=-1 | all=ticks cur=3 thr=4 margin=-1; ret10 cur=0.15 thr=0.25 margin=-0.10
1772083861.000,336260,CLOSE,39700.0000,0.000,7,7335300,0.500,0.000,0.000,NO_BUY,reject=ret cur=0.00 thr=0.15 margin=-0.15 relax=0.00 | all=ret cur=0.00 thr=0.15 margin=-0.15 relax=0.00; ret10 cur=0.00 thr=0.25 margin=-0.25; ret10_non_positive cur=0.00
1772083862.000,086520,CLOSE,184900.0000,0.000,18,101896300,0.500,0.000,0.000,NO_BUY,reject=ret cur=0.00 thr=0.15 margin=-0.15 relax=0.00 | all=ret cur=0.00 thr=0.15 margin=-0.15 relax=0.00; ret10 cur=0.00 thr=0.25 margin=-0.25; ret10_non_positive cur=0.00
1772083863.000,005930,CLOSE,215500.0000,0.000,125,407914500,0.467,0.232,0.000,NO_BUY,reject=ret cur=0.00 thr=0.15 margin=-0.15 relax=0.00 | all=ret cur=0.00 thr=0.15 margin=-0.15 relax=0.00; ret10 cur=0.00 thr=0.25 margin=-0.25; ret10_non_positive cur=0.00
1772083865.000,035720,CLOSE,61500.0000,-0.163,27,18127100,0.183,0.163,0.000,NO_BUY,reject=ret cur=-0.16 thr=0.15 margin=-0.31 relax=0.00 | all=ret cur=-0.16 thr=0.15 margin=-0.31 relax=0.00; ret10 cur=-0.16 thr=0.25 margin=-0.41; ret10_non_positive cur=-0.16
1772083865.000,036810,CLOSE,42000.0000,0.358,12,17218800,0.500,0.000,0.000,NO_BUY,confirm_wait 0.1s
1772083865.000,058470,CLOSE,106000.0000,0.000,10,31832000,0.500,0.000,0.000,NO_BUY,reject=ret cur=0.00 thr=0.15 margin=-0.15 relax=0.00 | all=ret cur=0.00 thr=0.15 margin=-0.15 relax=0.00; ret10 cur=0.00 thr=0.25 margin=-0.25; ret10_non_positive cur=0.00
1772083866.000,066570,CLOSE,145800.0000,0.000,42,41583000,0.500,0.000,0.000,NO_BUY,reject=ret cur=0.00 thr=0.15 margin=-0.15 relax=0.00 | all=ret cur=0.00 thr=0.15 margin=-0.15 relax=0.00; ret10 cur=0.00 thr=0.25 margin=-0.25; ret10_non_positive cur=0.00
1772083866.000,187660,CLOSE,18240.0000,0.000,61,93949670,0.500,0.000,0.000,NO_BUY,reject=ret cur=0.00 thr=0.15 margin=-0.15 relax=0.00 | all=ret cur=0.00 thr=0.15 margin=-0.15 relax=0.00; ret10 cur=0.00 thr=0.25 margin=-0.25; ret10_non_positive cur=0.00
1772083868.000,310210,CLOSE,316000.0000,0.000,2,2212000,0.500,0.000,0.000,NO_BUY,reject=ret cur=0.00 thr=0.15 margin=-0.15 relax=0.00 | all=ret cur=0.00 thr=0.15 margin=-0.15 relax=0.00; ticks cur=2 thr=4 margin=-2; ret10 cur=0.00 thr=0.25 margin=-0.25; ret10_non_positive cur=0.00
1772083871.000,377300,CLOSE,68700.0000,0.000,20,33532300,0.500,0.000,0.000,NO_BUY,reject=ret cur=0.00 thr=0.15 margin=-0.15 relax=0.00 | all=ret cur=0.00 thr=0.15 margin=-0.15 relax=0.00; ret10 cur=0.00 thr=0.25 margin=-0.25; ret10_non_positive cur=0.00
1772083871.000,124500,CLOSE,60800.0000,0.000,4,15688400,0.500,0.000,0.000,NO_BUY,reject=ret cur=0.00 thr=0.15 margin=-0.15 relax=0.00 | all=ret cur=0.00 thr=0.15 margin=-0.15 relax=0.00; ret10 cur=0.00 thr=0.25 margin=-0.25; ret10_non_positive cur=0.00
1772083872.000,122630,CLOSE,110820.0000,-0.050,136,1093982245,0.500,0.000,0.000,NO_BUY,reject=ret cur=-0.05 thr=0.15 margin=-0.20 relax=0.00 | all=ret cur=-0.05 thr=0.15 margin=-0.20 relax=0.00; ret10 cur=-0.05 thr=0.25 margin=-0.30; ret10_non_positive cur=-0.05
1772083872.000,005830,CLOSE,208500.0000,-0.239,11,59124000,0.124,0.240,0.000,NO_BUY,reject=ret cur=-0.24 thr=0.15 margin=-0.39 relax=0.00 | all=ret cur=-0.24 thr=0.15 margin=-0.39 relax=0.00; ret10 cur=-0.24 thr=0.25 margin=-0.49; ret10_non_positive cur=-0.24
1772083872.000,042520,CLOSE,51250.0000,-0.097,4,2924000,0.179,0.195,0.000,NO_BUY,reject=ret cur=-0.10 thr=0.15 margin=-0.25 relax=0.00 | all=ret cur=-0.10 thr=0.15 margin=-0.25 relax=0.00; ret10 cur=-0.10 thr=0.25 margin=-0.35; ret10_non_positive cur=-0.10
1772083873.000,229200,CLOSE,20990.0000,-0.048,481,1333115732,0.500,0.000,0.000,NO_BUY,reject=ret cur=-0.05 thr=0.15 margin=-0.20 relax=0.00 | all=ret cur=-0.05 thr=0.15 margin=-0.20 relax=0.00; ret10 cur=-0.05 thr=0.25 margin=-0.30; ret10_non_positive cur=-0.05
1772083874.000,103590,CLOSE,87900.0000,-0.114,9,17501700,0.788,0.114,0.000,NO_BUY,reject=ret cur=-0.11 thr=0.15 margin=-0.26 relax=0.00 | all=ret cur=-0.11 thr=0.15 margin=-0.26 relax=0.00; ret10 cur=-0.11 thr=0.25 margin=-0.36; ret10_non_positive cur=-0.11
1772083875.000,035420,CLOSE,260000.0000,0.192,24,81667500,0.491,0.192,0.000,NO_BUY,reject=ret10 cur=0.19 thr=0.25 margin=-0.06 | all=ret10 cur=0.19 thr=0.25 margin=-0.06
1772083877.000,039030,CLOSE,417000.0000,0.120,22,43781500,0.084,0.120,0.000,NO_BUY,reject=ret cur=0.12 thr=0.15 margin=-0.03 relax=0.00 | all=ret cur=0.12 thr=0.15 margin=-0.03 relax=0.00; ret10 cur=0.12 thr=0.25 margin=-0.13
1772083879.000,233740,CLOSE,20320.0000,-0.049,108,449028635,0.500,0.000,0.000,NO_BUY,reject=ret cur=-0.05 thr=0.15 margin=-0.20 relax=0.00 | all=ret cur=-0.05 thr=0.15 margin=-0.20 relax=0.00; ret10 cur=-0.05 thr=0.25 margin=-0.30; ret10_non_positive cur=-0.05
1772083879.000,396500,CLOSE,34605.0000,0.014,112,866866717,0.500,0.000,0.000,NO_BUY,reject=ret cur=0.01 thr=0.15 margin=-0.14 relax=0.00 | all=ret cur=0.01 thr=0.15 margin=-0.14 relax=0.00; ret10 cur=0.01 thr=0.25 margin=-0.24
1772083880.000,002020,CLOSE,71300.0000,0.140,2,356200,0.500,0.000,0.000,NO_BUY,reject=ret cur=0.14 thr=0.15 margin=-0.01 relax=0.00 | all=ret cur=0.14 thr=0.15 margin=-0.01 relax=0.00; ticks cur=2 thr=4 margin=-2; ret10 cur=0.14 thr=0.25 margin=-0.11
1772083882.000,064400,CLOSE,73900.0000,0.000,4,4951300,0.500,0.000,0.000,NO_BUY,reject=ret cur=0.00 thr=0.15 margin=-0.15 relax=0.00 | all=ret cur=0.00 thr=0.15 margin=-0.15 relax=0.00; ret10 cur=0.00 thr=0.25 margin=-0.25; ret10_non_positive cur=0.00
1772083882.000,009900,CLOSE,11470.0000,0.000,4,7604610,0.500,0.000,0.000,NO_BUY,reject=ret cur=0.00 thr=0.15 margin=-0.15 relax=0.00 | all=ret cur=0.00 thr=0.15 margin=-0.15 relax=0.00; ret10 cur=0.00 thr=0.25 margin=-0.25; ret10_non_positive cur=0.00
1772083882.000,064760,CLOSE,236000.0000,0.212,8,10374000,0.402,0.212,0.000,NO_BUY,reject=ret10 cur=0.21 thr=0.25 margin=-0.04 | all=ret10 cur=0.21 thr=0.25 margin=-0.04
1772083882.000,086520,CLOSE,184900.0000,0.000,19,73595800,0.500,0.000,0.000,NO_BUY,reject=ret cur=0.00 thr=0.15 margin=-0.15 relax=0.00 | all=ret cur=0.00 thr=0.15 margin=-0.15 relax=0.00; ret10 cur=0.00 thr=0.25 margin=-0.25; ret10_non_positive cur=0.00
1772083883.000,005930,CLOSE,215500.0000,-0.231,121,865778250,0.454,0.232,0.000,NO_BUY,reject=ret cur=-0.23 thr=0.15 margin=-0.38 relax=0.00 | all=ret cur=-0.23 thr=0.15 margin=-0.38 relax=0.00; ret10 cur=-0.23 thr=0.25 margin=-0.48; ret10_non_positive cur=-0.23
1772083883.000,336260,CLOSE,39650.0000,0.000,3,1229450,0.500,0.000,0.000,NO_BUY,reject=ret cur=0.00 thr=0.15 margin=-0.15 relax=0.00 | all=ret cur=0.00 thr=0.15 margin=-0.15 relax=0.00; ticks cur=3 thr=4 margin=-1; ret10 cur=0.00 thr=0.25 margin=-0.25; ret10_non_positive cur=0.00
1772083885.000,058470,CLOSE,106000.0000,0.000,22,39548500,0.500,0.000,0.000,NO_BUY,reject=ret cur=0.00 thr=0.15 margin=-0.15 relax=0.00 | all=ret cur=0.00 thr=0.15 margin=-0.15 relax=0.00; ret10 cur=0.00 thr=0.25 margin=-0.25; ret10_non_positive cur=0.00
1772083885.000,035720,CLOSE,61500.0000,0.000,38,68719200,0.183,0.163,0.000,NO_BUY,reject=ret cur=0.00 thr=0.15 margin=-0.15 relax=0.00 | all=ret cur=0.00 thr=0.15 margin=-0.15 relax=0.00; ret10 cur=0.00 thr=0.25 margin=-0.25; ret10_non_positive cur=0.00
1772083886.000,066570,CLOSE,145900.0000,0.034,19,29324650,0.500,0.000,0.000,NO_BUY,reject=ret cur=0.03 thr=0.15 margin=-0.12 relax=0.00 | all=ret cur=0.03 thr=0.15 margin=-0.12 relax=0.00; ret10 cur=0.03 thr=0.25 margin=-0.22
1772083886.000,187660,CLOSE,18320.0000,0.109,91,264009470,0.500,0.000,0.000,NO_BUY,reject=ret cur=0.11 thr=0.15 margin=-0.04 relax=0.00 | all=ret cur=0.11 thr=0.15 margin=-0.04 relax=0.00; ret10 cur=0.11 thr=0.25 margin=-0.14
1772083886.000,036810,CLOSE,42150.0000,0.000,4,7485000,0.500,0.000,0.000,NO_BUY,reject=ret cur=0.00 thr=0.15 margin=-0.15 relax=0.00 | all=ret cur=0.00 thr=0.15 margin=-0.15 relax=0.00; ret10 cur=0.00 thr=0.25 margin=-0.25; ret10_non_positive cur=0.00
1772083890.000,310210,CLOSE,316000.0000,0.158,4,7594500,0.500,0.000,0.000,NO_BUY,reject=ret10 cur=0.16 thr=0.25 margin=-0.09 | all=ret10 cur=0.16 thr=0.25 margin=-0.09
1772083891.000,377300,CLOSE,68700.0000,-0.073,15,43838450,0.500,0.000,0.000,NO_BUY,reject=ret cur=-0.07 thr=0.15 margin=-0.22 relax=0.00 | all=ret cur=-0.07 thr=0.15 margin=-0.22 relax=0.00; ret10 cur=-0.07 thr=0.25 margin=-0.32; ret10_non_positive cur=-0.07
1772083892.000,122630,CLOSE,110735.0000,-0.054,168,1350984860,0.500,0.000,0.000,NO_BUY,reject=ret cur=-0.05 thr=0.15 margin=-0.20 relax=0.00 | all=ret cur=-0.05 thr=0.15 margin=-0.20 relax=0.00; ret10 cur=-0.05 thr=0.25 margin=-0.30; ret10_non_positive cur=-0.05
1772083893.000,229200,CLOSE,20980.0000,-0.024,92,222392785,0.500,0.000,0.000,NO_BUY,reject=ret cur=-0.02 thr=0.15 margin=-0.17 relax=0.00 | all=ret cur=-0.02 thr=0.15 margin=-0.17 relax=0.00; ret10 cur=-0.02 thr=0.25 margin=-0.27; ret10_non_positive cur=-0.02
1772083894.000,005830,CLOSE,209000.0000,0.000,11,26102500,0.117,0.240,0.000,NO_BUY,reject=ret cur=0.00 thr=0.15 margin=-0.15 relax=0.00 | all=ret cur=0.00 thr=0.15 margin=-0.15 relax=0.00; ret10 cur=0.00 thr=0.25 margin=-0.25; ret10_non_positive cur=0.00
1772083895.000,035420,CLOSE,260000.0000,0.000,32,69947000,0.491,0.192,0.000,NO_BUY,reject=ret cur=0.00 thr=0.15 margin=-0.15 relax=0.00 | all=ret cur=0.00 thr=0.15 margin=-0.15 relax=0.00; ret10 cur=0.00 thr=0.25 margin=-0.25; ret10_non_positive cur=0.00
1772083899.000,103590,CLOSE,87900.0000,0.114,2,9143300,0.792,0.228,0.000,NO_BUY,reject=ret cur=0.11 thr=0.15 margin=-0.04 relax=0.00 | all=ret cur=0.11 thr=0.15 margin=-0.04 relax=0.00; ticks cur=2 thr=4 margin=-2; ret10 cur=0.11 thr=0.25 margin=-0.14
1772083899.000,233740,CLOSE,20290.0000,-0.172,348,882758845,0.500,0.000,0.000,NO_BUY,reject=ret cur=-0.17 thr=0.15 margin=-0.32 relax=0.00 | all=ret cur=-0.17 thr=0.15 margin=-0.32 relax=0.00; ret10 cur=-0.17 thr=0.25 margin=-0.42; ret10_non_positive cur=-0.17
1772083899.000,039030,CLOSE,416500.0000,0.000,7,8334500,0.084,0.120,0.000,NO_BUY,reject=ret cur=0.00 thr=0.15 margin=-0.15 relax=0.00 | all=ret cur=0.00 thr=0.15 margin=-0.15 relax=0.00; ret10 cur=0.00 thr=0.25 margin=-0.25; ret10_non_positive cur=0.00
1772083899.000,396500,CLOSE,34605.0000,0.014,79,164034385,0.500,0.000,0.000,NO_BUY,reject=ret cur=0.01 thr=0.15 margin=-0.14 relax=0.00 | all=ret cur=0.01 thr=0.15 margin=-0.14 relax=0.00; ret10 cur=0.01 thr=0.25 margin=-0.24
1772083901.000,002020,CLOSE,71100.0000,0.000,2,213300,0.500,0.000,0.000,NO_BUY,reject=ret cur=0.00 thr=0.15 margin=-0.15 relax=0.00 | all=ret cur=0.00 thr=0.15 margin=-0.15 relax=0.00; ticks cur=2 thr=4 margin=-2; ret10 cur=0.00 thr=0.25 margin=-0.25; ret10_non_positive cur=0.00
1772083902.000,064400,CLOSE,73800.0000,-0.135,21,23267600,0.500,0.000,0.000,NO_BUY,reject=ret cur=-0.14 thr=0.15 margin=-0.29 relax=0.00 | all=ret cur=-0.14 thr=0.15 margin=-0.29 relax=0.00; ret10 cur=-0.14 thr=0.25 margin=-0.39; ret10_non_positive cur=-0.14
1772083902.000,086520,CLOSE,184900.0000,0.000,30,157702600,0.500,0.000,0.000,NO_BUY,reject=ret cur=0.00 thr=0.15 margin=-0.15 relax=0.00 | all=ret cur=0.00 thr=0.15 margin=-0.15 relax=0.00; ret10 cur=0.00 thr=0.25 margin=-0.25; ret10_non_positive cur=0.00
1772083902.000,064760,CLOSE,235500.0000,-0.212,13,9655500,0.483,0.213,0.000,NO_BUY,reject=ret cur=-0.21 thr=0.15 margin=-0.36 relax=0.00 | all=ret cur=-0.21 thr=0.15 margin=-0.36 relax=0.00; ret10 cur=-0.21 thr=0.25 margin=-0.46; ret10_non_positive cur=-0.21
1772083903.000,005930,CLOSE,216000.0000,0.000,126,1512215250,0.455,0.232,0.000,NO_BUY,reject=ret cur=0.00 thr=0.15 margin=-0.15 relax=0.00 | all=ret cur=0.00 thr=0.15 margin=-0.15 relax=0.00; ret10 cur=0.00 thr=0.25 margin=-0.25; ret10_non_positive cur=0.00
1772083903.000,042520,CLOSE,51300.0000,0.000,2,1128600,0.158,0.195,0.000,NO_BUY,reject=ret cur=0.00 thr=0.15 margin=-0.15 relax=0.00 | all=ret cur=0.00 thr=0.15 margin=-0.15 relax=0.00; ticks cur=2 thr=4 margin=-2; ret10 cur=0.00 thr=0.25 margin=-0.25; ret10_non_positive cur=0.00
1772083904.000,336260,CLOSE,39700.0000,0.000,2,714600,0.500,0.000,0.000,NO_BUY,reject=ret cur=0.00 thr=0.15 margin=-0.15 relax=0.00 | all=ret cur=0.00 thr=0.15 margin=-0.15 relax=0.00; ticks cur=2 thr=4 margin=-2; ret10 cur=0.00 thr=0.25 margin=-0.25; ret10_non_positive cur=0.00
1772083905.000,035720,CLOSE,61500.0000,0.000,24,21893150,0.175,0.163,0.000,NO_BUY,reject=ret cur=0.00 thr=0.15 margin=-0.15 relax=0.00 | all=ret cur=0.00 thr=0.15 margin=-0.15 relax=0.00; ret10 cur=0.00 thr=0.25 margin=-0.25; ret10_non_positive cur=0.00
1772083905.000,058470,CLOSE,105900.0000,0.000,32,204414950,0.500,0.000,0.000,NO_BUY,reject=ret cur=0.00 thr=0.15 margin=-0.15 relax=0.00 | all=ret cur=0.00 thr=0.15 margin=-0.15 relax=0.00; ret10 cur=0.00 thr=0.25 margin=-0.25; ret10_non_positive cur=0.00
1772083906.000,187660,CLOSE,18340.0000,-0.380,171,404858370,0.500,0.000,0.000,NO_BUY,reject=ret cur=-0.38 thr=0.15 margin=-0.53 relax=0.00 | all=ret cur=-0.38 thr=0.15 margin=-0.53 relax=0.00; ret10 cur=-0.38 thr=0.25 margin=-0.63; ret10_non_positive cur=-0.38
1772083906.000,066570,CLOSE,145900.0000,0.034,35,66217100,0.500,0.000,0.000,NO_BUY,reject=ret cur=0.03 thr=0.15 margin=-0.12 relax=0.00 | all=ret cur=0.03 thr=0.15 margin=-0.12 relax=0.00; ret10 cur=0.03 thr=0.25 margin=-0.22
1772083906.000,036810,CLOSE,42100.0000,-0.237,11,18860300,0.500,0.000,0.000,NO_BUY,reject=ret cur=-0.24 thr=0.15 margin=-0.39 relax=0.00 | all=ret cur=-0.24 thr=0.15 margin=-0.39 relax=0.00; ret10 cur=-0.24 thr=0.25 margin=-0.49; ret10_non_positive cur=-0.24
1772083906.000,124500,CLOSE,60600.0000,-0.165,4,6845400,0.500,0.000,0.000,NO_BUY,reject=ret cur=-0.17 thr=0.15 margin=-0.32 relax=0.00 | all=ret cur=-0.17 thr=0.15 margin=-0.32 relax=0.00; ret10 cur=-0.17 thr=0.25 margin=-0.42; ret10_non_positive cur=-0.17
1772083909.000,009900,CLOSE,11460.0000,-0.087,5,2796340,0.500,0.000,0.000,NO_BUY,reject=ret cur=-0.09 thr=0.15 margin=-0.24 relax=0.00 | all=ret cur=-0.09 thr=0.15 margin=-0.24 relax=0.00; ret10 cur=-0.09 thr=0.25 margin=-0.34; ret10_non_positive cur=-0.09
1772083909.000,102940,CLOSE,65600.0000,0.000,2,1768500,0.500,0.000,0.000,NO_BUY,reject=ret cur=0.00 thr=0.15 margin=-0.15 relax=0.00 | all=ret cur=0.00 thr=0.15 margin=-0.15 relax=0.00; ticks cur=2 thr=4 margin=-2; ret10 cur=0.00 thr=0.25 margin=-0.25; ret10_non_positive cur=0.00
1772083911.000,377300,CLOSE,68700.0000,0.000,15,39036100,0.500,0.000,0.000,NO_BUY,reject=ret cur=0.00 thr=0.15 margin=-0.15 relax=0.00 | all=ret cur=0.00 thr=0.15 margin=-0.15 relax=0.00; ret10 cur=0.00 thr=0.25 margin=-0.25; ret10_non_positive cur=0.00
1772083913.000,122630,CLOSE,110680.0000,-0.014,75,359561196,0.500,0.000,0.000,NO_BUY,reject=ret cur=-0.01 thr=0.15 margin=-0.16 relax=0.00 | all=ret cur=-0.01 thr=0.15 margin=-0.16 relax=0.00; ret10 cur=-0.01 thr=0.25 margin=-0.26; ret10_non_positive cur=-0.01
1772083913.000,229200,CLOSE,20970.0000,0.024,42,115152955,0.500,0.000,0.000,NO_BUY,reject=ret cur=0.02 thr=0.15 margin=-0.13 relax=0.00 | all=ret cur=0.02 thr=0.15 margin=-0.13 relax=0.00; ret10 cur=0.02 thr=0.25 margin=-0.23
1772083914.000,310210,CLOSE,317000.0000,-0.315,2,633000,0.500,0.000,0.000,NO_BUY,reject=ret cur=-0.32 thr=0.15 margin=-0.47 relax=0.00 | all=ret cur=-0.32 thr=0.15 margin=-0.47 relax=0.00; ticks cur=2 thr=4 margin=-2; ret10 cur=-0.32 thr=0.25 margin=-0.57; ret10_non_positive cur=-0.32
1772083914.000,005830,CLOSE,208500.0000,0.000,14,23166000,0.115,0.240,0.000,NO_BUY,reject=ret cur=0.00 thr=0.15 margin=-0.15 relax=0.00 | all=ret cur=0.00 thr=0.15 margin=-0.15 relax=0.00; ret10 cur=0.00 thr=0.25 margin=-0.25; ret10_non_positive cur=0.00
1772083915.000,035420,CLOSE,260500.0000,0.000,29,18729500,0.493,0.192,0.000,NO_BUY,reject=ret cur=0.00 thr=0.15 margin=-0.15 relax=0.00 | all=ret cur=0.00 thr=0.15 margin=-0.15 relax=0.00; ret10 cur=0.00 thr=0.25 margin=-0.25; ret10_non_positive cur=0.00
1772083919.000,233740,CLOSE,20290.0000,-0.049,67,377295949,0.500,0.000,0.000,NO_BUY,reject=ret cur=-0.05 thr=0.15 margin=-0.20 relax=0.00 | all=ret cur=-0.05 thr=0.15 margin=-0.20 relax=0.00; ret10 cur=-0.05 thr=0.25 margin=-0.30; ret10_non_positive cur=-0.05
1772083919.000,396500,CLOSE,34600.0000,0.000,63,505403360,0.500,0.000,0.000,NO_BUY,reject=ret cur=0.00 thr=0.15 margin=-0.15 relax=0.00 | all=ret cur=0.00 thr=0.15 margin=-0.15 relax=0.00; ret10 cur=0.00 thr=0.25 margin=-0.25; ret10_non_positive cur=0.00
1772083920.000,039030,CLOSE,416000.0000,0.120,15,65794000,0.082,0.120,0.000,NO_BUY,reject=ret cur=0.12 thr=0.15 margin=-0.03 relax=0.00 | all=ret cur=0.12 thr=0.15 margin=-0.03 relax=0.00; ret10 cur=0.12 thr=0.25 margin=-0.13
1772083921.000,002020,CLOSE,71300.0000,0.421,14,4933000,0.500,0.000,0.000,NO_BUY,pullback_wait cur=71300.00 peak=71600.00 pb_thr=71456.80 reb_thr=71564.20 pulled=1
1772083921.000,115180,CLOSE,33950.0000,0.000,2,2987600,0.500,0.000,0.000,NO_BUY,reject=ret cur=0.00 thr=0.15 margin=-0.15 relax=0.00 | all=ret cur=0.00 thr=0.15 margin=-0.15 relax=0.00; ticks cur=2 thr=4 margin=-2; ret10 cur=0.00 thr=0.25 margin=-0.25; ret10_non_positive cur=0.00
1772083922.000,086520,CLOSE,184900.0000,0.000,23,86675100,0.500,0.000,0.000,NO_BUY,reject=ret cur=0.00 thr=0.15 margin=-0.15 relax=0.00 | all=ret cur=0.00 thr=0.15 margin=-0.15 relax=0.00; ret10 cur=0.00 thr=0.25 margin=-0.25; ret10_non_positive cur=0.00
1772083922.000,064760,CLOSE,235500.0000,0.106,7,8006750,0.411,0.212,0.000,NO_BUY,reject=ret cur=0.11 thr=0.15 margin=-0.04 relax=0.00 | all=ret cur=0.11 thr=0.15 margin=-0.04 relax=0.00; ret10 cur=0.11 thr=0.25 margin=-0.14
1772083923.000,005930,CLOSE,215500.0000,0.000,125,890647500,0.455,0.232,0.000,NO_BUY,reject=ret cur=0.00 thr=0.15 margin=-0.15 relax=0.00 | all=ret cur=0.00 thr=0.15 margin=-0.15 relax=0.00; ret10 cur=0.00 thr=0.25 margin=-0.25; ret10_non_positive cur=0.00
1772083923.000,064400,CLOSE,73800.0000,0.000,20,18597600,0.500,0.000,0.000,NO_BUY,reject=ret cur=0.00 thr=0.15 margin=-0.15 relax=0.00 | all=ret cur=0.00 thr=0.15 margin=-0.15 relax=0.00; ret10 cur=0.00 thr=0.25 margin=-0.25; ret10_non_positive cur=0.00
1772083924.000,103590,CLOSE,88000.0000,0.114,2,351900,0.784,0.114,0.000,NO_BUY,reject=ret cur=0.11 thr=0.15 margin=-0.04 relax=0.00 | all=ret cur=0.11 thr=0.15 margin=-0.04 relax=0.00; ticks cur=2 thr=4 margin=-2; ret10 cur=0.11 thr=0.25 margin=-0.14
1772083925.000,336260,CLOSE,39700.0000,-0.126,9,1948350,0.500,0.000,0.000,NO_BUY,reject=ret cur=-0.13 thr=0.15 margin=-0.28 relax=0.00 | all=ret cur=-0.13 thr=0.15 margin=-0.28 relax=0.00; ret10 cur=-0.13 thr=0.25 margin=-0.38; ret10_non_positive cur=-0.13
1772083925.000,058470,CLOSE,105900.0000,0.000,41,201260700,0.500,0.000,0.000,NO_BUY,reject=ret cur=0.00 thr=0.15 margin=-0.15 relax=0.00 | all=ret cur=0.00 thr=0.15 margin=-0.15 relax=0.00; ret10 cur=0.00 thr=0.25 margin=-0.25; ret10_non_positive cur=0.00
1772083925.000,035720,CLOSE,61500.0000,0.000,38,100448650,0.178,0.163,0.000,NO_BUY,reject=ret cur=0.00 thr=0.15 margin=-0.15 relax=0.00 | all=ret cur=0.00 thr=0.15 margin=-0.15 relax=0.00; ret10 cur=0.00 thr=0.25 margin=-0.25; ret10_non_positive cur=0.00
1772083926.000,066570,CLOSE,145900.0000,-0.069,31,57745000,0.500,0.000,0.000,NO_BUY,reject=ret cur=-0.07 thr=0.15 margin=-0.22 relax=0.00 | all=ret cur=-0.07 thr=0.15 margin=-0.22 relax=0.00; ret10 cur=-0.07 thr=0.25 margin=-0.32; ret10_non_positive cur=-0.07
1772083926.000,187660,CLOSE,18400.0000,0.163,103,378768010,0.500,0.000,0.000,NO_BUY,reject=ret10 cur=0.16 thr=0.25 margin=-0.09 | all=ret10 cur=0.16 thr=0.25 margin=-0.09
1772083926.000,036810,CLOSE,42150.0000,0.119,14,10601550,0.500,0.000,0.000,NO_BUY,reject=ret cur=0.12 thr=0.15 margin=-0.03 relax=0.00 | all=ret cur=0.12 thr=0.15 margin=-0.03 relax=0.00; ret10 cur=0.12 thr=0.25 margin=-0.13
1772083931.000,377300,CLOSE,68600.0000,-0.146,25,209695500,0.500,0.000,0.000,NO_BUY,reject=ret cur=-0.15 thr=0.15 margin=-0.30 relax=0.00 | all=ret cur=-0.15 thr=0.15 margin=-0.30 relax=0.00; ret10 cur=-0.15 thr=0.25 margin=-0.40; ret10_non_positive cur=-0.15
1772083933.000,229200,CLOSE,20980.0000,0.024,42,162165190,0.500,0.000,0.000,NO_BUY,reject=ret cur=0.02 thr=0.15 margin=-0.13 relax=0.00 | all=ret cur=0.02 thr=0.15 margin=-0.13 relax=0.00; ret10 cur=0.02 thr=0.25 margin=-0.23
1772083933.000,122630,CLOSE,110765.0000,-0.023,48,957503915,0.500,0.000,0.000,NO_BUY,reject=ret cur=-0.02 thr=0.15 margin=-0.17 relax=0.00 | all=ret cur=-0.02 thr=0.15 margin=-0.17 relax=0.00; ret10 cur=-0.02 thr=0.25 margin=-0.27; ret10_non_positive cur=-0.02
1772083934.000,005830,CLOSE,208000.0000,0.241,14,93166500,0.097,0.240,0.000,NO_BUY,reject=ret10 cur=0.24 thr=0.25 margin=-0.01 | all=ret10 cur=0.24 thr=0.25 margin=-0.01
1772083935.000,035420,CLOSE,260000.0000,0.000,34,58822750,0.493,0.192,0.000,NO_BUY,reject=ret cur=0.00 thr=0.15 margin=-0.15 relax=0.00 | all=ret cur=0.00 thr=0.15 margin=-0.15 relax=0.00; ret10 cur=0.00 thr=0.25 margin=-0.25; ret10_non_positive cur=0.00
1772083937.000,310210,CLOSE,316000.0000,0.000,2,632000,0.500,0.000,0.000,NO_BUY,reject=ret cur=0.00 thr=0.15 margin=-0.15 relax=0.00 | all=ret cur=0.00 thr=0.15 margin=-0.15 relax=0.00; ticks cur=2 thr=4 margin=-2; ret10 cur=0.00 thr=0.25 margin=-0.25; ret10_non_positive cur=0.00
1772083939.000,396500,CLOSE,34615.0000,0.014,44,90876810,0.500,0.000,0.000,NO_BUY,reject=ret cur=0.01 thr=0.15 margin=-0.14 relax=0.00 | all=ret cur=0.01 thr=0.15 margin=-0.14 relax=0.00; ret10 cur=0.01 thr=0.25 margin=-0.24
1772083939.000,233740,CLOSE,20300.0000,0.000,47,399890765,0.500,0.000,0.000,NO_BUY,reject=ret cur=0.00 thr=0.15 margin=-0.15 relax=0.00 | all=ret cur=0.00 thr=0.15 margin=-0.15 relax=0.00; ret10 cur=0.00 thr=0.25 margin=-0.25; ret10_non_positive cur=0.00
1772083939.000,124500,CLOSE,60600.0000,0.000,2,242400,0.500,0.000,0.000,NO_BUY,reject=ret cur=0.00 thr=0.15 margin=-0.15 relax=0.00 | all=ret cur=0.00 thr=0.15 margin=-0.15 relax=0.00; ticks cur=2 thr=4 margin=-2; ret10 cur=0.00 thr=0.25 margin=-0.25; ret10_non_positive cur=0.00
1772083940.000,039030,CLOSE,415500.0000,-0.120,3,1248000,0.083,0.120,0.000,NO_BUY,reject=ret cur=-0.12 thr=0.15 margin=-0.27 relax=0.00 | all=ret cur=-0.12 thr=0.15 margin=-0.27 relax=0.00; ticks cur=3 thr=4 margin=-1; ret10 cur=-0.12 thr=0.25 margin=-0.37; ret10_non_positive cur=-0.12
1772083942.000,086520,CLOSE,185000.0000,0.054,34,429910300,0.500,0.000,0.000,NO_BUY,reject=ret cur=0.05 thr=0.15 margin=-0.10 relax=0.00 | all=ret cur=0.05 thr=0.15 margin=-0.10 relax=0.00; ret10 cur=0.05 thr=0.25 margin=-0.20
1772083942.000,064760,CLOSE,235500.0000,0.000,2,942000,0.431,0.636,0.000,NO_BUY,reject=ret cur=0.00 thr=0.15 margin=-0.15 relax=0.00 | all=ret cur=0.00 thr=0.15 margin=-0.15 relax=0.00; ticks cur=2 thr=4 margin=-2; ret10 cur=0.00 thr=0.25 margin=-0.25; ret10_non_positive cur=0.00
1772083943.000,005930,CLOSE,215500.0000,0.000,131,723608250,0.455,0.232,0.000,NO_BUY,reject=ret cur=0.00 thr=0.15 margin=-0.15 relax=0.00 | all=ret cur=0.00 thr=0.15 margin=-0.15 relax=0.00; ret10 cur=0.00 thr=0.25 margin=-0.25; ret10_non_positive cur=0.00
1772083943.000,064400,CLOSE,73800.0000,0.136,23,11146000,0.500,0.000,0.000,NO_BUY,reject=ret cur=0.14 thr=0.15 margin=-0.01 relax=0.00 | all=ret cur=0.14 thr=0.15 margin=-0.01 relax=0.00; ret10 cur=0.14 thr=0.25 margin=-0.11
1772083945.000,058470,CLOSE,105900.0000,0.189,27,29651150,0.500,0.000,0.000,NO_BUY,reject=ret10 cur=0.19 thr=0.25 margin=-0.06 | all=ret10 cur=0.19 thr=0.25 margin=-0.06
1772083945.000,103590,CLOSE,88000.0000,-0.114,4,1935900,0.768,0.227,0.000,NO_BUY,reject=ret cur=-0.11 thr=0.15 margin=-0.26 relax=0.00 | all=ret cur=-0.11 thr=0.15 margin=-0.26 relax=0.00; ret10 cur=-0.11 thr=0.25 margin=-0.36; ret10_non_positive cur=-0.11
1772083945.000,336260,CLOSE,39750.0000,-0.126,4,1350200,0.500,0.000,0.000,NO_BUY,reject=ret cur=-0.13 thr=0.15 margin=-0.28 relax=0.00 | all=ret cur=-0.13 thr=0.15 margin=-0.28 relax=0.00; ret10 cur=-0.13 thr=0.25 margin=-0.38; ret10_non_positive cur=-0.13
1772083945.000,035720,CLOSE,61500.0000,0.000,50,131272150,0.179,0.163,0.000,NO_BUY,reject=ret cur=0.00 thr=0.15 margin=-0.15 relax=0.00 | all=ret cur=0.00 thr=0.15 margin=-0.15 relax=0.00; ret10 cur=0.00 thr=0.25 margin=-0.25; ret10_non_positive cur=0.00
1772083946.000,187660,CLOSE,18540.0000,0.651,274,980276750,0.500,0.000,0.000,NO_BUY,pullback_wait cur=18540.00 peak=18600.00 pb_thr=18562.80 reb_thr=18590.70 pulled=1
1772083946.000,066570,CLOSE,145800.0000,-0.034,26,78008900,0.500,0.000,0.000,NO_BUY,reject=ret cur=-0.03 thr=0.15 margin=-0.18 relax=0.00 | all=ret cur=-0.03 thr=0.15 margin=-0.18 relax=0.00; ret10 cur=-0.03 thr=0.25 margin=-0.28; ret10_non_positive cur=-0.03
1772083947.000,036810,CLOSE,42200.0000,0.000,11,11321950,0.500,0.000,0.000,NO_BUY,reject=ret cur=0.00 thr=0.15 margin=-0.15 relax=0.00 | all=ret cur=0.00 thr=0.15 margin=-0.15 relax=0.00; ret10 cur=0.00 thr=0.25 margin=-0.25; ret10_non_positive cur=0.00
1772083947.000,002020,CLOSE,71300.0000,0.000,2,213900,0.500,0.000,0.000,NO_BUY,reject=ret cur=0.00 thr=0.15 margin=-0.15 relax=0.00 | all=ret cur=0.00 thr=0.15 margin=-0.15 relax=0.00; ticks cur=2 thr=4 margin=-2; ret10 cur=0.00 thr=0.25 margin=-0.25; ret10_non_positive cur=0.00
1772083951.000,377300,CLOSE,68700.0000,0.000,8,8513800,0.500,0.000,0.000,NO_BUY,reject=ret cur=0.00 thr=0.15 margin=-0.15 relax=0.00 | all=ret cur=0.00 thr=0.15 margin=-0.15 relax=0.00; ret10 cur=0.00 thr=0.25 margin=-0.25; ret10_non_positive cur=0.00
1772083953.000,229200,CLOSE,20975.0000,0.000,52,105065745,0.500,0.000,0.000,NO_BUY,reject=ret cur=0.00 thr=0.15 margin=-0.15 relax=0.00 | all=ret cur=0.00 thr=0.15 margin=-0.15 relax=0.00; ret10 cur=0.00 thr=0.25 margin=-0.25; ret10_non_positive cur=0.00
1772083953.000,122630,CLOSE,110787.0000,-0.036,59,438085600,0.500,0.000,0.000,NO_BUY,reject=ret cur=-0.04 thr=0.15 margin=-0.19 relax=0.00 | all=ret cur=-0.04 thr=0.15 margin=-0.19 relax=0.00; ret10 cur=-0.04 thr=0.25 margin=-0.29; ret10_non_positive cur=-0.04
1772083954.000,009900,CLOSE,11430.0000,0.000,2,286000,0.500,0.000,0.000,NO_BUY,reject=ret cur=0.00 thr=0.15 margin=-0.15 relax=0.00 | all=ret cur=0.00 thr=0.15 margin=-0.15 relax=0.00; ticks cur=2 thr=4 margin=-2; ret10 cur=0.00 thr=0.25 margin=-0.25; ret10_non_positive cur=0.00
1772083955.000,035420,CLOSE,260000.0000,0.000,14,8328000,0.492,0.192,0.000,NO_BUY,reject=ret cur=0.00 thr=0.15 margin=-0.15 relax=0.00 | all=ret cur=0.00 thr=0.15 margin=-0.15 relax=0.00; ret10 cur=0.00 thr=0.25 margin=-0.25; ret10_non_positive cur=0.00
1772083955.000,005830,CLOSE,208500.0000,0.000,10,9776000,0.104,0.240,0.000,NO_BUY,reject=ret cur=0.00 thr=0.15 margin=-0.15 relax=0.00 | all=ret cur=0.00 thr=0.15 margin=-0.15 relax=0.00; ret10 cur=0.00 thr=0.25 margin=-0.25; ret10_non_positive cur=0.00
1772083958.000,310210,CLOSE,313500.0000,-0.792,9,239562000,0.500,0.000,0.000,NO_BUY,reject=ret cur=-0.79 thr=0.15 margin=-0.94 relax=0.00 | all=ret cur=-0.79 thr=0.15 margin=-0.94 relax=0.00; ret10 cur=-0.79 thr=0.25 margin=-1.04; ret10_non_positive cur=-0.79
1772083959.000,115180,CLOSE,33950.0000,0.000,2,135800,0.500,0.000,0.000,NO_BUY,reject=ret cur=0.00 thr=0.15 margin=-0.15 relax=0.00 | all=ret cur=0.00 thr=0.15 margin=-0.15 relax=0.00; ticks cur=2 thr=4 margin=-2; ret10 cur=0.00 thr=0.25 margin=-0.25; ret10_non_positive cur=0.00
1772083959.000,396500,CLOSE,34615.0000,-0.058,106,470621877,0.500,0.000,0.000,NO_BUY,reject=ret cur=-0.06 thr=0.15 margin=-0.21 relax=0.00 | all=ret cur=-0.06 thr=0.15 margin=-0.21 relax=0.00; ret10 cur=-0.06 thr=0.25 margin=-0.31; ret10_non_positive cur=-0.06
1772083959.000,233740,CLOSE,20300.0000,-0.049,53,162165720,0.500,0.000,0.000,NO_BUY,reject=ret cur=-0.05 thr=0.15 margin=-0.20 relax=0.00 | all=ret cur=-0.05 thr=0.15 margin=-0.20 relax=0.00; ret10 cur=-0.05 thr=0.25 margin=-0.30; ret10_non_positive cur=-0.05
1772083961.000,124500,CLOSE,60500.0000,0.000,2,2053600,0.500,0.000,0.000,NO_BUY,reject=ret cur=0.00 thr=0.15 margin=-0.15 relax=0.00 | all=ret cur=0.00 thr=0.15 margin=-0.15 relax=0.00; ticks cur=2 thr=4 margin=-2; ret10 cur=0.00 thr=0.25 margin=-0.25; ret10_non_positive cur=0.00
1772083962.000,039030,CLOSE,416500.0000,0.000,4,3330000,0.097,0.120,0.000,NO_BUY,reject=ret cur=0.00 thr=0.15 margin=-0.15 relax=0.00 | all=ret cur=0.00 thr=0.15 margin=-0.15 relax=0.00; ret10 cur=0.00 thr=0.25 margin=-0.25; ret10_non_positive cur=0.00
1772083962.000,086520,CLOSE,184900.0000,-0.054,30,200431900,0.500,0.000,0.000,NO_BUY,reject=ret cur=-0.05 thr=0.15 margin=-0.20 relax=0.00 | all=ret cur=-0.05 thr=0.15 margin=-0.20 relax=0.00; ret10 cur=-0.05 thr=0.25 margin=-0.30; ret10_non_positive cur=-0.05
1772083963.000,005930,CLOSE,216000.0000,0.000,118,674218250,0.456,0.232,0.000,NO_BUY,reject=ret cur=0.00 thr=0.15 margin=-0.15 relax=0.00 | all=ret cur=0.00 thr=0.15 margin=-0.15 relax=0.00; ret10 cur=0.00 thr=0.25 margin=-0.25; ret10_non_positive cur=0.00
1772083963.000,064400,CLOSE,73900.0000,0.136,18,18970600,0.500,0.000,0.000,NO_BUY,reject=ret cur=0.14 thr=0.15 margin=-0.01 relax=0.00 | all=ret cur=0.14 thr=0.15 margin=-0.01 relax=0.00; ret10 cur=0.14 thr=0.25 margin=-0.11
1772083963.000,241770,CLOSE,28800.0000,-0.173,2,11131350,0.500,0.000,0.000,NO_BUY,reject=ret cur=-0.17 thr=0.15 margin=-0.32 relax=0.00 | all=ret cur=-0.17 thr=0.15 margin=-0.32 relax=0.00; ticks cur=2 thr=4 margin=-2; ret10 cur=-0.17 thr=0.25 margin=-0.42; ret10_non_positive cur=-0.17
1772083963.000,064760,CLOSE,235500.0000,0.000,6,3295500,0.417,0.213,0.000,NO_BUY,reject=ret cur=0.00 thr=0.15 margin=-0.15 relax=0.00 | all=ret cur=0.00 thr=0.15 margin=-0.15 relax=0.00; ret10 cur=0.00 thr=0.25 margin=-0.25; ret10_non_positive cur=0.00
1772083965.000,336260,CLOSE,39700.0000,0.126,14,16168900,0.500,0.000,0.000,NO_BUY,reject=ret cur=0.13 thr=0.15 margin=-0.02 relax=0.00 | all=ret cur=0.13 thr=0.15 margin=-0.02 relax=0.00; ret10 cur=0.13 thr=0.25 margin=-0.12
1772083965.000,058470,CLOSE,105900.0000,-0.094,17,15887200,0.500,0.000,0.000,NO_BUY,reject=ret cur=-0.09 thr=0.15 margin=-0.24 relax=0.00 | all=ret cur=-0.09 thr=0.15 margin=-0.24 relax=0.00; ret10 cur=-0.09 thr=0.25 margin=-0.34; ret10_non_positive cur=-0.09
1772083965.000,035720,CLOSE,61400.0000,0.163,36,38303500,0.180,0.163,0.000,NO_BUY,reject=ret10 cur=0.16 thr=0.25 margin=-0.09 | all=ret10 cur=0.16 thr=0.25 margin=-0.09
1772083966.000,187660,CLOSE,18520.0000,-0.323,279,744871455,0.500,0.000,0.000,NO_BUY,reject=ret cur=-0.32 thr=0.15 margin=-0.47 relax=0.00 | all=ret cur=-0.32 thr=0.15 margin=-0.47 relax=0.00; ret10 cur=-0.32 thr=0.25 margin=-0.57; ret10_non_positive cur=-0.32
1772083966.000,066570,CLOSE,145800.0000,0.069,59,78292050,0.500,0.000,0.000,NO_BUY,reject=ret cur=0.07 thr=0.15 margin=-0.08 relax=0.00 | all=ret cur=0.07 thr=0.15 margin=-0.08 relax=0.00; ret10 cur=0.07 thr=0.25 margin=-0.18
1772083967.000,036810,CLOSE,42100.0000,-0.355,17,35062900,0.500,0.000,0.000,NO_BUY,reject=ret cur=-0.36 thr=0.15 margin=-0.51 relax=0.00 | all=ret cur=-0.36 thr=0.15 margin=-0.51 relax=0.00; ret10 cur=-0.36 thr=0.25 margin=-0.61; ret10_non_positive cur=-0.36
1772083967.000,002020,CLOSE,71100.0000,-0.281,17,6688400,0.500,0.000,0.000,NO_BUY,reject=ret cur=-0.28 thr=0.15 margin=-0.43 relax=0.00 | all=ret cur=-0.28 thr=0.15 margin=-0.43 relax=0.00; ret10 cur=-0.28 thr=0.25 margin=-0.53; ret10_non_positive cur=-0.28
1772083968.000,103590,CLOSE,88000.0000,0.000,2,4664000,0.734,0.114,0.000,NO_BUY,reject=ret cur=0.00 thr=0.15 margin=-0.15 relax=0.00 | all=ret cur=0.00 thr=0.15 margin=-0.15 relax=0.00; ticks cur=2 thr=4 margin=-2; ret10 cur=0.00 thr=0.25 margin=-0.25; ret10_non_positive cur=0.00
1772083971.000,377300,CLOSE,68600.0000,0.000,15,16816300,0.500,0.000,0.000,NO_BUY,reject=ret cur=0.00 thr=0.15 margin=-0.15 relax=0.00 | all=ret cur=0.00 thr=0.15 margin=-0.15 relax=0.00; ret10 cur=0.00 thr=0.25 margin=-0.25; ret10_non_positive cur=0.00
1772083973.000,122630,CLOSE,110750.0000,-0.032,49,407164330,0.500,0.000,0.000,NO_BUY,reject=ret cur=-0.03 thr=0.15 margin=-0.18 relax=0.00 | all=ret cur=-0.03 thr=0.15 margin=-0.18 relax=0.00; ret10 cur=-0.03 thr=0.25 margin=-0.28; ret10_non_positive cur=-0.03
1772083973.000,229200,CLOSE,20975.0000,0.000,740,577662465,0.500,0.000,0.000,NO_BUY,reject=ret cur=0.00 thr=0.15 margin=-0.15 relax=0.00 | all=ret cur=0.00 thr=0.15 margin=-0.15 relax=0.00; ret10 cur=0.00 thr=0.25 margin=-0.25; ret10_non_positive cur=0.00
1772083973.000,102940,CLOSE,65400.0000,0.000,2,196500,0.500,0.000,0.000,NO_BUY,reject=ret cur=0.00 thr=0.15 margin=-0.15 relax=0.00 | all=ret cur=0.00 thr=0.15 margin=-0.15 relax=0.00; ticks cur=2 thr=4 margin=-2; ret10 cur=0.00 thr=0.25 margin=-0.25; ret10_non_positive cur=0.00
1772083974.000,009900,CLOSE,11400.0000,-0.175,24,100958460,0.500,0.000,0.000,NO_BUY,reject=ret cur=-0.18 thr=0.15 margin=-0.33 relax=0.00 | all=ret cur=-0.18 thr=0.15 margin=-0.33 relax=0.00; ret10 cur=-0.18 thr=0.25 margin=-0.43; ret10_non_positive cur=-0.18
1772083975.000,005830,CLOSE,208000.0000,0.000,12,91727000,0.120,0.240,0.000,NO_BUY,reject=ret cur=0.00 thr=0.15 margin=-0.15 relax=0.00 | all=ret cur=0.00 thr=0.15 margin=-0.15 relax=0.00; ret10 cur=0.00 thr=0.25 margin=-0.25; ret10_non_positive cur=0.00
1772083975.000,035420,CLOSE,260500.0000,0.000,35,52069000,0.490,0.192,0.000,NO_BUY,reject=ret cur=0.00 thr=0.15 margin=-0.15 relax=0.00 | all=ret cur=0.00 thr=0.15 margin=-0.15 relax=0.00; ret10 cur=0.00 thr=0.25 margin=-0.25; ret10_non_positive cur=0.00
1772083978.000,310210,CLOSE,314500.0000,-0.317,2,1891000,0.500,0.000,0.000,NO_BUY,reject=ret cur=-0.32 thr=0.15 margin=-0.47 relax=0.00 | all=ret cur=-0.32 thr=0.15 margin=-0.47 relax=0.00; ticks cur=2 thr=4 margin=-2; ret10 cur=-0.32 thr=0.25 margin=-0.57; ret10_non_positive cur=-0.32
1772083979.000,233740,CLOSE,20290.0000,-0.049,96,460717140,0.500,0.000,0.000,NO_BUY,reject=ret cur=-0.05 thr=0.15 margin=-0.20 relax=0.00 | all=ret cur=-0.05 thr=0.15 margin=-0.20 relax=0.00; ret10 cur=-0.05 thr=0.25 margin=-0.30; ret10_non_positive cur=-0.05
1772083979.000,396500,CLOSE,34580.0000,-0.116,445,739703960,0.500,0.000,0.000,NO_BUY,reject=ret cur=-0.12 thr=0.15 margin=-0.27 relax=0.00 | all=ret cur=-0.12 thr=0.15 margin=-0.27 relax=0.00; ret10 cur=-0.12 thr=0.25 margin=-0.37; ret10_non_positive cur=-0.12
1772083982.000,086520,CLOSE,184900.0000,-0.054,19,27730400,0.500,0.000,0.000,NO_BUY,reject=ret cur=-0.05 thr=0.15 margin=-0.20 relax=0.00 | all=ret cur=-0.05 thr=0.15 margin=-0.20 relax=0.00; ret10 cur=-0.05 thr=0.25 margin=-0.30; ret10_non_positive cur=-0.05
1772083983.000,005930,CLOSE,216000.0000,-0.116,141,695152000,0.461,0.232,0.000,NO_BUY,reject=ret cur=-0.12 thr=0.15 margin=-0.27 relax=0.00 | all=ret cur=-0.12 thr=0.15 margin=-0.27 relax=0.00; ret10 cur=-0.12 thr=0.25 margin=-0.37; ret10_non_positive cur=-0.12
1772083983.000,064400,CLOSE,73700.0000,-0.136,7,17486600,0.500,0.000,0.000,NO_BUY,reject=ret cur=-0.14 thr=0.15 margin=-0.29 relax=0.00 | all=ret cur=-0.14 thr=0.15 margin=-0.29 relax=0.00; ret10 cur=-0.14 thr=0.25 margin=-0.39; ret10_non_positive cur=-0.14
1772083983.000,039030,CLOSE,416000.0000,0.000,13,106190500,0.085,0.120,0.000,NO_BUY,reject=ret cur=0.00 thr=0.15 margin=-0.15 relax=0.00 | all=ret cur=0.00 thr=0.15 margin=-0.15 relax=0.00; ret10 cur=0.00 thr=0.25 margin=-0.25; ret10_non_positive cur=0.00
1772083984.000,124500,CLOSE,60300.0000,-0.166,3,784400,0.500,0.000,0.000,NO_BUY,reject=ret cur=-0.17 thr=0.15 margin=-0.32 relax=0.00 | all=ret cur=-0.17 thr=0.15 margin=-0.32 relax=0.00; ticks cur=3 thr=4 margin=-1; ret10 cur=-0.17 thr=0.25 margin=-0.42; ret10_non_positive cur=-0.17
1772083985.000,035720,CLOSE,61400.0000,0.163,48,40211850,0.179,0.163,0.000,NO_BUY,reject=ret10 cur=0.16 thr=0.25 margin=-0.09 | all=ret10 cur=0.16 thr=0.25 margin=-0.09
1772083986.000,187660,CLOSE,18290.0000,0.329,126,274639495,0.500,0.000,0.000,NO_BUY,confirm_wait 0.1s
1772083986.000,066570,CLOSE,145700.0000,0.000,59,181545300,0.500,0.000,0.000,NO_BUY,reject=ret cur=0.00 thr=0.15 margin=-0.15 relax=0.00 | all=ret cur=0.00 thr=0.15 margin=-0.15 relax=0.00; ret10 cur=0.00 thr=0.25 margin=-0.25; ret10_non_positive cur=0.00
1772083986.000,064760,CLOSE,235500.0000,0.426,16,129558000,0.387,0.212,0.000,NO_BUY,confirm_wait 0.1s
1772083988.000,336260,CLOSE,39800.0000,0.126,2,636850,0.500,0.000,0.000,NO_BUY,reject=ret cur=0.13 thr=0.15 margin=-0.02 relax=0.00 | all=ret cur=0.13 thr=0.15 margin=-0.02 relax=0.00; ticks cur=2 thr=4 margin=-2; ret10 cur=0.13 thr=0.25 margin=-0.12
1772083988.000,002020,CLOSE,71100.0000,-0.281,5,1710600,0.500,0.000,0.000,NO_BUY,reject=ret cur=-0.28 thr=0.15 margin=-0.43 relax=0.00 | all=ret cur=-0.28 thr=0.15 margin=-0.43 relax=0.00; ret10 cur=-0.28 thr=0.25 margin=-0.53; ret10_non_positive cur=-0.28
1772083988.000,058470,CLOSE,105900.0000,0.000,18,53037100,0.500,0.000,0.000,NO_BUY,reject=ret cur=0.00 thr=0.15 margin=-0.15 relax=0.00 | all=ret cur=0.00 thr=0.15 margin=-0.15 relax=0.00; ret10 cur=0.00 thr=0.25 margin=-0.25; ret10_non_positive cur=0.00
1772083988.000,103590,CLOSE,88100.0000,0.114,5,8625800,0.739,0.114,0.000,NO_BUY,reject=ret cur=0.11 thr=0.15 margin=-0.04 relax=0.00 | all=ret cur=0.11 thr=0.15 margin=-0.04 relax=0.00; ret10 cur=0.11 thr=0.25 margin=-0.14
1772083990.000,036810,CLOSE,42050.0000,-0.119,4,925800,0.500,0.000,0.000,NO_BUY,reject=ret cur=-0.12 thr=0.15 margin=-0.27 relax=0.00 | all=ret cur=-0.12 thr=0.15 margin=-0.27 relax=0.00; ret10 cur=-0.12 thr=0.25 margin=-0.37; ret10_non_positive cur=-0.12
1772083991.000,377300,CLOSE,68600.0000,-0.146,14,50503600,0.500,0.000,0.000,NO_BUY,reject=ret cur=-0.15 thr=0.15 margin=-0.30 relax=0.00 | all=ret cur=-0.15 thr=0.15 margin=-0.30 relax=0.00; ret10 cur=-0.15 thr=0.25 margin=-0.40; ret10_non_positive cur=-0.15
1772083993.000,122630,CLOSE,110770.0000,0.036,136,1263728005,0.500,0.000,0.000,NO_BUY,reject=ret cur=0.04 thr=0.15 margin=-0.11 relax=0.00 | all=ret cur=0.04 thr=0.15 margin=-0.11 relax=0.00; ret10 cur=0.04 thr=0.25 margin=-0.21
1772083993.000,229200,CLOSE,20975.0000,-0.024,81,390149445,0.500,0.000,0.000,NO_BUY,reject=ret cur=-0.02 thr=0.15 margin=-0.17 relax=0.00 | all=ret cur=-0.02 thr=0.15 margin=-0.17 relax=0.00; ret10 cur=-0.02 thr=0.25 margin=-0.27; ret10_non_positive cur=-0.02
1772083995.000,035420,CLOSE,260000.0000,0.000,28,28378750,0.489,0.192,0.000,NO_BUY,reject=ret cur=0.00 thr=0.15 margin=-0.15 relax=0.00 | all=ret cur=0.00 thr=0.15 margin=-0.15 relax=0.00; ret10 cur=0.00 thr=0.25 margin=-0.25; ret10_non_positive cur=0.00
1772083995.000,005830,CLOSE,208000.0000,-0.240,11,22285500,0.126,0.240,0.000,NO_BUY,reject=ret cur=-0.24 thr=0.15 margin=-0.39 relax=0.00 | all=ret cur=-0.24 thr=0.15 margin=-0.39 relax=0.00; ret10 cur=-0.24 thr=0.25 margin=-0.49; ret10_non_positive cur=-0.24
1772083999.000,233740,CLOSE,20305.0000,0.049,63,502298130,0.500,0.000,0.000,NO_BUY,reject=ret cur=0.05 thr=0.15 margin=-0.10 relax=0.00 | all=ret cur=0.05 thr=0.15 margin=-0.10 relax=0.00; ret10 cur=0.05 thr=0.25 margin=-0.20
1772083999.000,396500,CLOSE,34600.0000,0.014,71,322425350,0.500,0.000,0.000,NO_BUY,reject=ret cur=0.01 thr=0.15 margin=-0.14 relax=0.00 | all=ret cur=0.01 thr=0.15 margin=-0.14 relax=0.00; ret10 cur=0.01 thr=0.25 margin=-0.24
1772084001.000,310210,CLOSE,316000.0000,-0.475,6,25231000,0.500,0.000,0.000,NO_BUY,reject=ret cur=-0.48 thr=0.15 margin=-0.63 relax=0.00 | all=ret cur=-0.48 thr=0.15 margin=-0.63 relax=0.00; ret10 cur=-0.48 thr=0.25 margin=-0.73; ret10_non_positive cur=-0.48
1772084002.000,086520,CLOSE,184900.0000,-0.054,23,500075300,0.500,0.000,0.000,NO_BUY,reject=ret cur=-0.05 thr=0.15 margin=-0.20 relax=0.00 | all=ret cur=-0.05 thr=0.15 margin=-0.20 relax=0.00; ret10 cur=-0.05 thr=0.25 margin=-0.30; ret10_non_positive cur=-0.05
1772084003.000,005930,CLOSE,216000.0000,0.000,138,559511000,0.463,0.232,0.000,NO_BUY,reject=ret cur=0.00 thr=0.15 margin=-0.15 relax=0.00 | all=ret cur=0.00 thr=0.15 margin=-0.15 relax=0.00; ret10 cur=0.00 thr=0.25 margin=-0.25; ret10_non_positive cur=0.00
1772084003.000,064400,CLOSE,73700.0000,0.000,28,51728300,0.500,0.000,0.000,NO_BUY,reject=ret cur=0.00 thr=0.15 margin=-0.15 relax=0.00 | all=ret cur=0.00 thr=0.15 margin=-0.15 relax=0.00; ret10 cur=0.00 thr=0.25 margin=-0.25; ret10_non_positive cur=0.00
1772084003.000,039030,CLOSE,416500.0000,0.120,5,9583500,0.096,0.120,0.000,NO_BUY,reject=ret cur=0.12 thr=0.15 margin=-0.03 relax=0.00 | all=ret cur=0.12 thr=0.15 margin=-0.03 relax=0.00; ret10 cur=0.12 thr=0.25 margin=-0.13
1772084005.000,035720,CLOSE,61400.0000,0.000,43,90112200,0.162,0.163,0.000,NO_BUY,reject=ret cur=0.00 thr=0.15 margin=-0.15 relax=0.00 | all=ret cur=0.00 thr=0.15 margin=-0.15 relax=0.00; ret10 cur=0.00 thr=0.25 margin=-0.25; ret10_non_positive cur=0.00
1772084005.000,124500,CLOSE,60300.0000,-0.166,5,3262200,0.500,0.000,0.000,NO_BUY,reject=ret cur=-0.17 thr=0.15 margin=-0.32 relax=0.00 | all=ret cur=-0.17 thr=0.15 margin=-0.32 relax=0.00; ret10 cur=-0.17 thr=0.25 margin=-0.42; ret10_non_positive cur=-0.17
1772084006.000,066570,CLOSE,145900.0000,-0.069,29,45075500,0.500,0.000,0.000,NO_BUY,reject=ret cur=-0.07 thr=0.15 margin=-0.22 relax=0.00 | all=ret cur=-0.07 thr=0.15 margin=-0.22 relax=0.00; ret10 cur=-0.07 thr=0.25 margin=-0.32; ret10_non_positive cur=-0.07
1772084006.000,187660,CLOSE,18460.0000,0.272,124,233499045,0.500,0.000,0.000,NO_BUY,early_score 100.0<118.0 trvR=0.46 dd=0.00% hh=6 imb2s=0.00
1772084008.000,058470,CLOSE,105800.0000,0.095,27,45387950,0.500,0.000,0.000,NO_BUY,reject=ret cur=0.09 thr=0.15 margin=-0.06 relax=0.00 | all=ret cur=0.09 thr=0.15 margin=-0.06 relax=0.00; ret10 cur=0.09 thr=0.25 margin=-0.16
1772084008.000,002020,CLOSE,71100.0000,0.000,4,711000,0.500,0.000,0.000,NO_BUY,reject=ret cur=0.00 thr=0.15 margin=-0.15 relax=0.00 | all=ret cur=0.00 thr=0.15 margin=-0.15 relax=0.00; ret10 cur=0.00 thr=0.25 margin=-0.25; ret10_non_positive cur=0.00
1772084008.000,115180,CLOSE,33800.0000,0.000,2,946400,0.500,0.000,0.000,NO_BUY,reject=ret cur=0.00 thr=0.15 margin=-0.15 relax=0.00 | all=ret cur=0.00 thr=0.15 margin=-0.15 relax=0.00; ticks cur=2 thr=4 margin=-2; ret10 cur=0.00 thr=0.25 margin=-0.25; ret10_non_positive cur=0.00
1772084009.000,336260,CLOSE,39900.0000,0.125,18,28025400,0.500,0.000,0.000,NO_BUY,reject=ret cur=0.13 thr=0.15 margin=-0.02 relax=0.00 | all=ret cur=0.13 thr=0.15 margin=-0.02 relax=0.00; ret10 cur=0.13 thr=0.25 margin=-0.12
1772084012.000,036810,CLOSE,42100.0000,0.119,6,6483350,0.500,0.000,0.000,NO_BUY,reject=ret cur=0.12 thr=0.15 margin=-0.03 relax=0.00 | all=ret cur=0.12 thr=0.15 margin=-0.03 relax=0.00; ret10 cur=0.12 thr=0.25 margin=-0.13
1772084012.000,377300,CLOSE,68700.0000,-0.146,11,3501200,0.500,0.000,0.000,NO_BUY,reject=ret cur=-0.15 thr=0.15 margin=-0.30 relax=0.00 | all=ret cur=-0.15 thr=0.15 margin=-0.30 relax=0.00; ret10 cur=-0.15 thr=0.25 margin=-0.40; ret10_non_positive cur=-0.15
1772084013.000,229200,CLOSE,20985.0000,0.000,75,94742805,0.500,0.000,0.000,NO_BUY,reject=ret cur=0.00 thr=0.15 margin=-0.15 relax=0.00 | all=ret cur=0.00 thr=0.15 margin=-0.15 relax=0.00; ret10 cur=0.00 thr=0.25 margin=-0.25; ret10_non_positive cur=0.00
1772084013.000,122630,CLOSE,110830.0000,0.018,52,939579975,0.500,0.000,0.000,NO_BUY,reject=ret cur=0.02 thr=0.15 margin=-0.13 relax=0.00 | all=ret cur=0.02 thr=0.15 margin=-0.13 relax=0.00; ret10 cur=0.02 thr=0.25 margin=-0.23
1772084014.000,103590,CLOSE,88100.0000,0.114,2,6512200,0.741,0.114,0.000,NO_BUY,reject=ret cur=0.11 thr=0.15 margin=-0.04 relax=0.00 | all=ret cur=0.11 thr=0.15 margin=-0.04 relax=0.00; ticks cur=2 thr=4 margin=-2; ret10 cur=0.11 thr=0.25 margin=-0.14
1772084014.000,064760,CLOSE,235000.0000,0.000,2,3061500,0.433,0.213,0.000,NO_BUY,reject=ret cur=0.00 thr=0.15 margin=-0.15 relax=0.00 | all=ret cur=0.00 thr=0.15 margin=-0.15 relax=0.00; ticks cur=2 thr=4 margin=-2; ret10 cur=0.00 thr=0.25 margin=-0.25; ret10_non_positive cur=0.00
1772084015.000,035420,CLOSE,260000.0000,0.000,24,98288500,0.487,0.192,0.000,NO_BUY,reject=ret cur=0.00 thr=0.15 margin=-0.15 relax=0.00 | all=ret cur=0.00 thr=0.15 margin=-0.15 relax=0.00; ret10 cur=0.00 thr=0.25 margin=-0.25; ret10_non_positive cur=0.00
1772084016.000,005830,CLOSE,208500.0000,0.000,9,7904500,0.122,0.240,0.000,NO_BUY,reject=ret cur=0.00 thr=0.15 margin=-0.15 relax=0.00 | all=ret cur=0.00 thr=0.15 margin=-0.15 relax=0.00; ret10 cur=0.00 thr=0.25 margin=-0.25; ret10_non_positive cur=0.00
1772084019.000,233740,CLOSE,20315.0000,0.034,78,274403446,0.500,0.000,0.000,NO_BUY,reject=ret cur=0.03 thr=0.15 margin=-0.12 relax=0.00 | all=ret cur=0.03 thr=0.15 margin=-0.12 relax=0.00; ret10 cur=0.03 thr=0.25 margin=-0.22
1772084019.000,009900,CLOSE,11460.0000,0.087,2,1901860,0.500,0.000,0.000,NO_BUY,reject=ret cur=0.09 thr=0.15 margin=-0.06 relax=0.00 | all=ret cur=0.09 thr=0.15 margin=-0.06 relax=0.00; ticks cur=2 thr=4 margin=-2; ret10 cur=0.09 thr=0.25 margin=-0.16
1772084019.000,396500,CLOSE,34600.0000,0.000,89,456144334,0.500,0.000,0.000,NO_BUY,reject=ret cur=0.00 thr=0.15 margin=-0.15 relax=0.00 | all=ret cur=0.00 thr=0.15 margin=-0.15 relax=0.00; ret10 cur=0.00 thr=0.25 margin=-0.25; ret10_non_positive cur=0.00
1772084023.000,005930,CLOSE,215500.0000,-0.231,120,735176750,0.463,0.232,0.000,NO_BUY,reject=ret cur=-0.23 thr=0.15 margin=-0.38 relax=0.00 | all=ret cur=-0.23 thr=0.15 margin=-0.38 relax=0.00; ret10 cur=-0.23 thr=0.25 margin=-0.48; ret10_non_positive cur=-0.23
1772084023.000,086520,CLOSE,184800.0000,0.000,15,22727700,0.500,0.000,0.000,NO_BUY,reject=ret cur=0.00 thr=0.15 margin=-0.15 relax=0.00 | all=ret cur=0.00 thr=0.15 margin=-0.15 relax=0.00; ret10 cur=0.00 thr=0.25 margin=-0.25; ret10_non_positive cur=0.00
1772084023.000,064400,CLOSE,73700.0000,0.000,13,8034400,0.500,0.000,0.000,NO_BUY,reject=ret cur=0.00 thr=0.15 margin=-0.15 relax=0.00 | all=ret cur=0.00 thr=0.15 margin=-0.15 relax=0.00; ret10 cur=0.00 thr=0.25 margin=-0.25; ret10_non_positive cur=0.00
1772084024.000,039030,CLOSE,416000.0000,-0.240,9,26624000,0.084,0.120,0.000,NO_BUY,reject=ret cur=-0.24 thr=0.15 margin=-0.39 relax=0.00 | all=ret cur=-0.24 thr=0.15 margin=-0.39 relax=0.00; ret10 cur=-0.24 thr=0.25 margin=-0.49; ret10_non_positive cur=-0.24
1772084025.000,035720,CLOSE,61500.0000,-0.163,25,39026400,0.165,0.163,0.000,NO_BUY,reject=ret cur=-0.16 thr=0.15 margin=-0.31 relax=0.00 | all=ret cur=-0.16 thr=0.15 margin=-0.31 relax=0.00; ret10 cur=-0.16 thr=0.25 margin=-0.41; ret10_non_positive cur=-0.16
1772084026.000,187660,CLOSE,18680.0000,0.214,323,1012298700,0.500,0.000,0.000,NO_BUY,reject=ret10 cur=0.21 thr=0.25 margin=-0.04 | all=ret10 cur=0.21 thr=0.25 margin=-0.04
1772084026.000,066570,CLOSE,145900.0000,0.000,82,159900650,0.500,0.000,0.000,NO_BUY,reject=ret cur=0.00 thr=0.15 margin=-0.15 relax=0.00 | all=ret cur=0.00 thr=0.15 margin=-0.15 relax=0.00; ret10 cur=0.00 thr=0.25 margin=-0.25; ret10_non_positive cur=0.00
1772084028.000,058470,CLOSE,106000.0000,0.189,61,173455300,0.500,0.000,0.000,NO_BUY,reject=ret10 cur=0.19 thr=0.25 margin=-0.06 | all=ret10 cur=0.19 thr=0.25 margin=-0.06
1772084028.000,002020,CLOSE,71100.0000,0.000,10,4123800,0.718,0.281,0.000,NO_BUY,reject=ret cur=0.00 thr=0.15 margin=-0.15 relax=0.00 | all=ret cur=0.00 thr=0.15 margin=-0.15 relax=0.00; ret10 cur=0.00 thr=0.25 margin=-0.25; ret10_non_positive cur=0.00
1772084028.000,124500,CLOSE,60400.0000,0.000,3,8093600,0.500,0.000,0.000,NO_BUY,reject=ret cur=0.00 thr=0.15 margin=-0.15 relax=0.00 | all=ret cur=0.00 thr=0.15 margin=-0.15 relax=0.00; ticks cur=3 thr=4 margin=-1; ret10 cur=0.00 thr=0.25 margin=-0.25; ret10_non_positive cur=0.00
1772084029.000,310210,CLOSE,316000.0000,0.000,2,1260000,0.500,0.000,0.000,NO_BUY,reject=ret cur=0.00 thr=0.15 margin=-0.15 relax=0.00 | all=ret cur=0.00 thr=0.15 margin=-0.15 relax=0.00; ticks cur=2 thr=4 margin=-2; ret10 cur=0.00 thr=0.25 margin=-0.25; ret10_non_positive cur=0.00
1772084033.000,229200,CLOSE,20985.0000,0.000,41,73457605,0.500,0.000,0.000,NO_BUY,reject=ret cur=0.00 thr=0.15 margin=-0.15 relax=0.00 | all=ret cur=0.00 thr=0.15 margin=-0.15 relax=0.00; ret10 cur=0.00 thr=0.25 margin=-0.25; ret10_non_positive cur=0.00
1772084033.000,122630,CLOSE,110815.0000,-0.014,89,512624387,0.500,0.000,0.000,NO_BUY,reject=ret cur=-0.01 thr=0.15 margin=-0.16 relax=0.00 | all=ret cur=-0.01 thr=0.15 margin=-0.16 relax=0.00; ret10 cur=-0.01 thr=0.25 margin=-0.26; ret10_non_positive cur=-0.01
1772084034.000,103590,CLOSE,88100.0000,0.000,14,37706800,0.730,0.113,0.000,NO_BUY,reject=ret cur=0.00 thr=0.15 margin=-0.15 relax=0.00 | all=ret cur=0.00 thr=0.15 margin=-0.15 relax=0.00; ret10 cur=0.00 thr=0.25 margin=-0.25; ret10_non_positive cur=0.00
1772084035.000,035420,CLOSE,260000.0000,0.000,24,34324750,0.486,0.192,0.000,NO_BUY,reject=ret cur=0.00 thr=0.15 margin=-0.15 relax=0.00 | all=ret cur=0.00 thr=0.15 margin=-0.15 relax=0.00; ret10 cur=0.00 thr=0.25 margin=-0.25; ret10_non_positive cur=0.00
1772084035.000,377300,CLOSE,68700.0000,-0.146,5,8999300,0.500,0.000,0.000,NO_BUY,reject=ret cur=-0.15 thr=0.15 margin=-0.30 relax=0.00 | all=ret cur=-0.15 thr=0.15 margin=-0.30 relax=0.00; ret10 cur=-0.15 thr=0.25 margin=-0.40; ret10_non_positive cur=-0.15
1772084036.000,336260,CLOSE,39850.0000,0.126,2,79650,0.500,0.000,0.000,NO_BUY,reject=ret cur=0.13 thr=0.15 margin=-0.02 relax=0.00 | all=ret cur=0.13 thr=0.15 margin=-0.02 relax=0.00; ticks cur=2 thr=4 margin=-2; ret10 cur=0.13 thr=0.25 margin=-0.12
1772084036.000,036810,CLOSE,42150.0000,0.119,2,1643900,0.500,0.000,0.000,NO_BUY,reject=ret cur=0.12 thr=0.15 margin=-0.03 relax=0.00 | all=ret cur=0.12 thr=0.15 margin=-0.03 relax=0.00; ticks cur=2 thr=4 margin=-2; ret10 cur=0.12 thr=0.25 margin=-0.13
1772084037.000,064760,CLOSE,235500.0000,-0.212,3,705500,0.366,0.212,0.000,NO_BUY,reject=ret cur=-0.21 thr=0.15 margin=-0.36 relax=0.00 | all=ret cur=-0.21 thr=0.15 margin=-0.36 relax=0.00; ticks cur=3 thr=4 margin=-1; ret10 cur=-0.21 thr=0.25 margin=-0.46; ret10_non_positive cur=-0.21
1772084038.000,005830,CLOSE,208000.0000,-0.240,14,61574500,0.101,0.481,0.000,NO_BUY,reject=ret cur=-0.24 thr=0.15 margin=-0.39 relax=0.00 | all=ret cur=-0.24 thr=0.15 margin=-0.39 relax=0.00; ret10 cur=-0.24 thr=0.25 margin=-0.49; ret10_non_positive cur=-0.24
1772084039.000,233740,CLOSE,20315.0000,-0.049,38,370087355,0.500,0.000,0.000,NO_BUY,reject=ret cur=-0.05 thr=0.15 margin=-0.20 relax=0.00 | all=ret cur=-0.05 thr=0.15 margin=-0.20 relax=0.00; ret10 cur=-0.05 thr=0.25 margin=-0.30; ret10_non_positive cur=-0.05
1772084039.000,115180,CLOSE,33800.0000,0.000,2,338000,0.500,0.000,0.000,NO_BUY,reject=ret cur=0.00 thr=0.15 margin=-0.15 relax=0.00 | all=ret cur=0.00 thr=0.15 margin=-0.15 relax=0.00; ticks cur=2 thr=4 margin=-2; ret10 cur=0.00 thr=0.25 margin=-0.25; ret10_non_positive cur=0.00
1772084039.000,009900,CLOSE,11450.0000,-0.087,15,17843770,0.500,0.000,0.000,NO_BUY,reject=ret cur=-0.09 thr=0.15 margin=-0.24 relax=0.00 | all=ret cur=-0.09 thr=0.15 margin=-0.24 relax=0.00; ret10 cur=-0.09 thr=0.25 margin=-0.34; ret10_non_positive cur=-0.09
1772084039.000,396500,CLOSE,34595.0000,0.000,74,294272995,0.500,0.000,0.000,NO_BUY,reject=ret cur=0.00 thr=0.15 margin=-0.15 relax=0.00 | all=ret cur=0.00 thr=0.15 margin=-0.15 relax=0.00; ret10 cur=0.00 thr=0.25 margin=-0.25; ret10_non_positive cur=0.00
1772084043.000,005930,CLOSE,215500.0000,0.232,121,711646250,0.461,0.232,0.000,NO_BUY,reject=ret10 cur=0.23 thr=0.25 margin=-0.02 | all=ret10 cur=0.23 thr=0.25 margin=-0.02
1772084043.000,064400,CLOSE,73800.0000,-0.136,13,19678100,0.500,0.000,0.000,NO_BUY,reject=ret cur=-0.14 thr=0.15 margin=-0.29 relax=0.00 | all=ret cur=-0.14 thr=0.15 margin=-0.29 relax=0.00; ret10 cur=-0.14 thr=0.25 margin=-0.39; ret10_non_positive cur=-0.14
1772084043.000,102940,CLOSE,65700.0000,0.152,3,8540000,0.500,0.000,0.000,NO_BUY,reject=ticks cur=3 thr=4 margin=-1 | all=ticks cur=3 thr=4 margin=-1; ret10 cur=0.15 thr=0.25 margin=-0.10
1772084043.000,086520,CLOSE,184800.0000,-0.054,20,107505900,0.500,0.000,0.000,NO_BUY,reject=ret cur=-0.05 thr=0.15 margin=-0.20 relax=0.00 | all=ret cur=-0.05 thr=0.15 margin=-0.20 relax=0.00; ret10 cur=-0.05 thr=0.25 margin=-0.30; ret10_non_positive cur=-0.05
1772084044.000,039030,CLOSE,416500.0000,-0.120,3,2918000,0.079,0.120,0.000,NO_BUY,reject=ret cur=-0.12 thr=0.15 margin=-0.27 relax=0.00 | all=ret cur=-0.12 thr=0.15 margin=-0.27 relax=0.00; ticks cur=3 thr=4 margin=-1; ret10 cur=-0.12 thr=0.25 margin=-0.37; ret10_non_positive cur=-0.12
1772084045.000,035720,CLOSE,61300.0000,0.163,17,18787800,0.184,0.163,0.000,NO_BUY,reject=ret10 cur=0.16 thr=0.25 margin=-0.09 | all=ret10 cur=0.16 thr=0.25 margin=-0.09
1772084046.000,066570,CLOSE,145900.0000,0.000,50,76265000,0.500,0.000,0.000,NO_BUY,reject=ret cur=0.00 thr=0.15 margin=-0.15 relax=0.00 | all=ret cur=0.00 thr=0.15 margin=-0.15 relax=0.00; ret10 cur=0.00 thr=0.25 margin=-0.25; ret10_non_positive cur=0.00
1772084046.000,187660,CLOSE,18600.0000,0.054,294,457510755,0.500,0.000,0.000,NO_BUY,reject=ret cur=0.05 thr=0.15 margin=-0.10 relax=0.00 | all=ret cur=0.05 thr=0.15 margin=-0.10 relax=0.00; ret10 cur=0.05 thr=0.25 margin=-0.20
1772084048.000,002020,CLOSE,71200.0000,0.000,5,924700,0.627,0.140,0.000,NO_BUY,reject=ret cur=0.00 thr=0.15 margin=-0.15 relax=0.00 | all=ret cur=0.00 thr=0.15 margin=-0.15 relax=0.00; ret10 cur=0.00 thr=0.25 margin=-0.25; ret10_non_positive cur=0.00
1772084049.000,058470,CLOSE,106100.0000,0.000,12,25866500,0.500,0.000,0.000,NO_BUY,reject=ret cur=0.00 thr=0.15 margin=-0.15 relax=0.00 | all=ret cur=0.00 thr=0.15 margin=-0.15 relax=0.00; ret10 cur=0.00 thr=0.25 margin=-0.25; ret10_non_positive cur=0.00
1772084049.000,124500,CLOSE,60600.0000,0.165,2,1332900,0.500,0.000,0.000,NO_BUY,reject=ticks cur=2 thr=4 margin=-2 | all=ticks cur=2 thr=4 margin=-2; ret10 cur=0.17 thr=0.25 margin=-0.08
1772084053.000,122630,CLOSE,110905.0000,0.104,85,427101945,0.500,0.000,0.000,NO_BUY,reject=ret cur=0.10 thr=0.15 margin=-0.05 relax=0.00 | all=ret cur=0.10 thr=0.15 margin=-0.05 relax=0.00; ret10 cur=0.10 thr=0.25 margin=-0.15
1772084053.000,229200,CLOSE,20985.0000,0.024,44,341840250,0.500,0.000,0.000,NO_BUY,reject=ret cur=0.02 thr=0.15 margin=-0.13 relax=0.00 | all=ret cur=0.02 thr=0.15 margin=-0.13 relax=0.00; ret10 cur=0.02 thr=0.25 margin=-0.23
1772084055.000,035420,CLOSE,260250.0000,0.192,25,98074500,0.485,0.192,0.000,NO_BUY,reject=ret10 cur=0.19 thr=0.25 margin=-0.06 | all=ret10 cur=0.19 thr=0.25 margin=-0.06
1772084055.000,377300,CLOSE,68800.0000,0.146,9,4396900,0.500,0.000,0.000,NO_BUY,reject=ret cur=0.15 thr=0.15 margin=-0.00 relax=0.00 | all=ret cur=0.15 thr=0.15 margin=-0.00 relax=0.00; ret10 cur=0.15 thr=0.25 margin=-0.10
1772084055.000,103590,CLOSE,88200.0000,0.114,10,7048700,0.727,0.113,0.000,NO_BUY,reject=ret cur=0.11 thr=0.15 margin=-0.04 relax=0.00 | all=ret cur=0.11 thr=0.15 margin=-0.04 relax=0.00; ret10 cur=0.11 thr=0.25 margin=-0.14
1772084056.000,036810,CLOSE,42050.0000,-0.119,10,12404400,0.500,0.000,0.000,NO_BUY,reject=ret cur=-0.12 thr=0.15 margin=-0.27 relax=0.00 | all=ret cur=-0.12 thr=0.15 margin=-0.27 relax=0.00; ret10 cur=-0.12 thr=0.25 margin=-0.37; ret10_non_positive cur=-0.12
1772084058.000,336260,CLOSE,39850.0000,0.125,7,23346900,0.500,0.000,0.000,NO_BUY,reject=ret cur=0.13 thr=0.15 margin=-0.02 relax=0.00 | all=ret cur=0.13 thr=0.15 margin=-0.02 relax=0.00; ret10 cur=0.13 thr=0.25 margin=-0.12
1772084058.000,064760,CLOSE,236000.0000,0.426,8,21181500,0.500,0.000,0.000,NO_BUY,confirm_wait 0.1s
1772084059.000,233740,CLOSE,20320.0000,0.025,40,780355715,0.500,0.000,0.000,NO_BUY,reject=ret cur=0.02 thr=0.15 margin=-0.13 relax=0.00 | all=ret cur=0.02 thr=0.15 margin=-0.13 relax=0.00; ret10 cur=0.02 thr=0.25 margin=-0.23
1772084059.000,396500,CLOSE,34605.0000,0.014,83,337101565,0.500,0.000,0.000,NO_BUY,reject=ret cur=0.01 thr=0.15 margin=-0.14 relax=0.00 | all=ret cur=0.01 thr=0.15 margin=-0.14 relax=0.00; ret10 cur=0.01 thr=0.25 margin=-0.24
1772084062.000,310210,CLOSE,316000.0000,0.000,3,1577500,0.500,0.000,0.000,NO_BUY,reject=ret cur=0.00 thr=0.15 margin=-0.15 relax=0.00 | all=ret cur=0.00 thr=0.15 margin=-0.15 relax=0.00; ticks cur=3 thr=4 margin=-1; ret10 cur=0.00 thr=0.25 margin=-0.25; ret10_non_positive cur=0.00
1772084063.000,005930,CLOSE,215500.0000,0.116,143,2214776500,0.468,0.232,0.000,NO_BUY,reject=ret cur=0.12 thr=0.15 margin=-0.03 relax=0.00 | all=ret cur=0.12 thr=0.15 margin=-0.03 relax=0.00; ret10 cur=0.12 thr=0.25 margin=-0.13
1772084063.000,064400,CLOSE,73800.0000,0.000,18,19643500,0.500,0.000,0.000,NO_BUY,reject=ret cur=0.00 thr=0.15 margin=-0.15 relax=0.00 | all=ret cur=0.00 thr=0.15 margin=-0.15 relax=0.00; ret10 cur=0.00 thr=0.25 margin=-0.25; ret10_non_positive cur=0.00
1772084063.000,086520,CLOSE,184900.0000,0.000,33,235620600,0.500,0.000,0.000,NO_BUY,reject=ret cur=0.00 thr=0.15 margin=-0.15 relax=0.00 | all=ret cur=0.00 thr=0.15 margin=-0.15 relax=0.00; ret10 cur=0.00 thr=0.25 margin=-0.25; ret10_non_positive cur=0.00
1772084065.000,039030,CLOSE,416500.0000,0.000,8,32902500,0.087,0.120,0.000,NO_BUY,reject=ret cur=0.00 thr=0.15 margin=-0.15 relax=0.00 | all=ret cur=0.00 thr=0.15 margin=-0.15 relax=0.00; ret10 cur=0.00 thr=0.25 margin=-0.25; ret10_non_positive cur=0.00
1772084065.000,035720,CLOSE,61300.0000,0.000,32,119186700,0.182,0.163,0.000,NO_BUY,reject=ret cur=0.00 thr=0.15 margin=-0.15 relax=0.00 | all=ret cur=0.00 thr=0.15 margin=-0.15 relax=0.00; ret10 cur=0.00 thr=0.25 margin=-0.25; ret10_non_positive cur=0.00
1772084065.000,102940,CLOSE,65400.0000,0.306,2,131000,0.500,0.000,0.000,NO_BUY,reject=ticks cur=2 thr=4 margin=-2 | all=ticks cur=2 thr=4 margin=-2
1772084066.000,066570,CLOSE,145800.0000,0.000,56,506261300,0.500,0.000,0.000,NO_BUY,reject=ret cur=0.00 thr=0.15 margin=-0.15 relax=0.00 | all=ret cur=0.00 thr=0.15 margin=-0.15 relax=0.00; ret10 cur=0.00 thr=0.25 margin=-0.25; ret10_non_positive cur=0.00
1772084066.000,187660,CLOSE,18780.0000,0.535,294,1016593560,0.500,0.000,0.000,NO_BUY,pullback_wait cur=18780.00 peak=18790.00 pb_thr=18752.42 reb_thr=18780.60 pulled=1
1772084068.000,002020,CLOSE,71100.0000,0.000,6,1137600,0.550,0.141,0.000,NO_BUY,reject=ret cur=0.00 thr=0.15 margin=-0.15 relax=0.00 | all=ret cur=0.00 thr=0.15 margin=-0.15 relax=0.00; ret10 cur=0.00 thr=0.25 margin=-0.25; ret10_non_positive cur=0.00
1772084069.000,124500,CLOSE,60400.0000,-0.330,4,3987800,0.500,0.000,0.000,NO_BUY,reject=ret cur=-0.33 thr=0.15 margin=-0.48 relax=0.00 | all=ret cur=-0.33 thr=0.15 margin=-0.48 relax=0.00; ret10 cur=-0.33 thr=0.25 margin=-0.58; ret10_non_positive cur=-0.33
1772084070.000,058470,CLOSE,106400.0000,0.188,19,141902100,0.500,0.000,0.000,NO_BUY,reject=ret10 cur=0.19 thr=0.25 margin=-0.06 | all=ret10 cur=0.19 thr=0.25 margin=-0.06
1772084073.000,122630,CLOSE,110915.0000,-0.005,61,756349710,0.500,0.000,0.000,NO_BUY,reject=ret cur=-0.00 thr=0.15 margin=-0.15 relax=0.00 | all=ret cur=-0.00 thr=0.15 margin=-0.15 relax=0.00; ret10 cur=-0.00 thr=0.25 margin=-0.25; ret10_non_positive cur=-0.00
1772084073.000,229200,CLOSE,20990.0000,0.000,36,48595820,0.500,0.000,0.000,NO_BUY,reject=ret cur=0.00 thr=0.15 margin=-0.15 relax=0.00 | all=ret cur=0.00 thr=0.15 margin=-0.15 relax=0.00; ret10 cur=0.00 thr=0.25 margin=-0.25; ret10_non_positive cur=0.00
1772084075.000,035420,CLOSE,260000.0000,0.000,40,63763500,0.485,0.192,0.000,NO_BUY,reject=ret cur=0.00 thr=0.15 margin=-0.15 relax=0.00 | all=ret cur=0.00 thr=0.15 margin=-0.15 relax=0.00; ret10 cur=0.00 thr=0.25 margin=-0.25; ret10_non_positive cur=0.00
1772084075.000,103590,CLOSE,88200.0000,-0.113,3,1585900,0.726,0.113,0.000,NO_BUY,reject=ret cur=-0.11 thr=0.15 margin=-0.26 relax=0.00 | all=ret cur=-0.11 thr=0.15 margin=-0.26 relax=0.00; ticks cur=3 thr=4 margin=-1; ret10 cur=-0.11 thr=0.25 margin=-0.36; ret10_non_positive cur=-0.11
1772084076.000,377300,CLOSE,68750.0000,0.000,6,21989350,0.500,0.000,0.000,NO_BUY,reject=ret cur=0.00 thr=0.15 margin=-0.15 relax=0.00 | all=ret cur=0.00 thr=0.15 margin=-0.15 relax=0.00; ret10 cur=0.00 thr=0.25 margin=-0.25; ret10_non_positive cur=0.00
1772084079.000,233740,CLOSE,20327.0000,0.000,47,135249382,0.500,0.000,0.000,NO_BUY,reject=ret cur=0.00 thr=0.15 margin=-0.15 relax=0.00 | all=ret cur=0.00 thr=0.15 margin=-0.15 relax=0.00; ret10 cur=0.00 thr=0.25 margin=-0.25; ret10_non_positive cur=0.00
1772084079.000,336260,CLOSE,39950.0000,0.125,12,4598100,0.500,0.000,0.000,NO_BUY,reject=ret cur=0.13 thr=0.15 margin=-0.02 relax=0.00 | all=ret cur=0.13 thr=0.15 margin=-0.02 relax=0.00; ret10 cur=0.13 thr=0.25 margin=-0.12
1772084079.000,396500,CLOSE,34605.0000,0.000,63,131997930,0.500,0.000,0.000,NO_BUY,reject=ret cur=0.00 thr=0.15 margin=-0.15 relax=0.00 | all=ret cur=0.00 thr=0.15 margin=-0.15 relax=0.00; ret10 cur=0.00 thr=0.25 margin=-0.25; ret10_non_positive cur=0.00
1772084079.000,064760,CLOSE,236000.0000,0.000,7,21947500,0.400,0.212,0.000,NO_BUY,reject=ret cur=0.00 thr=0.15 margin=-0.15 relax=0.00 | all=ret cur=0.00 thr=0.15 margin=-0.15 relax=0.00; ret10 cur=0.00 thr=0.25 margin=-0.25; ret10_non_positive cur=0.00
1772084079.000,036810,CLOSE,42100.0000,0.000,2,252600,0.500,0.000,0.000,NO_BUY,reject=ret cur=0.00 thr=0.15 margin=-0.15 relax=0.00 | all=ret cur=0.00 thr=0.15 margin=-0.15 relax=0.00; ticks cur=2 thr=4 margin=-2; ret10 cur=0.00 thr=0.25 margin=-0.25; ret10_non_positive cur=0.00
1772084080.000,161580,CLOSE,54400.0000,0.000,4,1251200,0.500,0.000,0.000,NO_BUY,reject=ret cur=0.00 thr=0.15 margin=-0.15 relax=0.00 | all=ret cur=0.00 thr=0.15 margin=-0.15 relax=0.00; ret10 cur=0.00 thr=0.25 margin=-0.25; ret10_non_positive cur=0.00
1772084082.000,310210,CLOSE,315500.0000,0.000,4,5048000,0.500,0.000,0.000,NO_BUY,reject=ret cur=0.00 thr=0.15 margin=-0.15 relax=0.00 | all=ret cur=0.00 thr=0.15 margin=-0.15 relax=0.00; ret10 cur=0.00 thr=0.25 margin=-0.25; ret10_non_positive cur=0.00
1772084083.000,005930,CLOSE,215500.0000,0.232,115,669039500,0.471,0.232,0.000,NO_BUY,reject=ret10 cur=0.23 thr=0.25 margin=-0.02 | all=ret10 cur=0.23 thr=0.25 margin=-0.02
1772084083.000,064400,CLOSE,73800.0000,0.000,11,9741600,0.500,0.000,0.000,NO_BUY,reject=ret cur=0.00 thr=0.15 margin=-0.15 relax=0.00 | all=ret cur=0.00 thr=0.15 margin=-0.15 relax=0.00; ret10 cur=0.00 thr=0.25 margin=-0.25; ret10_non_positive cur=0.00
1772084084.000,009900,CLOSE,11460.0000,0.000,2,2418060,0.500,0.000,0.000,NO_BUY,reject=ret cur=0.00 thr=0.15 margin=-0.15 relax=0.00 | all=ret cur=0.00 thr=0.15 margin=-0.15 relax=0.00; ticks cur=2 thr=4 margin=-2; ret10 cur=0.00 thr=0.25 margin=-0.25; ret10_non_positive cur=0.00
1772084084.000,086520,CLOSE,184900.0000,0.000,14,22739900,0.500,0.000,0.000,NO_BUY,reject=ret cur=0.00 thr=0.15 margin=-0.15 relax=0.00 | all=ret cur=0.00 thr=0.15 margin=-0.15 relax=0.00; ret10 cur=0.00 thr=0.25 margin=-0.25; ret10_non_positive cur=0.00
1772084085.000,035720,CLOSE,61400.0000,0.163,28,64199300,0.182,0.163,0.000,NO_BUY,reject=ret10 cur=0.16 thr=0.25 margin=-0.09 | all=ret10 cur=0.16 thr=0.25 margin=-0.09
1772084086.000,187660,CLOSE,18870.0000,0.372,298,1188264920,0.500,0.000,0.000,NO_BUY,pullback_wait cur=18870.00 peak=18880.00 pb_thr=18842.24 reb_thr=18870.56 pulled=1
1772084086.000,066570,CLOSE,145900.0000,-0.068,36,43957350,0.500,0.000,0.000,NO_BUY,reject=ret cur=-0.07 thr=0.15 margin=-0.22 relax=0.00 | all=ret cur=-0.07 thr=0.15 margin=-0.22 relax=0.00; ret10 cur=-0.07 thr=0.25 margin=-0.32; ret10_non_positive cur=-0.07
1772084087.000,039030,CLOSE,416500.0000,0.000,4,5414500,0.089,0.120,0.000,NO_BUY,reject=ret cur=0.00 thr=0.15 margin=-0.15 relax=0.00 | all=ret cur=0.00 thr=0.15 margin=-0.15 relax=0.00; ret10 cur=0.00 thr=0.25 margin=-0.25; ret10_non_positive cur=0.00
1772084088.000,002020,CLOSE,70800.0000,-0.141,30,28859600,0.577,0.422,0.000,NO_BUY,reject=ret cur=-0.14 thr=0.15 margin=-0.29 relax=0.00 | all=ret cur=-0.14 thr=0.15 margin=-0.29 relax=0.00; ret10 cur=-0.14 thr=0.25 margin=-0.39; ret10_non_positive cur=-0.14
1772084092.000,058470,CLOSE,106400.0000,0.094,10,10419700,0.500,0.000,0.000,NO_BUY,reject=ret cur=0.09 thr=0.15 margin=-0.06 relax=0.00 | all=ret cur=0.09 thr=0.15 margin=-0.06 relax=0.00; ret10 cur=0.09 thr=0.25 margin=-0.16
1772084093.000,229200,CLOSE,20995.0000,0.024,249,499435721,0.500,0.000,0.000,NO_BUY,reject=ret cur=0.02 thr=0.15 margin=-0.13 relax=0.00 | all=ret cur=0.02 thr=0.15 margin=-0.13 relax=0.00; ret10 cur=0.02 thr=0.25 margin=-0.23
1772084093.000,124500,CLOSE,60300.0000,0.000,2,1748700,0.500,0.000,0.000,NO_BUY,reject=ret cur=0.00 thr=0.15 margin=-0.15 relax=0.00 | all=ret cur=0.00 thr=0.15 margin=-0.15 relax=0.00; ticks cur=2 thr=4 margin=-2; ret10 cur=0.00 thr=0.25 margin=-0.25; ret10_non_positive cur=0.00
1772084093.000,122630,CLOSE,110830.0000,-0.050,74,220433715,0.500,0.000,0.000,NO_BUY,reject=ret cur=-0.05 thr=0.15 margin=-0.20 relax=0.00 | all=ret cur=-0.05 thr=0.15 margin=-0.20 relax=0.00; ret10 cur=-0.05 thr=0.25 margin=-0.30; ret10_non_positive cur=-0.05
1772084095.000,035420,CLOSE,260000.0000,0.000,24,19766500,0.480,0.192,0.000,NO_BUY,reject=ret cur=0.00 thr=0.15 margin=-0.15 relax=0.00 | all=ret cur=0.00 thr=0.15 margin=-0.15 relax=0.00; ret10 cur=0.00 thr=0.25 margin=-0.25; ret10_non_positive cur=0.00
1772084097.000,377300,CLOSE,68800.0000,-0.145,8,2682800,0.500,0.000,0.000,NO_BUY,reject=ret cur=-0.15 thr=0.15 margin=-0.30 relax=0.00 | all=ret cur=-0.15 thr=0.15 margin=-0.30 relax=0.00; ret10 cur=-0.15 thr=0.25 margin=-0.40; ret10_non_positive cur=-0.15
1772084099.000,396500,CLOSE,34590.0000,0.000,107,167821685,0.500,0.000,0.000,NO_BUY,reject=ret cur=0.00 thr=0.15 margin=-0.15 relax=0.00 | all=ret cur=0.00 thr=0.15 margin=-0.15 relax=0.00; ret10 cur=0.00 thr=0.25 margin=-0.25; ret10_non_positive cur=0.00
1772084099.000,064760,CLOSE,236000.0000,0.000,4,1181000,0.396,0.212,0.000,NO_BUY,reject=ret cur=0.00 thr=0.15 margin=-0.15 relax=0.00 | all=ret cur=0.00 thr=0.15 margin=-0.15 relax=0.00; ret10 cur=0.00 thr=0.25 margin=-0.25; ret10_non_positive cur=0.00
1772084099.000,036810,CLOSE,41950.0000,-0.119,25,62075950,0.500,0.000,0.000,NO_BUY,reject=ret cur=-0.12 thr=0.15 margin=-0.27 relax=0.00 | all=ret cur=-0.12 thr=0.15 margin=-0.27 relax=0.00; ret10 cur=-0.12 thr=0.25 margin=-0.37; ret10_non_positive cur=-0.12
1772084099.000,233740,CLOSE,20325.0000,0.000,45,143063945,0.500,0.000,0.000,NO_BUY,reject=ret cur=0.00 thr=0.15 margin=-0.15 relax=0.00 | all=ret cur=0.00 thr=0.15 margin=-0.15 relax=0.00; ret10 cur=0.00 thr=0.25 margin=-0.25; ret10_non_positive cur=0.00
1772084100.000,161580,CLOSE,54400.0000,0.000,30,53371000,0.500,0.000,0.000,NO_BUY,reject=ret cur=0.00 thr=0.15 margin=-0.15 relax=0.00 | all=ret cur=0.00 thr=0.15 margin=-0.15 relax=0.00; ret10 cur=0.00 thr=0.25 margin=-0.25; ret10_non_positive cur=0.00
1772084102.000,103590,CLOSE,88100.0000,0.114,5,9696800,0.729,0.113,0.000,NO_BUY,reject=ret cur=0.11 thr=0.15 margin=-0.04 relax=0.00 | all=ret cur=0.11 thr=0.15 margin=-0.04 relax=0.00; ret10 cur=0.11 thr=0.25 margin=-0.14
1772084103.000,005930,CLOSE,216000.0000,-0.231,144,524560500,0.471,0.232,0.000,NO_BUY,reject=ret cur=-0.23 thr=0.15 margin=-0.38 relax=0.00 | all=ret cur=-0.23 thr=0.15 margin=-0.38 relax=0.00; ret10 cur=-0.23 thr=0.25 margin=-0.48; ret10_non_positive cur=-0.23
1772084103.000,064400,CLOSE,73800.0000,0.000,26,10482500,0.500,0.000,0.000,NO_BUY,reject=ret cur=0.00 thr=0.15 margin=-0.15 relax=0.00 | all=ret cur=0.00 thr=0.15 margin=-0.15 relax=0.00; ret10 cur=0.00 thr=0.25 margin=-0.25; ret10_non_positive cur=0.00
1772084104.000,086520,CLOSE,184800.0000,0.054,8,72079900,0.500,0.000,0.000,NO_BUY,reject=ret cur=0.05 thr=0.15 margin=-0.10 relax=0.00 | all=ret cur=0.05 thr=0.15 margin=-0.10 relax=0.00; ret10 cur=0.05 thr=0.25 margin=-0.20
1772084105.000,035720,CLOSE,61400.0000,-0.163,39,123747850,0.185,0.163,0.000,NO_BUY,reject=ret cur=-0.16 thr=0.15 margin=-0.31 relax=0.00 | all=ret cur=-0.16 thr=0.15 margin=-0.31 relax=0.00; ret10 cur=-0.16 thr=0.25 margin=-0.41; ret10_non_positive cur=-0.16
1772084106.000,066570,CLOSE,146000.0000,-0.068,23,28456100,0.500,0.000,0.000,NO_BUY,reject=ret cur=-0.07 thr=0.15 margin=-0.22 relax=0.00 | all=ret cur=-0.07 thr=0.15 margin=-0.22 relax=0.00; ret10 cur=-0.07 thr=0.25 margin=-0.32; ret10_non_positive cur=-0.07
1772084106.000,187660,CLOSE,18820.0000,-0.159,295,980714250,0.500,0.000,0.000,NO_BUY,reject=ret cur=-0.16 thr=0.15 margin=-0.31 relax=0.00 | all=ret cur=-0.16 thr=0.15 margin=-0.31 relax=0.00; ret10 cur=-0.16 thr=0.25 margin=-0.41; ret10_non_positive cur=-0.16
1772084106.000,336260,CLOSE,40000.0000,0.000,3,1880000,0.500,0.000,0.000,NO_BUY,reject=ret cur=0.00 thr=0.15 margin=-0.15 relax=0.00 | all=ret cur=0.00 thr=0.15 margin=-0.15 relax=0.00; ticks cur=3 thr=4 margin=-1; ret10 cur=0.00 thr=0.25 margin=-0.25; ret10_non_positive cur=0.00
1772084107.000,039030,CLOSE,415500.0000,-0.120,15,36192500,0.090,0.120,0.000,NO_BUY,reject=ret cur=-0.12 thr=0.15 margin=-0.27 relax=0.00 | all=ret cur=-0.12 thr=0.15 margin=-0.27 relax=0.00; ret10 cur=-0.12 thr=0.25 margin=-0.37; ret10_non_positive cur=-0.12
1772084109.000,002020,CLOSE,71200.0000,0.000,4,496300,0.575,0.422,0.000,NO_BUY,reject=ret cur=0.00 thr=0.15 margin=-0.15 relax=0.00 | all=ret cur=0.00 thr=0.15 margin=-0.15 relax=0.00; ret10 cur=0.00 thr=0.25 margin=-0.25; ret10_non_positive cur=0.00
1772084112.000,058470,CLOSE,106200.0000,0.094,11,9991500,0.500,0.000,0.000,NO_BUY,reject=ret cur=0.09 thr=0.15 margin=-0.06 relax=0.00 | all=ret cur=0.09 thr=0.15 margin=-0.06 relax=0.00; ret10 cur=0.09 thr=0.25 margin=-0.16
1772084113.000,229200,CLOSE,20990.0000,0.000,728,730388670,0.500,0.000,0.000,NO_BUY,reject=ret cur=0.00 thr=0.15 margin=-0.15 relax=0.00 | all=ret cur=0.00 thr=0.15 margin=-0.15 relax=0.00; ret10 cur=0.00 thr=0.25 margin=-0.25; ret10_non_positive cur=0.00
1772084113.000,122630,CLOSE,110795.0000,-0.009,33,625887900,0.500,0.000,0.000,NO_BUY,reject=ret cur=-0.01 thr=0.15 margin=-0.16 relax=0.00 | all=ret cur=-0.01 thr=0.15 margin=-0.16 relax=0.00; ret10 cur=-0.01 thr=0.25 margin=-0.26; ret10_non_positive cur=-0.01
1772084114.000,124500,CLOSE,60100.0000,0.166,3,15989600,0.500,0.000,0.000,NO_BUY,reject=ticks cur=3 thr=4 margin=-1 | all=ticks cur=3 thr=4 margin=-1; ret10 cur=0.17 thr=0.25 margin=-0.08
1772084115.000,035420,CLOSE,260000.0000,0.000,31,66856750,0.482,0.192,0.000,NO_BUY,reject=ret cur=0.00 thr=0.15 margin=-0.15 relax=0.00 | all=ret cur=0.00 thr=0.15 margin=-0.15 relax=0.00; ret10 cur=0.00 thr=0.25 margin=-0.25; ret10_non_positive cur=0.00
1772084118.000,377300,CLOSE,68800.0000,0.146,6,21878300,0.500,0.000,0.000,NO_BUY,reject=ret cur=0.15 thr=0.15 margin=-0.00 relax=0.00 | all=ret cur=0.15 thr=0.15 margin=-0.00 relax=0.00; ret10 cur=0.15 thr=0.25 margin=-0.10
1772084119.000,233740,CLOSE,20310.0000,0.000,48,265796720,0.500,0.000,0.000,NO_BUY,reject=ret cur=0.00 thr=0.15 margin=-0.15 relax=0.00 | all=ret cur=0.00 thr=0.15 margin=-0.15 relax=0.00; ret10 cur=0.00 thr=0.25 margin=-0.25; ret10_non_positive cur=0.00
1772084119.000,396500,CLOSE,34580.0000,0.014,48,86627510,0.500,0.000,0.000,NO_BUY,reject=ret cur=0.01 thr=0.15 margin=-0.14 relax=0.00 | all=ret cur=0.01 thr=0.15 margin=-0.14 relax=0.00; ret10 cur=0.01 thr=0.25 margin=-0.24
1772084119.000,036810,CLOSE,41850.0000,0.119,12,16926250,0.500,0.000,0.000,NO_BUY,reject=ret cur=0.12 thr=0.15 margin=-0.03 relax=0.00 | all=ret cur=0.12 thr=0.15 margin=-0.03 relax=0.00; ret10 cur=0.12 thr=0.25 margin=-0.13
1772084119.000,064760,CLOSE,236000.0000,0.212,3,3305000,0.399,0.212,0.000,NO_BUY,reject=ticks cur=3 thr=4 margin=-1 | all=ticks cur=3 thr=4 margin=-1; ret10 cur=0.21 thr=0.25 margin=-0.04
1772084120.000,161580,CLOSE,54400.0000,0.000,11,7561400,0.500,0.000,0.000,NO_BUY,reject=ret cur=0.00 thr=0.15 margin=-0.15 relax=0.00 | all=ret cur=0.00 thr=0.15 margin=-0.15 relax=0.00; ret10 cur=0.00 thr=0.25 margin=-0.25; ret10_non_positive cur=0.00
1772084120.000,310210,CLOSE,315000.0000,0.000,2,630000,0.500,0.000,0.000,NO_BUY,reject=ret cur=0.00 thr=0.15 margin=-0.15 relax=0.00 | all=ret cur=0.00 thr=0.15 margin=-0.15 relax=0.00; ticks cur=2 thr=4 margin=-2; ret10 cur=0.00 thr=0.25 margin=-0.25; ret10_non_positive cur=0.00
1772084123.000,005930,CLOSE,216000.0000,0.000,139,725016500,0.469,0.232,0.000,NO_BUY,reject=ret cur=0.00 thr=0.15 margin=-0.15 relax=0.00 | all=ret cur=0.00 thr=0.15 margin=-0.15 relax=0.00; ret10 cur=0.00 thr=0.25 margin=-0.25; ret10_non_positive cur=0.00
1772084124.000,086520,CLOSE,184700.0000,0.000,22,64669800,0.500,0.000,0.000,NO_BUY,reject=ret cur=0.00 thr=0.15 margin=-0.15 relax=0.00 | all=ret cur=0.00 thr=0.15 margin=-0.15 relax=0.00; ret10 cur=0.00 thr=0.25 margin=-0.25; ret10_non_positive cur=0.00
1772084125.000,064400,CLOSE,73700.0000,0.000,12,6050500,0.603,0.136,0.000,NO_BUY,reject=ret cur=0.00 thr=0.15 margin=-0.15 relax=0.00 | all=ret cur=0.00 thr=0.15 margin=-0.15 relax=0.00; ret10 cur=0.00 thr=0.25 margin=-0.25; ret10_non_positive cur=0.00
1772084125.000,035720,CLOSE,61300.0000,0.000,29,104739200,0.185,0.163,0.000,NO_BUY,reject=ret cur=0.00 thr=0.15 margin=-0.15 relax=0.00 | all=ret cur=0.00 thr=0.15 margin=-0.15 relax=0.00; ret10 cur=0.00 thr=0.25 margin=-0.25; ret10_non_positive cur=0.00
1772084125.000,241770,CLOSE,28850.0000,0.000,6,9907200,0.500,0.000,0.000,NO_BUY,reject=ret cur=0.00 thr=0.15 margin=-0.15 relax=0.00 | all=ret cur=0.00 thr=0.15 margin=-0.15 relax=0.00; ret10 cur=0.00 thr=0.25 margin=-0.25; ret10_non_positive cur=0.00
1772084125.000,103590,CLOSE,88100.0000,0.114,5,4586300,0.720,0.113,0.000,NO_BUY,reject=ret cur=0.11 thr=0.15 margin=-0.04 relax=0.00 | all=ret cur=0.11 thr=0.15 margin=-0.04 relax=0.00; ret10 cur=0.11 thr=0.25 margin=-0.14
1772084126.000,066570,CLOSE,146000.0000,0.000,41,34451750,0.500,0.000,0.000,NO_BUY,reject=ret cur=0.00 thr=0.15 margin=-0.15 relax=0.00 | all=ret cur=0.00 thr=0.15 margin=-0.15 relax=0.00; ret10 cur=0.00 thr=0.25 margin=-0.25; ret10_non_positive cur=0.00
1772084126.000,187660,CLOSE,19000.0000,0.583,319,1216860750,0.500,0.000,0.000,NO_BUY,reject=orderbook_stale age=1772084126.00s max=1.00s | all=orderbook_stale age=1772084126.00s max=1.00s
1772084126.000,336260,CLOSE,40000.0000,0.062,3,520075,0.500,0.000,0.000,NO_BUY,reject=ret cur=0.06 thr=0.15 margin=-0.09 relax=0.00 | all=ret cur=0.06 thr=0.15 margin=-0.09 relax=0.00; ticks cur=3 thr=4 margin=-1; ret10 cur=0.06 thr=0.25 margin=-0.19
1772084127.000,039030,CLOSE,415000.0000,-0.120,9,46538500,0.091,0.120,0.000,NO_BUY,reject=ret cur=-0.12 thr=0.15 margin=-0.27 relax=0.00 | all=ret cur=-0.12 thr=0.15 margin=-0.27 relax=0.00; ret10 cur=-0.12 thr=0.25 margin=-0.37; ret10_non_positive cur=-0.12
1772084132.000,058470,CLOSE,106200.0000,-0.094,18,32600300,0.500,0.000,0.000,NO_BUY,reject=ret cur=-0.09 thr=0.15 margin=-0.24 relax=0.00 | all=ret cur=-0.09 thr=0.15 margin=-0.24 relax=0.00; ret10 cur=-0.09 thr=0.25 margin=-0.34; ret10_non_positive cur=-0.09
1772084133.000,122630,CLOSE,110820.0000,0.000,36,1367731644,0.500,0.000,0.000,NO_BUY,reject=ret cur=0.00 thr=0.15 margin=-0.15 relax=0.00 | all=ret cur=0.00 thr=0.15 margin=-0.15 relax=0.00; ret10 cur=0.00 thr=0.25 margin=-0.25; ret10_non_positive cur=0.00
1772084133.000,229200,CLOSE,20985.0000,0.000,37,121272607,0.500,0.000,0.000,NO_BUY,reject=ret cur=0.00 thr=0.15 margin=-0.15 relax=0.00 | all=ret cur=0.00 thr=0.15 margin=-0.15 relax=0.00; ret10 cur=0.00 thr=0.25 margin=-0.25; ret10_non_positive cur=0.00
1772084135.000,035420,CLOSE,260000.0000,0.192,36,308436000,0.479,0.192,0.000,NO_BUY,reject=ret10 cur=0.19 thr=0.25 margin=-0.06 | all=ret10 cur=0.19 thr=0.25 margin=-0.06
1772084138.000,377300,CLOSE,68800.0000,0.000,16,13005500,0.500,0.000,0.000,NO_BUY,reject=ret cur=0.00 thr=0.15 margin=-0.15 relax=0.00 | all=ret cur=0.00 thr=0.15 margin=-0.15 relax=0.00; ret10 cur=0.00 thr=0.25 margin=-0.25; ret10_non_positive cur=0.00
1772084139.000,036810,CLOSE,41700.0000,-0.477,21,105993650,0.500,0.000,0.000,NO_BUY,reject=ret cur=-0.48 thr=0.15 margin=-0.63 relax=0.00 | all=ret cur=-0.48 thr=0.15 margin=-0.63 relax=0.00; ret10 cur=-0.48 thr=0.25 margin=-0.73; ret10_non_positive cur=-0.48
1772084139.000,396500,CLOSE,34580.0000,-0.029,148,466833820,0.500,0.000,0.000,NO_BUY,reject=ret cur=-0.03 thr=0.15 margin=-0.18 relax=0.00 | all=ret cur=-0.03 thr=0.15 margin=-0.18 relax=0.00; ret10 cur=-0.03 thr=0.25 margin=-0.28; ret10_non_positive cur=-0.03
1772084140.000,233740,CLOSE,20305.0000,-0.049,56,363478675,0.500,0.000,0.000,NO_BUY,reject=ret cur=-0.05 thr=0.15 margin=-0.20 relax=0.00 | all=ret cur=-0.05 thr=0.15 margin=-0.20 relax=0.00; ret10 cur=-0.05 thr=0.25 margin=-0.30; ret10_non_positive cur=-0.05
1772084140.000,161580,CLOSE,54300.0000,0.092,5,2338750,0.500,0.000,0.000,NO_BUY,reject=ret cur=0.09 thr=0.15 margin=-0.06 relax=0.00 | all=ret cur=0.09 thr=0.15 margin=-0.06 relax=0.00; ret10 cur=0.09 thr=0.25 margin=-0.16
1772084141.000,064760,CLOSE,235000.0000,-0.212,5,6587000,0.480,0.213,0.000,NO_BUY,reject=ret cur=-0.21 thr=0.15 margin=-0.36 relax=0.00 | all=ret cur=-0.21 thr=0.15 margin=-0.36 relax=0.00; ret10 cur=-0.21 thr=0.25 margin=-0.46; ret10_non_positive cur=-0.21
1772084143.000,005930,CLOSE,216000.0000,0.232,117,982888500,0.468,0.232,0.000,NO_BUY,reject=ret10 cur=0.23 thr=0.25 margin=-0.02 | all=ret10 cur=0.23 thr=0.25 margin=-0.02
1772084145.000,035720,CLOSE,61400.0000,0.000,35,102469100,0.186,0.163,0.000,NO_BUY,reject=ret cur=0.00 thr=0.15 margin=-0.15 relax=0.00 | all=ret cur=0.00 thr=0.15 margin=-0.15 relax=0.00; ret10 cur=0.00 thr=0.25 margin=-0.25; ret10_non_positive cur=0.00
1772084145.000,064400,CLOSE,73700.0000,0.136,9,18954600,0.600,0.136,0.000,NO_BUY,reject=ret cur=0.14 thr=0.15 margin=-0.01 relax=0.00 | all=ret cur=0.14 thr=0.15 margin=-0.01 relax=0.00; ret10 cur=0.14 thr=0.25 margin=-0.11
1772084145.000,086520,CLOSE,184800.0000,0.000,8,16256200,0.500,0.000,0.000,NO_BUY,reject=ret cur=0.00 thr=0.15 margin=-0.15 relax=0.00 | all=ret cur=0.00 thr=0.15 margin=-0.15 relax=0.00; ret10 cur=0.00 thr=0.25 margin=-0.25; ret10_non_positive cur=0.00
1772084146.000,187660,CLOSE,19050.0000,0.369,237,1244195480,0.500,0.000,0.000,NO_BUY,pullback_wait cur=19050.00 peak=19090.00 pb_thr=19051.82 reb_thr=19080.46 pulled=1
1772084146.000,066570,CLOSE,145850.0000,-0.034,48,119488750,0.500,0.000,0.000,NO_BUY,reject=ret cur=-0.03 thr=0.15 margin=-0.18 relax=0.00 | all=ret cur=-0.03 thr=0.15 margin=-0.18 relax=0.00; ret10 cur=-0.03 thr=0.25 margin=-0.28; ret10_non_positive cur=-0.03
1772084146.000,336260,CLOSE,40000.0000,-0.125,10,33800750,0.500,0.000,0.000,NO_BUY,reject=ret cur=-0.12 thr=0.15 margin=-0.27 relax=0.00 | all=ret cur=-0.12 thr=0.15 margin=-0.27 relax=0.00; ret10 cur=-0.12 thr=0.25 margin=-0.37; ret10_non_positive cur=-0.12
1772084148.000,310210,CLOSE,315000.0000,0.000,2,2208500,0.500,0.000,0.000,NO_BUY,reject=ret cur=0.00 thr=0.15 margin=-0.15 relax=0.00 | all=ret cur=0.00 thr=0.15 margin=-0.15 relax=0.00; ticks cur=2 thr=4 margin=-2; ret10 cur=0.00 thr=0.25 margin=-0.25; ret10_non_positive cur=0.00
1772084148.000,103590,CLOSE,88200.0000,0.114,5,8547500,0.726,0.113,0.000,NO_BUY,reject=ret cur=0.11 thr=0.15 margin=-0.04 relax=0.00 | all=ret cur=0.11 thr=0.15 margin=-0.04 relax=0.00; ret10 cur=0.11 thr=0.25 margin=-0.14
1772084148.000,039030,CLOSE,415000.0000,-0.240,9,18263500,0.132,0.121,0.000,NO_BUY,reject=ret cur=-0.24 thr=0.15 margin=-0.39 relax=0.00 | all=ret cur=-0.24 thr=0.15 margin=-0.39 relax=0.00; ret10 cur=-0.24 thr=0.25 margin=-0.49; ret10_non_positive cur=-0.24
1772084149.000,124500,CLOSE,60500.0000,0.332,11,78585500,0.500,0.000,0.000,NO_BUY,confirm_wait 0.1s
1772084153.000,122630,CLOSE,110785.0000,-0.036,52,242545125,0.500,0.000,0.000,NO_BUY,reject=ret cur=-0.04 thr=0.15 margin=-0.19 relax=0.00 | all=ret cur=-0.04 thr=0.15 margin=-0.19 relax=0.00; ret10 cur=-0.04 thr=0.25 margin=-0.29; ret10_non_positive cur=-0.04
1772084153.000,229200,CLOSE,20975.0000,-0.024,176,396393315,0.500,0.000,0.000,NO_BUY,reject=ret cur=-0.02 thr=0.15 margin=-0.17 relax=0.00 | all=ret cur=-0.02 thr=0.15 margin=-0.17 relax=0.00; ret10 cur=-0.02 thr=0.25 margin=-0.27; ret10_non_positive cur=-0.02
1772084153.000,002020,CLOSE,71100.0000,0.141,3,213200,0.500,0.000,0.000,NO_BUY,reject=ret cur=0.14 thr=0.15 margin=-0.01 relax=0.00 | all=ret cur=0.14 thr=0.15 margin=-0.01 relax=0.00; ticks cur=3 thr=4 margin=-1; ret10 cur=0.14 thr=0.25 margin=-0.11
1772084153.000,058470,CLOSE,106000.0000,0.000,51,114194000,0.500,0.000,0.000,NO_BUY,reject=ret cur=0.00 thr=0.15 margin=-0.15 relax=0.00 | all=ret cur=0.00 thr=0.15 margin=-0.15 relax=0.00; ret10 cur=0.00 thr=0.25 margin=-0.25; ret10_non_positive cur=0.00
1772084155.000,035420,CLOSE,260000.0000,0.000,35,37974000,0.478,0.192,0.000,NO_BUY,reject=ret cur=0.00 thr=0.15 margin=-0.15 relax=0.00 | all=ret cur=0.00 thr=0.15 margin=-0.15 relax=0.00; ret10 cur=0.00 thr=0.25 margin=-0.25; ret10_non_positive cur=0.00
1772084156.000,009900,CLOSE,11460.0000,0.087,3,3106030,0.500,0.000,0.000,NO_BUY,reject=ret cur=0.09 thr=0.15 margin=-0.06 relax=0.00 | all=ret cur=0.09 thr=0.15 margin=-0.06 relax=0.00; ticks cur=3 thr=4 margin=-1; ret10 cur=0.09 thr=0.25 margin=-0.16
1772084156.000,102940,CLOSE,65600.0000,0.153,3,458600,0.500,0.000,0.000,NO_BUY,reject=ticks cur=3 thr=4 margin=-1 | all=ticks cur=3 thr=4 margin=-1; ret10 cur=0.15 thr=0.25 margin=-0.10
1772084158.000,377300,CLOSE,68800.0000,0.000,19,8331700,0.500,0.000,0.000,NO_BUY,reject=ret cur=0.00 thr=0.15 margin=-0.15 relax=0.00 | all=ret cur=0.00 thr=0.15 margin=-0.15 relax=0.00; ret10 cur=0.00 thr=0.25 margin=-0.25; ret10_non_positive cur=0.00
1772084159.000,036810,CLOSE,41750.0000,0.360,9,4553900,0.500,0.000,0.000,NO_BUY,pullback_wait cur=41750.00 peak=41800.00 pb_thr=41716.40 reb_thr=41779.10 pulled=0
1772084159.000,396500,CLOSE,34545.0000,0.000,213,931577065,0.500,0.000,0.000,NO_BUY,reject=ret cur=0.00 thr=0.15 margin=-0.15 relax=0.00 | all=ret cur=0.00 thr=0.15 margin=-0.15 relax=0.00; ret10 cur=0.00 thr=0.25 margin=-0.25; ret10_non_positive cur=0.00
1772084160.000,233740,CLOSE,20305.0000,0.000,36,171267311,0.500,0.000,0.000,NO_BUY,reject=ret cur=0.00 thr=0.15 margin=-0.15 relax=0.00 | all=ret cur=0.00 thr=0.15 margin=-0.15 relax=0.00; ret10 cur=0.00 thr=0.25 margin=-0.25; ret10_non_positive cur=0.00
1772084161.000,064760,CLOSE,235500.0000,-0.212,19,32780500,0.432,0.213,0.000,NO_BUY,reject=ret cur=-0.21 thr=0.15 margin=-0.36 relax=0.00 | all=ret cur=-0.21 thr=0.15 margin=-0.36 relax=0.00; ret10 cur=-0.21 thr=0.25 margin=-0.46; ret10_non_positive cur=-0.21
1772084163.000,005930,CLOSE,216000.0000,-0.231,145,2358313750,0.471,0.232,0.000,NO_BUY,reject=ret cur=-0.23 thr=0.15 margin=-0.38 relax=0.00 | all=ret cur=-0.23 thr=0.15 margin=-0.38 relax=0.00; ret10 cur=-0.23 thr=0.25 margin=-0.48; ret10_non_positive cur=-0.23
1772084165.000,086520,CLOSE,184900.0000,0.000,19,50648000,0.500,0.000,0.000,NO_BUY,reject=ret cur=0.00 thr=0.15 margin=-0.15 relax=0.00 | all=ret cur=0.00 thr=0.15 margin=-0.15 relax=0.00; ret10 cur=0.00 thr=0.25 margin=-0.25; ret10_non_positive cur=0.00
1772084165.000,035720,CLOSE,61300.0000,-0.163,42,33331750,0.187,0.163,0.000,NO_BUY,reject=ret cur=-0.16 thr=0.15 margin=-0.31 relax=0.00 | all=ret cur=-0.16 thr=0.15 margin=-0.31 relax=0.00; ret10 cur=-0.16 thr=0.25 margin=-0.41; ret10_non_positive cur=-0.16
1772084166.000,066570,CLOSE,146000.0000,0.069,28,31823800,0.500,0.000,0.000,NO_BUY,reject=ret cur=0.07 thr=0.15 margin=-0.08 relax=0.00 | all=ret cur=0.07 thr=0.15 margin=-0.08 relax=0.00; ret10 cur=0.07 thr=0.25 margin=-0.18
1772084166.000,187660,CLOSE,19090.0000,0.157,314,969284330,0.500,0.000,0.000,NO_BUY,reject=ret10 cur=0.16 thr=0.25 margin=-0.09 | all=ret10 cur=0.16 thr=0.25 margin=-0.09
1772084166.000,064400,CLOSE,73700.0000,0.000,14,44001800,0.600,0.136,0.000,NO_BUY,reject=ret cur=0.00 thr=0.15 margin=-0.15 relax=0.00 | all=ret cur=0.00 thr=0.15 margin=-0.15 relax=0.00; ret10 cur=0.00 thr=0.25 margin=-0.25; ret10_non_positive cur=0.00
1772084168.000,336260,CLOSE,40000.0000,0.250,12,64517825,0.500,0.000,0.000,NO_BUY,confirm_wait 0.1s
1772084169.000,124500,CLOSE,60300.0000,0.000,6,14157000,0.500,0.000,0.000,NO_BUY,reject=ret cur=0.00 thr=0.15 margin=-0.15 relax=0.00 | all=ret cur=0.00 thr=0.15 margin=-0.15 relax=0.00; ret10 cur=0.00 thr=0.25 margin=-0.25; ret10_non_positive cur=0.00
1772084169.000,310210,CLOSE,316000.0000,0.158,6,6316500,0.500,0.000,0.000,NO_BUY,reject=ret10 cur=0.16 thr=0.25 margin=-0.09 | all=ret10 cur=0.16 thr=0.25 margin=-0.09
1772084169.000,039030,CLOSE,415500.0000,-0.241,20,78790500,0.090,0.362,0.000,NO_BUY,reject=ret cur=-0.24 thr=0.15 margin=-0.39 relax=0.00 | all=ret cur=-0.24 thr=0.15 margin=-0.39 relax=0.00; ret10 cur=-0.24 thr=0.25 margin=-0.49; ret10_non_positive cur=-0.24
1772084171.000,103590,CLOSE,88100.0000,-0.113,4,5904100,0.718,0.113,0.000,NO_BUY,reject=ret cur=-0.11 thr=0.15 margin=-0.26 relax=0.00 | all=ret cur=-0.11 thr=0.15 margin=-0.26 relax=0.00; ret10 cur=-0.11 thr=0.25 margin=-0.36; ret10_non_positive cur=-0.11
1772084173.000,122630,CLOSE,110910.0000,0.054,36,150699780,0.500,0.000,0.000,NO_BUY,reject=ret cur=0.05 thr=0.15 margin=-0.10 relax=0.00 | all=ret cur=0.05 thr=0.15 margin=-0.10 relax=0.00; ret10 cur=0.05 thr=0.25 margin=-0.20
1772084173.000,058470,CLOSE,105900.0000,-0.094,22,74496700,0.500,0.000,0.000,NO_BUY,reject=ret cur=-0.09 thr=0.15 margin=-0.24 relax=0.00 | all=ret cur=-0.09 thr=0.15 margin=-0.24 relax=0.00; ret10 cur=-0.09 thr=0.25 margin=-0.34; ret10_non_positive cur=-0.09
1772084173.000,229200,CLOSE,20977.0000,0.010,36,68138952,0.500,0.000,0.000,NO_BUY,reject=ret cur=0.01 thr=0.15 margin=-0.14 relax=0.00 | all=ret cur=0.01 thr=0.15 margin=-0.14 relax=0.00; ret10 cur=0.01 thr=0.25 margin=-0.24
1772084174.000,002020,CLOSE,71100.0000,-0.281,23,13028100,0.500,0.000,0.000,NO_BUY,reject=ret cur=-0.28 thr=0.15 margin=-0.43 relax=0.00 | all=ret cur=-0.28 thr=0.15 margin=-0.43 relax=0.00; ret10 cur=-0.28 thr=0.25 margin=-0.53; ret10_non_positive cur=-0.28
1772084174.000,115180,CLOSE,33800.0000,0.148,3,2368150,0.500,0.000,0.000,NO_BUY,reject=ret cur=0.15 thr=0.15 margin=-0.00 relax=0.00 | all=ret cur=0.15 thr=0.15 margin=-0.00 relax=0.00; ticks cur=3 thr=4 margin=-1; ret10 cur=0.15 thr=0.25 margin=-0.10
1772084175.000,035420,CLOSE,260000.0000,-0.192,27,37451500,0.473,0.192,0.000,NO_BUY,reject=ret cur=-0.19 thr=0.15 margin=-0.34 relax=0.00 | all=ret cur=-0.19 thr=0.15 margin=-0.34 relax=0.00; ret10 cur=-0.19 thr=0.25 margin=-0.44; ret10_non_positive cur=-0.19
1772084176.000,161580,CLOSE,54100.0000,0.000,4,43280000,0.500,0.000,0.000,NO_BUY,reject=ret cur=0.00 thr=0.15 margin=-0.15 relax=0.00 | all=ret cur=0.00 thr=0.15 margin=-0.15 relax=0.00; ret10 cur=0.00 thr=0.25 margin=-0.25; ret10_non_positive cur=0.00
1772084179.000,396500,CLOSE,34590.0000,0.087,117,1757564624,0.500,0.000,0.000,NO_BUY,reject=ret cur=0.09 thr=0.15 margin=-0.06 relax=0.00 | all=ret cur=0.09 thr=0.15 margin=-0.06 relax=0.00; ret10 cur=0.09 thr=0.25 margin=-0.16
1772084180.000,233740,CLOSE,20295.0000,-0.025,43,244957602,0.500,0.000,0.000,NO_BUY,reject=ret cur=-0.02 thr=0.15 margin=-0.17 relax=0.00 | all=ret cur=-0.02 thr=0.15 margin=-0.17 relax=0.00; ret10 cur=-0.02 thr=0.25 margin=-0.27; ret10_non_positive cur=-0.02
1772084181.000,036810,CLOSE,41800.0000,0.120,4,1673750,0.500,0.000,0.000,NO_BUY,reject=ret cur=0.12 thr=0.15 margin=-0.03 relax=0.00 | all=ret cur=0.12 thr=0.15 margin=-0.03 relax=0.00; ret10 cur=0.12 thr=0.25 margin=-0.13
1772084181.000,064760,CLOSE,235500.0000,0.000,10,10596500,0.500,0.000,0.000,NO_BUY,reject=ret cur=0.00 thr=0.15 margin=-0.15 relax=0.00 | all=ret cur=0.00 thr=0.15 margin=-0.15 relax=0.00; ret10 cur=0.00 thr=0.25 margin=-0.25; ret10_non_positive cur=0.00
1772084182.000,005830,CLOSE,208500.0000,-0.240,3,5837500,0.093,0.240,0.000,NO_BUY,reject=ret cur=-0.24 thr=0.15 margin=-0.39 relax=0.00 | all=ret cur=-0.24 thr=0.15 margin=-0.39 relax=0.00; ticks cur=3 thr=4 margin=-1; ret10 cur=-0.24 thr=0.25 margin=-0.49; ret10_non_positive cur=-0.24
1772084183.000,005930,CLOSE,216000.0000,0.116,128,826611000,0.473,0.232,0.000,NO_BUY,reject=ret cur=0.12 thr=0.15 margin=-0.03 relax=0.00 | all=ret cur=0.12 thr=0.15 margin=-0.03 relax=0.00; ret10 cur=0.12 thr=0.25 margin=-0.13
1772084183.000,377300,CLOSE,68800.0000,0.000,8,2681200,0.500,0.000,0.000,NO_BUY,reject=ret cur=0.00 thr=0.15 margin=-0.15 relax=0.00 | all=ret cur=0.00 thr=0.15 margin=-0.15 relax=0.00; ret10 cur=0.00 thr=0.25 margin=-0.25; ret10_non_positive cur=0.00
1772084185.000,035720,CLOSE,61300.0000,-0.163,31,58320650,0.187,0.163,0.000,NO_BUY,reject=ret cur=-0.16 thr=0.15 margin=-0.31 relax=0.00 | all=ret cur=-0.16 thr=0.15 margin=-0.31 relax=0.00; ret10 cur=-0.16 thr=0.25 margin=-0.41; ret10_non_positive cur=-0.16
1772084186.000,187660,CLOSE,18950.0000,-0.315,306,787951005,0.500,0.000,0.000,NO_BUY,reject=ret cur=-0.32 thr=0.15 margin=-0.47 relax=0.00 | all=ret cur=-0.32 thr=0.15 margin=-0.47 relax=0.00; ret10 cur=-0.32 thr=0.25 margin=-0.57; ret10_non_positive cur=-0.32
1772084186.000,066570,CLOSE,146000.0000,-0.068,36,187020300,0.500,0.000,0.000,NO_BUY,reject=ret cur=-0.07 thr=0.15 margin=-0.22 relax=0.00 | all=ret cur=-0.07 thr=0.15 margin=-0.22 relax=0.00; ret10 cur=-0.07 thr=0.25 margin=-0.32; ret10_non_positive cur=-0.07
1772084187.000,064400,CLOSE,73800.0000,0.000,12,6343500,0.598,0.136,0.000,NO_BUY,reject=ret cur=0.00 thr=0.15 margin=-0.15 relax=0.00 | all=ret cur=0.00 thr=0.15 margin=-0.15 relax=0.00; ret10 cur=0.00 thr=0.25 margin=-0.25; ret10_non_positive cur=0.00
1772084187.000,086520,CLOSE,184900.0000,0.000,17,16825300,0.500,0.000,0.000,NO_BUY,reject=ret cur=0.00 thr=0.15 margin=-0.15 relax=0.00 | all=ret cur=0.00 thr=0.15 margin=-0.15 relax=0.00; ret10 cur=0.00 thr=0.25 margin=-0.25; ret10_non_positive cur=0.00
1772084188.000,336260,CLOSE,40050.0000,0.250,4,14890700,0.500,0.000,0.000,NO_BUY,confirm_wait 0.1s
1772084188.000,294570,CLOSE,33750.0000,0.000,2,6885000,0.500,0.000,0.000,NO_BUY,reject=ret cur=0.00 thr=0.15 margin=-0.15 relax=0.00 | all=ret cur=0.00 thr=0.15 margin=-0.15 relax=0.00; ticks cur=2 thr=4 margin=-2; ret10 cur=0.00 thr=0.25 margin=-0.25; ret10_non_positive cur=0.00
1772084189.000,039030,CLOSE,415000.0000,0.000,20,58165000,0.099,0.120,0.000,NO_BUY,reject=ret cur=0.00 thr=0.15 margin=-0.15 relax=0.00 | all=ret cur=0.00 thr=0.15 margin=-0.15 relax=0.00; ret10 cur=0.00 thr=0.25 margin=-0.25; ret10_non_positive cur=0.00
1772084189.000,124500,CLOSE,60500.0000,-0.165,3,8214500,0.500,0.000,0.000,NO_BUY,reject=ret cur=-0.17 thr=0.15 margin=-0.32 relax=0.00 | all=ret cur=-0.17 thr=0.15 margin=-0.32 relax=0.00; ticks cur=3 thr=4 margin=-1; ret10 cur=-0.17 thr=0.25 margin=-0.42; ret10_non_positive cur=-0.17
1772084193.000,122630,CLOSE,110865.0000,0.027,20,36581770,0.500,0.000,0.000,NO_BUY,reject=ret cur=0.03 thr=0.15 margin=-0.12 relax=0.00 | all=ret cur=0.03 thr=0.15 margin=-0.12 relax=0.00; ret10 cur=0.03 thr=0.25 margin=-0.22
1772084193.000,229200,CLOSE,20980.0000,0.048,74,228368152,0.500,0.000,0.000,NO_BUY,reject=ret cur=0.05 thr=0.15 margin=-0.10 relax=0.00 | all=ret cur=0.05 thr=0.15 margin=-0.10 relax=0.00; ret10 cur=0.05 thr=0.25 margin=-0.20
1772084193.000,310210,CLOSE,316000.0000,0.158,3,947000,0.500,0.000,0.000,NO_BUY,reject=ticks cur=3 thr=4 margin=-1 | all=ticks cur=3 thr=4 margin=-1; ret10 cur=0.16 thr=0.25 margin=-0.09
1772084194.000,058470,CLOSE,106100.0000,0.000,15,37561400,0.500,0.000,0.000,NO_BUY,reject=ret cur=0.00 thr=0.15 margin=-0.15 relax=0.00 | all=ret cur=0.00 thr=0.15 margin=-0.15 relax=0.00; ret10 cur=0.00 thr=0.25 margin=-0.25; ret10_non_positive cur=0.00
1772084194.000,103590,CLOSE,88200.0000,-0.113,4,9785900,0.715,0.113,0.000,NO_BUY,reject=ret cur=-0.11 thr=0.15 margin=-0.26 relax=0.00 | all=ret cur=-0.11 thr=0.15 margin=-0.26 relax=0.00; ret10 cur=-0.11 thr=0.25 margin=-0.36; ret10_non_positive cur=-0.11
1772084195.000,035420,CLOSE,260000.0000,0.000,24,64483000,0.473,0.192,0.000,NO_BUY,reject=ret cur=0.00 thr=0.15 margin=-0.15 relax=0.00 | all=ret cur=0.00 thr=0.15 margin=-0.15 relax=0.00; ret10 cur=0.00 thr=0.25 margin=-0.25; ret10_non_positive cur=0.00
1772084197.000,161580,CLOSE,54100.0000,0.185,10,2330200,0.500,0.000,0.000,NO_BUY,reject=ret10 cur=0.18 thr=0.25 margin=-0.07 | all=ret10 cur=0.18 thr=0.25 margin=-0.07
1772084199.000,396500,CLOSE,34595.0000,0.043,71,393133300,0.500,0.000,0.000,NO_BUY,reject=ret cur=0.04 thr=0.15 margin=-0.11 relax=0.00 | all=ret cur=0.04 thr=0.15 margin=-0.11 relax=0.00; ret10 cur=0.04 thr=0.25 margin=-0.21
1772084200.000,233740,CLOSE,20310.0000,-0.010,35,164694107,0.500,0.000,0.000,NO_BUY,reject=ret cur=-0.01 thr=0.15 margin=-0.16 relax=0.00 | all=ret cur=-0.01 thr=0.15 margin=-0.16 relax=0.00; ret10 cur=-0.01 thr=0.25 margin=-0.26; ret10_non_positive cur=-0.01
1772084201.000,064760,CLOSE,235000.0000,0.426,7,15033000,0.500,0.000,0.000,NO_BUY,confirm_wait 0.1s
1772084202.000,005830,CLOSE,208500.0000,0.481,16,87796500,0.077,0.240,0.000,NO_BUY,confirm_wait 0.1s
1772084203.000,005930,CLOSE,215500.0000,0.000,125,883950250,0.471,0.232,0.000,NO_BUY,reject=ret cur=0.00 thr=0.15 margin=-0.15 relax=0.00 | all=ret cur=0.00 thr=0.15 margin=-0.15 relax=0.00; ret10 cur=0.00 thr=0.25 margin=-0.25; ret10_non_positive cur=0.00
1772084203.000,377300,CLOSE,68700.0000,0.146,20,15190700,0.500,0.000,0.000,NO_BUY,reject=ret cur=0.15 thr=0.15 margin=-0.00 relax=0.00 | all=ret cur=0.15 thr=0.15 margin=-0.00 relax=0.00; ret10 cur=0.15 thr=0.25 margin=-0.10
1772084205.000,035720,CLOSE,61300.0000,-0.163,28,66180500,0.189,0.163,0.000,NO_BUY,reject=ret cur=-0.16 thr=0.15 margin=-0.31 relax=0.00 | all=ret cur=-0.16 thr=0.15 margin=-0.31 relax=0.00; ret10 cur=-0.16 thr=0.25 margin=-0.41; ret10_non_positive cur=-0.16
1772084205.000,036810,CLOSE,41850.0000,0.360,3,125400,0.500,0.000,0.000,NO_BUY,reject=ticks cur=3 thr=4 margin=-1 | all=ticks cur=3 thr=4 margin=-1
1772084206.000,187660,CLOSE,19070.0000,0.210,151,180403870,0.500,0.000,0.000,NO_BUY,reject=ret10 cur=0.21 thr=0.25 margin=-0.04 | all=ret10 cur=0.21 thr=0.25 margin=-0.04
1772084206.000,066570,CLOSE,146000.0000,-0.068,31,17524700,0.500,0.000,0.000,NO_BUY,reject=ret cur=-0.07 thr=0.15 margin=-0.22 relax=0.00 | all=ret cur=-0.07 thr=0.15 margin=-0.22 relax=0.00; ret10 cur=-0.07 thr=0.25 margin=-0.32; ret10_non_positive cur=-0.07
1772084207.000,086520,CLOSE,185000.0000,-0.054,32,41079800,0.500,0.000,0.000,NO_BUY,reject=ret cur=-0.05 thr=0.15 margin=-0.20 relax=0.00 | all=ret cur=-0.05 thr=0.15 margin=-0.20 relax=0.00; ret10 cur=-0.05 thr=0.25 margin=-0.30; ret10_non_positive cur=-0.05
1772084208.000,064400,CLOSE,73900.0000,0.136,44,85385200,0.567,0.135,0.000,NO_BUY,reject=ret cur=0.14 thr=0.15 margin=-0.01 relax=0.00 | all=ret cur=0.14 thr=0.15 margin=-0.01 relax=0.00; ret10 cur=0.14 thr=0.25 margin=-0.11
1772084208.000,336260,CLOSE,40050.0000,-0.125,8,9689650,0.500,0.000,0.000,NO_BUY,reject=ret cur=-0.12 thr=0.15 margin=-0.27 relax=0.00 | all=ret cur=-0.12 thr=0.15 margin=-0.27 relax=0.00; ret10 cur=-0.12 thr=0.25 margin=-0.37; ret10_non_positive cur=-0.12
1772084212.000,039030,CLOSE,415000.0000,0.241,6,17447000,0.149,0.121,0.000,NO_BUY,reject=ret10 cur=0.24 thr=0.25 margin=-0.01 | all=ret10 cur=0.24 thr=0.25 margin=-0.01
1772084213.000,122630,CLOSE,110910.0000,-0.096,55,309784076,0.500,0.000,0.000,NO_BUY,reject=ret cur=-0.10 thr=0.15 margin=-0.25 relax=0.00 | all=ret cur=-0.10 thr=0.15 margin=-0.25 relax=0.00; ret10 cur=-0.10 thr=0.25 margin=-0.35; ret10_non_positive cur=-0.10
1772084213.000,229200,CLOSE,20980.0000,-0.048,81,361551995,0.500,0.000,0.000,NO_BUY,reject=ret cur=-0.05 thr=0.15 margin=-0.20 relax=0.00 | all=ret cur=-0.05 thr=0.15 margin=-0.20 relax=0.00; ret10 cur=-0.05 thr=0.25 margin=-0.30; ret10_non_positive cur=-0.05
1772084214.000,103590,CLOSE,88100.0000,-0.113,5,11453200,0.679,0.113,0.000,NO_BUY,reject=ret cur=-0.11 thr=0.15 margin=-0.26 relax=0.00 | all=ret cur=-0.11 thr=0.15 margin=-0.26 relax=0.00; ret10 cur=-0.11 thr=0.25 margin=-0.36; ret10_non_positive cur=-0.11
1772084214.000,058470,CLOSE,106000.0000,-0.094,17,32119400,0.500,0.000,0.000,NO_BUY,reject=ret cur=-0.09 thr=0.15 margin=-0.24 relax=0.00 | all=ret cur=-0.09 thr=0.15 margin=-0.24 relax=0.00; ret10 cur=-0.09 thr=0.25 margin=-0.34; ret10_non_positive cur=-0.09
1772084214.000,115180,CLOSE,33850.0000,0.000,3,3684200,0.500,0.000,0.000,NO_BUY,reject=ret cur=0.00 thr=0.15 margin=-0.15 relax=0.00 | all=ret cur=0.00 thr=0.15 margin=-0.15 relax=0.00; ticks cur=3 thr=4 margin=-1; ret10 cur=0.00 thr=0.25 margin=-0.25; ret10_non_positive cur=0.00
1772084215.000,310210,CLOSE,316500.0000,0.000,7,32548000,0.500,0.000,0.000,NO_BUY,reject=ret cur=0.00 thr=0.15 margin=-0.15 relax=0.00 | all=ret cur=0.00 thr=0.15 margin=-0.15 relax=0.00; ret10 cur=0.00 thr=0.25 margin=-0.25; ret10_non_positive cur=0.00
1772084216.000,035420,CLOSE,260000.0000,0.000,31,376746500,0.470,0.192,0.000,NO_BUY,reject=ret cur=0.00 thr=0.15 margin=-0.15 relax=0.00 | all=ret cur=0.00 thr=0.15 margin=-0.15 relax=0.00; ret10 cur=0.00 thr=0.25 margin=-0.25; ret10_non_positive cur=0.00
1772084218.000,124500,CLOSE,60500.0000,0.000,3,14943500,0.500,0.000,0.000,NO_BUY,reject=ret cur=0.00 thr=0.15 margin=-0.15 relax=0.00 | all=ret cur=0.00 thr=0.15 margin=-0.15 relax=0.00; ticks cur=3 thr=4 margin=-1; ret10 cur=0.00 thr=0.25 margin=-0.25; ret10_non_positive cur=0.00
1772084219.000,396500,CLOSE,34575.0000,-0.043,90,290171605,0.500,0.000,0.000,NO_BUY,reject=ret cur=-0.04 thr=0.15 margin=-0.19 relax=0.00 | all=ret cur=-0.04 thr=0.15 margin=-0.19 relax=0.00; ret10 cur=-0.04 thr=0.25 margin=-0.29; ret10_non_positive cur=-0.04
1772084220.000,233740,CLOSE,20305.0000,-0.074,62,152619015,0.500,0.000,0.000,NO_BUY,reject=ret cur=-0.07 thr=0.15 margin=-0.22 relax=0.00 | all=ret cur=-0.07 thr=0.15 margin=-0.22 relax=0.00; ret10 cur=-0.07 thr=0.25 margin=-0.32; ret10_non_positive cur=-0.07
1772084220.000,002020,CLOSE,71000.0000,-0.281,2,142200,0.500,0.000,0.000,NO_BUY,reject=ret cur=-0.28 thr=0.15 margin=-0.43 relax=0.00 | all=ret cur=-0.28 thr=0.15 margin=-0.43 relax=0.00; ticks cur=2 thr=4 margin=-2; ret10 cur=-0.28 thr=0.25 margin=-0.53; ret10_non_positive cur=-0.28
1772084221.000,064760,CLOSE,235500.0000,0.000,2,2826000,0.500,0.000,0.000,NO_BUY,reject=ret cur=0.00 thr=0.15 margin=-0.15 relax=0.00 | all=ret cur=0.00 thr=0.15 margin=-0.15 relax=0.00; ticks cur=2 thr=4 margin=-2; ret10 cur=0.00 thr=0.25 margin=-0.25; ret10_non_positive cur=0.00
1772084222.000,005830,CLOSE,209500.0000,0.481,70,1672438750,0.101,0.239,0.000,NO_BUY,pullback_wait cur=209500.00 peak=209500.00 pb_thr=209081.00 reb_thr=209395.25 pulled=0
1772084223.000,005930,CLOSE,215750.0000,0.000,119,1052449250,0.472,0.232,0.000,NO_BUY,reject=ret cur=0.00 thr=0.15 margin=-0.15 relax=0.00 | all=ret cur=0.00 thr=0.15 margin=-0.15 relax=0.00; ret10 cur=0.00 thr=0.25 margin=-0.25; ret10_non_positive cur=0.00
1772084225.000,035720,CLOSE,61400.0000,0.163,34,32339100,0.188,0.163,0.000,NO_BUY,reject=ret10 cur=0.16 thr=0.25 margin=-0.09 | all=ret10 cur=0.16 thr=0.25 margin=-0.09
1772084225.000,377300,CLOSE,68700.0000,0.000,7,46184100,0.500,0.000,0.000,NO_BUY,reject=ret cur=0.00 thr=0.15 margin=-0.15 relax=0.00 | all=ret cur=0.00 thr=0.15 margin=-0.15 relax=0.00; ret10 cur=0.00 thr=0.25 margin=-0.25; ret10_non_positive cur=0.00
1772084225.000,036810,CLOSE,41700.0000,0.120,6,14566750,0.500,0.000,0.000,NO_BUY,reject=ret cur=0.12 thr=0.15 margin=-0.03 relax=0.00 | all=ret cur=0.12 thr=0.15 margin=-0.03 relax=0.00; ret10 cur=0.12 thr=0.25 margin=-0.13
1772084226.000,001500,CLOSE,13350.0000,-0.075,2,1281670,0.500,0.000,0.000,NO_BUY,reject=ret cur=-0.07 thr=0.15 margin=-0.22 relax=0.00 | all=ret cur=-0.07 thr=0.15 margin=-0.22 relax=0.00; ticks cur=2 thr=4 margin=-2; ret10 cur=-0.07 thr=0.25 margin=-0.32; ret10_non_positive cur=-0.07
1772084226.000,187660,CLOSE,19200.0000,0.576,219,1006906250,0.500,0.000,0.000,NO_BUY,pullback_wait cur=19200.00 peak=19200.00 pb_thr=19161.60 reb_thr=19190.40 pulled=0
1772084226.000,066570,CLOSE,146000.0000,0.068,40,213746400,0.500,0.000,0.000,NO_BUY,reject=ret cur=0.07 thr=0.15 margin=-0.08 relax=0.00 | all=ret cur=0.07 thr=0.15 margin=-0.08 relax=0.00; ret10 cur=0.07 thr=0.25 margin=-0.18
1772084227.000,086520,CLOSE,184800.0000,-0.108,63,497853900,0.500,0.000,0.000,NO_BUY,reject=ret cur=-0.11 thr=0.15 margin=-0.26 relax=0.00 | all=ret cur=-0.11 thr=0.15 margin=-0.26 relax=0.00; ret10 cur=-0.11 thr=0.25 margin=-0.36; ret10_non_positive cur=-0.11
1772084228.000,064400,CLOSE,73800.0000,0.000,7,5312100,0.602,0.136,0.000,NO_BUY,reject=ret cur=0.00 thr=0.15 margin=-0.15 relax=0.00 | all=ret cur=0.00 thr=0.15 margin=-0.15 relax=0.00; ret10 cur=0.00 thr=0.25 margin=-0.25; ret10_non_positive cur=0.00
1772084228.000,336260,CLOSE,40050.0000,-0.249,6,19996750,0.500,0.000,0.000,NO_BUY,reject=ret cur=-0.25 thr=0.15 margin=-0.40 relax=0.00 | all=ret cur=-0.25 thr=0.15 margin=-0.40 relax=0.00; ret10 cur=-0.25 thr=0.25 margin=-0.50; ret10_non_positive cur=-0.25
1772084229.000,102940,CLOSE,65300.0000,0.306,2,326900,0.500,0.000,0.000,NO_BUY,reject=ticks cur=2 thr=4 margin=-2 | all=ticks cur=2 thr=4 margin=-2
1772084233.000,122630,CLOSE,110890.0000,0.009,41,474731025,0.500,0.000,0.000,NO_BUY,reject=ret cur=0.01 thr=0.15 margin=-0.14 relax=0.00 | all=ret cur=0.01 thr=0.15 margin=-0.14 relax=0.00; ret10 cur=0.01 thr=0.25 margin=-0.24
1772084233.000,229200,CLOSE,20970.0000,-0.024,110,511957365,0.500,0.000,0.000,NO_BUY,reject=ret cur=-0.02 thr=0.15 margin=-0.17 relax=0.00 | all=ret cur=-0.02 thr=0.15 margin=-0.17 relax=0.00; ret10 cur=-0.02 thr=0.25 margin=-0.27; ret10_non_positive cur=-0.02
1772084233.000,039030,CLOSE,414500.0000,-0.120,17,133723500,0.081,0.121,0.000,NO_BUY,reject=ret cur=-0.12 thr=0.15 margin=-0.27 relax=0.00 | all=ret cur=-0.12 thr=0.15 margin=-0.27 relax=0.00; ret10 cur=-0.12 thr=0.25 margin=-0.37; ret10_non_positive cur=-0.12
1772084234.000,058470,CLOSE,105900.0000,0.000,9,28276400,0.500,0.000,0.000,NO_BUY,reject=ret cur=0.00 thr=0.15 margin=-0.15 relax=0.00 | all=ret cur=0.00 thr=0.15 margin=-0.15 relax=0.00; ret10 cur=0.00 thr=0.25 margin=-0.25; ret10_non_positive cur=0.00
1772084234.000,103590,CLOSE,88100.0000,-0.113,12,43874900,0.721,0.114,0.000,NO_BUY,reject=ret cur=-0.11 thr=0.15 margin=-0.26 relax=0.00 | all=ret cur=-0.11 thr=0.15 margin=-0.26 relax=0.00; ret10 cur=-0.11 thr=0.25 margin=-0.36; ret10_non_positive cur=-0.11
1772084236.000,310210,CLOSE,316000.0000,0.158,2,1896500,0.500,0.000,0.000,NO_BUY,reject=ticks cur=2 thr=4 margin=-2 | all=ticks cur=2 thr=4 margin=-2; ret10 cur=0.16 thr=0.25 margin=-0.09
1772084236.000,035420,CLOSE,260500.0000,0.000,28,67345000,0.469,0.192,0.000,NO_BUY,reject=ret cur=0.00 thr=0.15 margin=-0.15 relax=0.00 | all=ret cur=0.00 thr=0.15 margin=-0.15 relax=0.00; ret10 cur=0.00 thr=0.25 margin=-0.25; ret10_non_positive cur=0.00
1772084239.000,396500,CLOSE,34540.0000,-0.101,207,1852126613,0.500,0.000,0.000,NO_BUY,reject=ret cur=-0.10 thr=0.15 margin=-0.25 relax=0.00 | all=ret cur=-0.10 thr=0.15 margin=-0.25 relax=0.00; ret10 cur=-0.10 thr=0.25 margin=-0.35; ret10_non_positive cur=-0.10
1772084240.000,124500,CLOSE,60400.0000,-0.165,3,665400,0.500,0.000,0.000,NO_BUY,reject=ret cur=-0.17 thr=0.15 margin=-0.32 relax=0.00 | all=ret cur=-0.17 thr=0.15 margin=-0.32 relax=0.00; ticks cur=3 thr=4 margin=-1; ret10 cur=-0.17 thr=0.25 margin=-0.42; ret10_non_positive cur=-0.17
1772084240.000,002020,CLOSE,71200.0000,0.282,5,1065800,0.500,0.000,0.000,NO_BUY,confirm_wait 0.1s
1772084240.000,233740,CLOSE,20280.0000,-0.099,303,1617694557,0.500,0.000,0.000,NO_BUY,reject=ret cur=-0.10 thr=0.15 margin=-0.25 relax=0.00 | all=ret cur=-0.10 thr=0.15 margin=-0.25 relax=0.00; ret10 cur=-0.10 thr=0.25 margin=-0.35; ret10_non_positive cur=-0.10
1772084242.000,064760,CLOSE,234500.0000,-0.213,10,18592500,0.500,0.000,0.000,NO_BUY,reject=ret cur=-0.21 thr=0.15 margin=-0.36 relax=0.00 | all=ret cur=-0.21 thr=0.15 margin=-0.36 relax=0.00; ret10 cur=-0.21 thr=0.25 margin=-0.46; ret10_non_positive cur=-0.21
1772084242.000,005830,CLOSE,210000.0000,0.239,6,14274000,0.185,0.238,0.000,NO_BUY,reject=ret10 cur=0.24 thr=0.25 margin=-0.01 | all=ret10 cur=0.24 thr=0.25 margin=-0.01
1772084243.000,005930,CLOSE,216000.0000,0.000,125,2167436750,0.471,0.232,0.000,NO_BUY,reject=ret cur=0.00 thr=0.15 margin=-0.15 relax=0.00 | all=ret cur=0.00 thr=0.15 margin=-0.15 relax=0.00; ret10 cur=0.00 thr=0.25 margin=-0.25; ret10_non_positive cur=0.00
1772084245.000,035720,CLOSE,61300.0000,-0.163,26,195238600,0.185,0.163,0.000,NO_BUY,reject=ret cur=-0.16 thr=0.15 margin=-0.31 relax=0.00 | all=ret cur=-0.16 thr=0.15 margin=-0.31 relax=0.00; ret10 cur=-0.16 thr=0.25 margin=-0.41; ret10_non_positive cur=-0.16
1772084245.000,377300,CLOSE,68700.0000,0.000,16,6800400,0.500,0.000,0.000,NO_BUY,reject=ret cur=0.00 thr=0.15 margin=-0.15 relax=0.00 | all=ret cur=0.00 thr=0.15 margin=-0.15 relax=0.00; ret10 cur=0.00 thr=0.25 margin=-0.25; ret10_non_positive cur=0.00
1772084245.000,036810,CLOSE,41700.0000,0.000,4,1043750,0.500,0.000,0.000,NO_BUY,reject=ret cur=0.00 thr=0.15 margin=-0.15 relax=0.00 | all=ret cur=0.00 thr=0.15 margin=-0.15 relax=0.00; ret10 cur=0.00 thr=0.25 margin=-0.25; ret10_non_positive cur=0.00
1772084246.000,066570,CLOSE,146000.0000,0.068,31,16361600,0.500,0.000,0.000,NO_BUY,reject=ret cur=0.07 thr=0.15 margin=-0.08 relax=0.00 | all=ret cur=0.07 thr=0.15 margin=-0.08 relax=0.00; ret10 cur=0.07 thr=0.25 margin=-0.18
1772084246.000,187660,CLOSE,19290.0000,0.469,296,731745445,0.500,0.000,0.000,NO_BUY,pullback_wait cur=19290.00 peak=19300.00 pb_thr=19261.40 reb_thr=19290.35 pulled=0
1772084247.000,086520,CLOSE,184400.0000,-0.108,111,443077900,0.500,0.000,0.000,NO_BUY,reject=ret cur=-0.11 thr=0.15 margin=-0.26 relax=0.00 | all=ret cur=-0.11 thr=0.15 margin=-0.26 relax=0.00; ret10 cur=-0.11 thr=0.25 margin=-0.36; ret10_non_positive cur=-0.11
1772084249.000,336260,CLOSE,40050.0000,0.125,4,10212800,0.500,0.000,0.000,NO_BUY,reject=ret cur=0.12 thr=0.15 margin=-0.03 relax=0.00 | all=ret cur=0.12 thr=0.15 margin=-0.03 relax=0.00; ret10 cur=0.12 thr=0.25 margin=-0.13
1772084250.000,064400,CLOSE,73800.0000,0.136,14,30601300,0.601,0.136,0.000,NO_BUY,reject=ret cur=0.14 thr=0.15 margin=-0.01 relax=0.00 | all=ret cur=0.14 thr=0.15 margin=-0.01 relax=0.00; ret10 cur=0.14 thr=0.25 margin=-0.11
1772084250.000,001500,CLOSE,13340.0000,-0.075,2,2094750,0.500,0.000,0.000,NO_BUY,reject=ret cur=-0.07 thr=0.15 margin=-0.22 relax=0.00 | all=ret cur=-0.07 thr=0.15 margin=-0.22 relax=0.00; ticks cur=2 thr=4 margin=-2; ret10 cur=-0.07 thr=0.25 margin=-0.32; ret10_non_positive cur=-0.07
1772084253.000,229200,CLOSE,20960.0000,0.024,72,558070490,0.500,0.000,0.000,NO_BUY,reject=ret cur=0.02 thr=0.15 margin=-0.13 relax=0.00 | all=ret cur=0.02 thr=0.15 margin=-0.13 relax=0.00; ret10 cur=0.02 thr=0.25 margin=-0.23
1772084253.000,122630,CLOSE,110760.0000,-0.036,98,837509310,0.500,0.000,0.000,NO_BUY,reject=ret cur=-0.04 thr=0.15 margin=-0.19 relax=0.00 | all=ret cur=-0.04 thr=0.15 margin=-0.19 relax=0.00; ret10 cur=-0.04 thr=0.25 margin=-0.29; ret10_non_positive cur=-0.04
1772084254.000,058470,CLOSE,105750.0000,0.095,15,62993200,0.500,0.000,0.000,NO_BUY,reject=ret cur=0.09 thr=0.15 margin=-0.06 relax=0.00 | all=ret cur=0.09 thr=0.15 margin=-0.06 relax=0.00; ret10 cur=0.09 thr=0.25 margin=-0.16
1772084255.000,039030,CLOSE,414000.0000,0.000,13,34399500,0.119,0.121,0.000,NO_BUY,reject=ret cur=0.00 thr=0.15 margin=-0.15 relax=0.00 | all=ret cur=0.00 thr=0.15 margin=-0.15 relax=0.00; ret10 cur=0.00 thr=0.25 margin=-0.25; ret10_non_positive cur=0.00
1772084256.000,035420,CLOSE,260000.0000,0.000,40,91995500,0.526,0.192,0.000,NO_BUY,reject=ret cur=0.00 thr=0.15 margin=-0.15 relax=0.00 | all=ret cur=0.00 thr=0.15 margin=-0.15 relax=0.00; ret10 cur=0.00 thr=0.25 margin=-0.25; ret10_non_positive cur=0.00
1772084257.000,310210,CLOSE,316000.0000,-0.158,3,948500,0.500,0.000,0.000,NO_BUY,reject=ret cur=-0.16 thr=0.15 margin=-0.31 relax=0.00 | all=ret cur=-0.16 thr=0.15 margin=-0.31 relax=0.00; ticks cur=3 thr=4 margin=-1; ret10 cur=-0.16 thr=0.25 margin=-0.41; ret10_non_positive cur=-0.16
1772084257.000,103590,CLOSE,88100.0000,0.000,2,616700,0.725,0.114,0.000,NO_BUY,reject=ret cur=0.00 thr=0.15 margin=-0.15 relax=0.00 | all=ret cur=0.00 thr=0.15 margin=-0.15 relax=0.00; ticks cur=2 thr=4 margin=-2; ret10 cur=0.00 thr=0.25 margin=-0.25; ret10_non_positive cur=0.00
1772084259.000,396500,CLOSE,34535.0000,0.029,84,930961775,0.500,0.000,0.000,NO_BUY,reject=ret cur=0.03 thr=0.15 margin=-0.12 relax=0.00 | all=ret cur=0.03 thr=0.15 margin=-0.12 relax=0.00; ret10 cur=0.03 thr=0.25 margin=-0.22
1772084259.000,102940,CLOSE,65500.0000,-0.153,2,392500,0.500,0.000,0.000,NO_BUY,reject=ret cur=-0.15 thr=0.15 margin=-0.30 relax=0.00 | all=ret cur=-0.15 thr=0.15 margin=-0.30 relax=0.00; ticks cur=2 thr=4 margin=-2; ret10 cur=-0.15 thr=0.25 margin=-0.40; ret10_non_positive cur=-0.15
1772084260.000,233740,CLOSE,20270.0000,-0.035,130,426463700,0.500,0.000,0.000,NO_BUY,reject=ret cur=-0.03 thr=0.15 margin=-0.18 relax=0.00 | all=ret cur=-0.03 thr=0.15 margin=-0.18 relax=0.00; ret10 cur=-0.03 thr=0.25 margin=-0.28; ret10_non_positive cur=-0.03
1772084262.000,005830,CLOSE,210500.0000,0.238,94,967325500,0.400,0.237,0.000,NO_BUY,reject=ret10 cur=0.24 thr=0.25 margin=-0.01 | all=ret10 cur=0.24 thr=0.25 margin=-0.01
1772084263.000,005930,CLOSE,215750.0000,-0.116,145,1199108500,0.470,0.232,0.000,NO_BUY,reject=ret cur=-0.12 thr=0.15 margin=-0.27 relax=0.00 | all=ret cur=-0.12 thr=0.15 margin=-0.27 relax=0.00; ret10 cur=-0.12 thr=0.25 margin=-0.37; ret10_non_positive cur=-0.12
1772084265.000,064760,CLOSE,235500.0000,0.426,2,2118500,0.500,0.000,0.000,NO_BUY,reject=ticks cur=2 thr=4 margin=-2 | all=ticks cur=2 thr=4 margin=-2
1772084265.000,035720,CLOSE,61300.0000,0.163,41,57733900,0.185,0.163,0.000,NO_BUY,reject=ret10 cur=0.16 thr=0.25 margin=-0.09 | all=ret10 cur=0.16 thr=0.25 margin=-0.09
1772084265.000,036810,CLOSE,41750.0000,0.120,8,5264950,0.500,0.000,0.000,NO_BUY,reject=ret cur=0.12 thr=0.15 margin=-0.03 relax=0.00 | all=ret cur=0.12 thr=0.15 margin=-0.03 relax=0.00; ret10 cur=0.12 thr=0.25 margin=-0.13
1772084265.000,377300,CLOSE,68600.0000,0.000,14,25297000,0.500,0.000,0.000,NO_BUY,reject=ret cur=0.00 thr=0.15 margin=-0.15 relax=0.00 | all=ret cur=0.00 thr=0.15 margin=-0.15 relax=0.00; ret10 cur=0.00 thr=0.25 margin=-0.25; ret10_non_positive cur=0.00
1772084266.000,066570,CLOSE,146100.0000,0.000,63,379280300,0.500,0.000,0.000,NO_BUY,reject=ret cur=0.00 thr=0.15 margin=-0.15 relax=0.00 | all=ret cur=0.00 thr=0.15 margin=-0.15 relax=0.00; ret10 cur=0.00 thr=0.25 margin=-0.25; ret10_non_positive cur=0.00
1772084266.000,187660,CLOSE,19400.0000,0.155,322,1015225330,0.500,0.000,0.000,NO_BUY,reject=ret10 cur=0.15 thr=0.25 margin=-0.10 | all=ret10 cur=0.15 thr=0.25 margin=-0.10
1772084268.000,086520,CLOSE,184300.0000,-0.054,28,239046900,0.500,0.000,0.000,NO_BUY,reject=ret cur=-0.05 thr=0.15 margin=-0.20 relax=0.00 | all=ret cur=-0.05 thr=0.15 margin=-0.20 relax=0.00; ret10 cur=-0.05 thr=0.25 margin=-0.30; ret10_non_positive cur=-0.05
1772084269.000,336260,CLOSE,40050.0000,0.000,7,11054150,0.500,0.000,0.000,NO_BUY,reject=ret cur=0.00 thr=0.15 margin=-0.15 relax=0.00 | all=ret cur=0.00 thr=0.15 margin=-0.15 relax=0.00; ret10 cur=0.00 thr=0.25 margin=-0.25; ret10_non_positive cur=0.00
1772084270.000,124500,CLOSE,60400.0000,0.000,2,9845200,0.500,0.000,0.000,NO_BUY,reject=ret cur=0.00 thr=0.15 margin=-0.15 relax=0.00 | all=ret cur=0.00 thr=0.15 margin=-0.15 relax=0.00; ticks cur=2 thr=4 margin=-2; ret10 cur=0.00 thr=0.25 margin=-0.25; ret10_non_positive cur=0.00
1772084271.000,001500,CLOSE,13340.0000,0.075,4,7481510,0.500,0.000,0.000,NO_BUY,reject=ret cur=0.08 thr=0.15 margin=-0.07 relax=0.00 | all=ret cur=0.08 thr=0.15 margin=-0.07 relax=0.00; ret10 cur=0.08 thr=0.25 margin=-0.17
1772084271.000,064400,CLOSE,73800.0000,0.136,25,23097000,0.572,0.135,0.000,NO_BUY,reject=ret cur=0.14 thr=0.15 margin=-0.01 relax=0.00 | all=ret cur=0.14 thr=0.15 margin=-0.01 relax=0.00; ret10 cur=0.14 thr=0.25 margin=-0.11
1772084273.000,122630,CLOSE,110800.0000,0.054,54,439377635,0.500,0.000,0.000,NO_BUY,reject=ret cur=0.05 thr=0.15 margin=-0.10 relax=0.00 | all=ret cur=0.05 thr=0.15 margin=-0.10 relax=0.00; ret10 cur=0.05 thr=0.25 margin=-0.20
1772084273.000,229200,CLOSE,20965.0000,0.048,73,720797535,0.500,0.000,0.000,NO_BUY,reject=ret cur=0.05 thr=0.15 margin=-0.10 relax=0.00 | all=ret cur=0.05 thr=0.15 margin=-0.10 relax=0.00; ret10 cur=0.05 thr=0.25 margin=-0.20
1772084275.000,039030,CLOSE,414000.0000,-0.121,10,20287000,0.149,0.121,0.000,NO_BUY,reject=ret cur=-0.12 thr=0.15 margin=-0.27 relax=0.00 | all=ret cur=-0.12 thr=0.15 margin=-0.27 relax=0.00; ret10 cur=-0.12 thr=0.25 margin=-0.37; ret10_non_positive cur=-0.12
1772084275.000,058470,CLOSE,105800.0000,0.000,36,58179600,0.500,0.000,0.000,NO_BUY,reject=ret cur=0.00 thr=0.15 margin=-0.15 relax=0.00 | all=ret cur=0.00 thr=0.15 margin=-0.15 relax=0.00; ret10 cur=0.00 thr=0.25 margin=-0.25; ret10_non_positive cur=0.00
1772084276.000,035420,CLOSE,259500.0000,0.193,25,65492250,0.559,0.192,0.000,NO_BUY,reject=ret10 cur=0.19 thr=0.25 margin=-0.06 | all=ret10 cur=0.19 thr=0.25 margin=-0.06
1772084278.000,103590,CLOSE,88100.0000,0.000,5,3524000,0.725,0.114,0.000,NO_BUY,reject=ret cur=0.00 thr=0.15 margin=-0.15 relax=0.00 | all=ret cur=0.00 thr=0.15 margin=-0.15 relax=0.00; ret10 cur=0.00 thr=0.25 margin=-0.25; ret10_non_positive cur=0.00
1772084279.000,396500,CLOSE,34515.0000,-0.087,236,647430135,0.500,0.000,0.000,NO_BUY,reject=ret cur=-0.09 thr=0.15 margin=-0.24 relax=0.00 | all=ret cur=-0.09 thr=0.15 margin=-0.24 relax=0.00; ret10 cur=-0.09 thr=0.25 margin=-0.34; ret10_non_positive cur=-0.09
1772084279.000,002020,CLOSE,71100.0000,0.000,2,142200,0.500,0.000,0.000,NO_BUY,reject=ret cur=0.00 thr=0.15 margin=-0.15 relax=0.00 | all=ret cur=0.00 thr=0.15 margin=-0.15 relax=0.00; ticks cur=2 thr=4 margin=-2; ret10 cur=0.00 thr=0.25 margin=-0.25; ret10_non_positive cur=0.00
1772084280.000,233740,CLOSE,20275.0000,-0.025,40,303534020,0.500,0.000,0.000,NO_BUY,reject=ret cur=-0.02 thr=0.15 margin=-0.17 relax=0.00 | all=ret cur=-0.02 thr=0.15 margin=-0.17 relax=0.00; ret10 cur=-0.02 thr=0.25 margin=-0.27; ret10_non_positive cur=-0.02
1772084280.000,310210,CLOSE,316000.0000,0.000,5,9178000,0.500,0.000,0.000,NO_BUY,reject=ret cur=0.00 thr=0.15 margin=-0.15 relax=0.00 | all=ret cur=0.00 thr=0.15 margin=-0.15 relax=0.00; ret10 cur=0.00 thr=0.25 margin=-0.25; ret10_non_positive cur=0.00
1772084280.000,102940,CLOSE,65500.0000,0.000,2,327500,0.500,0.000,0.000,NO_BUY,reject=ret cur=0.00 thr=0.15 margin=-0.15 relax=0.00 | all=ret cur=0.00 thr=0.15 margin=-0.15 relax=0.00; ticks cur=2 thr=4 margin=-2; ret10 cur=0.00 thr=0.25 margin=-0.25; ret10_non_positive cur=0.00
1772084282.000,005830,CLOSE,210500.0000,0.238,31,221163500,0.345,0.238,0.000,NO_BUY,reject=ret10 cur=0.24 thr=0.25 margin=-0.01 | all=ret10 cur=0.24 thr=0.25 margin=-0.01
1772084283.000,005930,CLOSE,215500.0000,-0.116,154,1405731500,0.476,0.232,0.000,NO_BUY,reject=ret cur=-0.12 thr=0.15 margin=-0.27 relax=0.00 | all=ret cur=-0.12 thr=0.15 margin=-0.27 relax=0.00; ret10 cur=-0.12 thr=0.25 margin=-0.37; ret10_non_positive cur=-0.12
1772084285.000,035720,CLOSE,61300.0000,0.000,20,43893400,0.183,0.163,0.000,NO_BUY,reject=ret cur=0.00 thr=0.15 margin=-0.15 relax=0.00 | all=ret cur=0.00 thr=0.15 margin=-0.15 relax=0.00; ret10 cur=0.00 thr=0.25 margin=-0.25; ret10_non_positive cur=0.00
1772084285.000,036810,CLOSE,41750.0000,0.120,6,3680800,0.500,0.000,0.000,NO_BUY,reject=ret cur=0.12 thr=0.15 margin=-0.03 relax=0.00 | all=ret cur=0.12 thr=0.15 margin=-0.03 relax=0.00; ret10 cur=0.12 thr=0.25 margin=-0.13
1772084286.000,187660,CLOSE,19480.0000,0.360,269,765712245,0.500,0.000,0.000,NO_BUY,pullback_wait cur=19480.00 peak=19490.00 pb_thr=19451.02 reb_thr=19480.26 pulled=1
1772084286.000,066570,CLOSE,145950.0000,0.000,17,15468000,0.500,0.000,0.000,NO_BUY,reject=ret cur=0.00 thr=0.15 margin=-0.15 relax=0.00 | all=ret cur=0.00 thr=0.15 margin=-0.15 relax=0.00; ret10 cur=0.00 thr=0.25 margin=-0.25; ret10_non_positive cur=0.00
1772084286.000,064760,CLOSE,234500.0000,-0.424,7,20696000,0.500,0.000,0.000,NO_BUY,reject=ret cur=-0.42 thr=0.15 margin=-0.57 relax=0.00 | all=ret cur=-0.42 thr=0.15 margin=-0.57 relax=0.00; ret10 cur=-0.42 thr=0.25 margin=-0.67; ret10_non_positive cur=-0.42
1772084288.000,086520,CLOSE,184400.0000,0.000,28,41107100,0.500,0.000,0.000,NO_BUY,reject=ret cur=0.00 thr=0.15 margin=-0.15 relax=0.00 | all=ret cur=0.00 thr=0.15 margin=-0.15 relax=0.00; ret10 cur=0.00 thr=0.25 margin=-0.25; ret10_non_positive cur=0.00
1772084289.000,336260,CLOSE,39950.0000,0.000,17,9719900,0.500,0.000,0.000,NO_BUY,reject=ret cur=0.00 thr=0.15 margin=-0.15 relax=0.00 | all=ret cur=0.00 thr=0.15 margin=-0.15 relax=0.00; ret10 cur=0.00 thr=0.25 margin=-0.25; ret10_non_positive cur=0.00
1772084289.000,377300,CLOSE,68700.0000,0.000,12,4053300,0.500,0.000,0.000,NO_BUY,reject=ret cur=0.00 thr=0.15 margin=-0.15 relax=0.00 | all=ret cur=0.00 thr=0.15 margin=-0.15 relax=0.00; ret10 cur=0.00 thr=0.25 margin=-0.25; ret10_non_positive cur=0.00
1772084291.000,064400,CLOSE,73700.0000,-0.136,6,4056600,0.608,0.136,0.000,NO_BUY,reject=ret cur=-0.14 thr=0.15 margin=-0.29 relax=0.00 | all=ret cur=-0.14 thr=0.15 margin=-0.29 relax=0.00; ret10 cur=-0.14 thr=0.25 margin=-0.39; ret10_non_positive cur=-0.14
1772084293.000,229200,CLOSE,20960.0000,0.024,82,163233365,0.500,0.000,0.000,NO_BUY,reject=ret cur=0.02 thr=0.15 margin=-0.13 relax=0.00 | all=ret cur=0.02 thr=0.15 margin=-0.13 relax=0.00; ret10 cur=0.02 thr=0.25 margin=-0.23
1772084293.000,122630,CLOSE,110870.0000,0.041,46,213818205,0.500,0.000,0.000,NO_BUY,reject=ret cur=0.04 thr=0.15 margin=-0.11 relax=0.00 | all=ret cur=0.04 thr=0.15 margin=-0.11 relax=0.00; ret10 cur=0.04 thr=0.25 margin=-0.21
1772084295.000,039030,CLOSE,414000.0000,0.121,7,6200000,0.140,0.363,0.000,NO_BUY,reject=ret cur=0.12 thr=0.15 margin=-0.03 relax=0.00 | all=ret cur=0.12 thr=0.15 margin=-0.03 relax=0.00; ret10 cur=0.12 thr=0.25 margin=-0.13
1772084295.000,058470,CLOSE,105600.0000,-0.189,24,66422000,0.500,0.000,0.000,NO_BUY,reject=ret cur=-0.19 thr=0.15 margin=-0.34 relax=0.00 | all=ret cur=-0.19 thr=0.15 margin=-0.34 relax=0.00; ret10 cur=-0.19 thr=0.25 margin=-0.44; ret10_non_positive cur=-0.19
1772084296.000,035420,CLOSE,259750.0000,0.000,26,36869500,0.557,0.192,0.000,NO_BUY,reject=ret cur=0.00 thr=0.15 margin=-0.15 relax=0.00 | all=ret cur=0.00 thr=0.15 margin=-0.15 relax=0.00; ret10 cur=0.00 thr=0.25 margin=-0.25; ret10_non_positive cur=0.00
1772084297.000,001500,CLOSE,13350.0000,0.075,3,533700,0.500,0.000,0.000,NO_BUY,reject=ret cur=0.07 thr=0.15 margin=-0.08 relax=0.00 | all=ret cur=0.07 thr=0.15 margin=-0.08 relax=0.00; ticks cur=3 thr=4 margin=-1; ret10 cur=0.07 thr=0.25 margin=-0.18
1772084298.000,103590,CLOSE,88100.0000,0.000,6,2554900,0.691,0.227,0.000,NO_BUY,reject=ret cur=0.00 thr=0.15 margin=-0.15 relax=0.00 | all=ret cur=0.00 thr=0.15 margin=-0.15 relax=0.00; ret10 cur=0.00 thr=0.25 margin=-0.25; ret10_non_positive cur=0.00
1772084299.000,396500,CLOSE,34505.0000,0.029,121,1159776400,0.500,0.000,0.000,NO_BUY,reject=ret cur=0.03 thr=0.15 margin=-0.12 relax=0.00 | all=ret cur=0.03 thr=0.15 margin=-0.12 relax=0.00; ret10 cur=0.03 thr=0.25 margin=-0.22
1772084300.000,233740,CLOSE,20270.0000,0.025,49,154822140,0.500,0.000,0.000,NO_BUY,reject=ret cur=0.02 thr=0.15 margin=-0.13 relax=0.00 | all=ret cur=0.02 thr=0.15 margin=-0.13 relax=0.00; ret10 cur=0.02 thr=0.25 margin=-0.23
1772084301.000,002020,CLOSE,71100.0000,0.000,3,355500,0.500,0.000,0.000,NO_BUY,reject=ret cur=0.00 thr=0.15 margin=-0.15 relax=0.00 | all=ret cur=0.00 thr=0.15 margin=-0.15 relax=0.00; ticks cur=3 thr=4 margin=-1; ret10 cur=0.00 thr=0.25 margin=-0.25; ret10_non_positive cur=0.00
1772084301.000,310210,CLOSE,315000.0000,-0.474,22,87498000,0.500,0.000,0.000,NO_BUY,reject=ret cur=-0.47 thr=0.15 margin=-0.62 relax=0.00 | all=ret cur=-0.47 thr=0.15 margin=-0.62 relax=0.00; ret10 cur=-0.47 thr=0.25 margin=-0.72; ret10_non_positive cur=-0.47
1772084302.000,005830,CLOSE,210000.0000,0.475,31,369355500,0.357,0.712,0.000,NO_BUY,confirm_wait 0.1s
1772084303.000,005930,CLOSE,216000.0000,0.000,147,1145719750,0.476,0.232,0.000,NO_BUY,reject=ret cur=0.00 thr=0.15 margin=-0.15 relax=0.00 | all=ret cur=0.00 thr=0.15 margin=-0.15 relax=0.00; ret10 cur=0.00 thr=0.25 margin=-0.25; ret10_non_positive cur=0.00
1772084305.000,035720,CLOSE,61400.0000,-0.163,42,198598150,0.182,0.163,0.000,NO_BUY,reject=ret cur=-0.16 thr=0.15 margin=-0.31 relax=0.00 | all=ret cur=-0.16 thr=0.15 margin=-0.31 relax=0.00; ret10 cur=-0.16 thr=0.25 margin=-0.41; ret10_non_positive cur=-0.16
1772084306.000,187660,CLOSE,19660.0000,0.614,374,790929285,0.500,0.000,0.000,NO_BUY,reject=orderbook_stale age=1772084306.00s max=1.00s | all=orderbook_stale age=1772084306.00s max=1.00s
1772084306.000,066570,CLOSE,145900.0000,0.000,51,174340600,0.500,0.000,0.000,NO_BUY,reject=ret cur=0.00 thr=0.15 margin=-0.15 relax=0.00 | all=ret cur=0.00 thr=0.15 margin=-0.15 relax=0.00; ret10 cur=0.00 thr=0.25 margin=-0.25; ret10_non_positive cur=0.00
1772084306.000,064760,CLOSE,235500.0000,-0.213,6,11269000,0.500,0.000,0.000,NO_BUY,reject=ret cur=-0.21 thr=0.15 margin=-0.36 relax=0.00 | all=ret cur=-0.21 thr=0.15 margin=-0.36 relax=0.00; ret10 cur=-0.21 thr=0.25 margin=-0.46; ret10_non_positive cur=-0.21
1772084307.000,009900,CLOSE,11620.0000,0.000,2,2010260,0.500,0.000,0.000,NO_BUY,reject=ret cur=0.00 thr=0.15 margin=-0.15 relax=0.00 | all=ret cur=0.00 thr=0.15 margin=-0.15 relax=0.00; ticks cur=2 thr=4 margin=-2; ret10 cur=0.00 thr=0.25 margin=-0.25; ret10_non_positive cur=0.00
1772084308.000,086520,CLOSE,184100.0000,0.054,33,58012900,0.500,0.000,0.000,NO_BUY,reject=ret cur=0.05 thr=0.15 margin=-0.10 relax=0.00 | all=ret cur=0.05 thr=0.15 margin=-0.10 relax=0.00; ret10 cur=0.05 thr=0.25 margin=-0.20
1772084308.000,124500,CLOSE,60300.0000,-0.331,2,1450600,0.500,0.000,0.000,NO_BUY,reject=ret cur=-0.33 thr=0.15 margin=-0.48 relax=0.00 | all=ret cur=-0.33 thr=0.15 margin=-0.48 relax=0.00; ticks cur=2 thr=4 margin=-2; ret10 cur=-0.33 thr=0.25 margin=-0.58; ret10_non_positive cur=-0.33
1772084309.000,336260,CLOSE,39950.0000,-0.125,11,57988450,0.500,0.000,0.000,NO_BUY,reject=ret cur=-0.12 thr=0.15 margin=-0.28 relax=0.00 | all=ret cur=-0.12 thr=0.15 margin=-0.28 relax=0.00; ret10 cur=-0.12 thr=0.25 margin=-0.38; ret10_non_positive cur=-0.12
1772084310.000,377300,CLOSE,68700.0000,0.146,17,8046300,0.500,0.000,0.000,NO_BUY,reject=ret cur=0.15 thr=0.15 margin=-0.00 relax=0.00 | all=ret cur=0.15 thr=0.15 margin=-0.00 relax=0.00; ret10 cur=0.15 thr=0.25 margin=-0.10
1772084311.000,089890,CLOSE,25500.0000,0.000,2,3321500,0.500,0.000,0.000,NO_BUY,reject=ret cur=0.00 thr=0.15 margin=-0.15 relax=0.00 | all=ret cur=0.00 thr=0.15 margin=-0.15 relax=0.00; ticks cur=2 thr=4 margin=-2; ret10 cur=0.00 thr=0.25 margin=-0.25; ret10_non_positive cur=0.00
1772084312.000,064400,CLOSE,73800.0000,0.000,5,1695600,0.610,0.136,0.000,NO_BUY,reject=ret cur=0.00 thr=0.15 margin=-0.15 relax=0.00 | all=ret cur=0.00 thr=0.15 margin=-0.15 relax=0.00; ret10 cur=0.00 thr=0.25 margin=-0.25; ret10_non_positive cur=0.00
1772084313.000,229200,CLOSE,20955.0000,0.000,75,355282375,0.500,0.000,0.000,NO_BUY,reject=ret cur=0.00 thr=0.15 margin=-0.15 relax=0.00 | all=ret cur=0.00 thr=0.15 margin=-0.15 relax=0.00; ret10 cur=0.00 thr=0.25 margin=-0.25; ret10_non_positive cur=0.00
1772084313.000,122630,CLOSE,110985.0000,0.104,134,1605613625,0.500,0.000,0.000,NO_BUY,reject=ret cur=0.10 thr=0.15 margin=-0.05 relax=0.00 | all=ret cur=0.10 thr=0.15 margin=-0.05 relax=0.00; ret10 cur=0.10 thr=0.25 margin=-0.15
1772084315.000,039030,CLOSE,414500.0000,0.121,24,93247500,0.137,0.121,0.000,NO_BUY,reject=ret cur=0.12 thr=0.15 margin=-0.03 relax=0.00 | all=ret cur=0.12 thr=0.15 margin=-0.03 relax=0.00; ret10 cur=0.12 thr=0.25 margin=-0.13
1772084315.000,058470,CLOSE,105500.0000,0.000,37,259058600,0.500,0.000,0.000,NO_BUY,reject=ret cur=0.00 thr=0.15 margin=-0.15 relax=0.00 | all=ret cur=0.00 thr=0.15 margin=-0.15 relax=0.00; ret10 cur=0.00 thr=0.25 margin=-0.25; ret10_non_positive cur=0.00
1772084316.000,035420,CLOSE,259500.0000,0.000,43,49626000,0.559,0.192,0.000,NO_BUY,reject=ret cur=0.00 thr=0.15 margin=-0.15 relax=0.00 | all=ret cur=0.00 thr=0.15 margin=-0.15 relax=0.00; ret10 cur=0.00 thr=0.25 margin=-0.25; ret10_non_positive cur=0.00
1772084317.000,036810,CLOSE,41750.0000,0.000,2,6797100,0.500,0.000,0.000,NO_BUY,reject=ret cur=0.00 thr=0.15 margin=-0.15 relax=0.00 | all=ret cur=0.00 thr=0.15 margin=-0.15 relax=0.00; ticks cur=2 thr=4 margin=-2; ret10 cur=0.00 thr=0.25 margin=-0.25; ret10_non_positive cur=0.00
1772084319.000,396500,CLOSE,34560.0000,0.087,148,1597124495,0.500,0.000,0.000,NO_BUY,reject=ret cur=0.09 thr=0.15 margin=-0.06 relax=0.00 | all=ret cur=0.09 thr=0.15 margin=-0.06 relax=0.00; ret10 cur=0.09 thr=0.25 margin=-0.16
1772084320.000,233740,CLOSE,20277.0000,0.010,57,344275536,0.500,0.000,0.000,NO_BUY,reject=ret cur=0.01 thr=0.15 margin=-0.14 relax=0.00 | all=ret cur=0.01 thr=0.15 margin=-0.14 relax=0.00; ret10 cur=0.01 thr=0.25 margin=-0.24
1772084321.000,310210,CLOSE,315000.0000,0.159,4,1260500,0.500,0.000,0.000,NO_BUY,reject=ret10 cur=0.16 thr=0.25 margin=-0.09 | all=ret10 cur=0.16 thr=0.25 margin=-0.09
1772084322.000,005830,CLOSE,210000.0000,-0.238,16,34077000,0.304,0.238,0.000,NO_BUY,reject=ret cur=-0.24 thr=0.15 margin=-0.39 relax=0.00 | all=ret cur=-0.24 thr=0.15 margin=-0.39 relax=0.00; ret10 cur=-0.24 thr=0.25 margin=-0.49; ret10_non_positive cur=-0.24
1772084322.000,002020,CLOSE,71200.0000,0.000,7,641000,0.500,0.000,0.000,NO_BUY,reject=ret cur=0.00 thr=0.15 margin=-0.15 relax=0.00 | all=ret cur=0.00 thr=0.15 margin=-0.15 relax=0.00; ret10 cur=0.00 thr=0.25 margin=-0.25; ret10_non_positive cur=0.00
1772084323.000,005930,CLOSE,216000.0000,0.000,263,18586074500,0.485,0.232,0.000,NO_BUY,reject=ret cur=0.00 thr=0.15 margin=-0.15 relax=0.00 | all=ret cur=0.00 thr=0.15 margin=-0.15 relax=0.00; ret10 cur=0.00 thr=0.25 margin=-0.25; ret10_non_positive cur=0.00
1772084324.000,001500,CLOSE,13330.0000,-0.150,3,2199000,0.500,0.000,0.000,NO_BUY,reject=ret cur=-0.15 thr=0.15 margin=-0.30 relax=0.00 | all=ret cur=-0.15 thr=0.15 margin=-0.30 relax=0.00; ticks cur=3 thr=4 margin=-1; ret10 cur=-0.15 thr=0.25 margin=-0.40; ret10_non_positive cur=-0.15
1772084325.000,035720,CLOSE,61300.0000,0.163,43,95199600,0.187,0.163,0.000,NO_BUY,reject=ret10 cur=0.16 thr=0.25 margin=-0.09 | all=ret10 cur=0.16 thr=0.25 margin=-0.09
1772084326.000,066570,CLOSE,145800.0000,-0.069,37,104692100,0.500,0.000,0.000,NO_BUY,reject=ret cur=-0.07 thr=0.15 margin=-0.22 relax=0.00 | all=ret cur=-0.07 thr=0.15 margin=-0.22 relax=0.00; ret10 cur=-0.07 thr=0.25 margin=-0.32; ret10_non_positive cur=-0.07
1772084326.000,187660,CLOSE,19220.0000,-1.387,540,1274439335,0.500,0.000,0.000,NO_BUY,reject=ret cur=-1.39 thr=0.15 margin=-1.54 relax=0.00 | all=ret cur=-1.39 thr=0.15 margin=-1.54 relax=0.00; ret10 cur=-1.39 thr=0.25 margin=-1.64; ret10_non_positive cur=-1.39
1772084326.000,064760,CLOSE,235000.0000,-0.212,5,7531000,0.500,0.000,0.000,NO_BUY,reject=ret cur=-0.21 thr=0.15 margin=-0.36 relax=0.00 | all=ret cur=-0.21 thr=0.15 margin=-0.36 relax=0.00; ret10 cur=-0.21 thr=0.25 margin=-0.46; ret10_non_positive cur=-0.21
1772084327.000,009900,CLOSE,11590.0000,-0.258,28,12322740,0.500,0.000,0.000,NO_BUY,reject=ret cur=-0.26 thr=0.15 margin=-0.41 relax=0.00 | all=ret cur=-0.26 thr=0.15 margin=-0.41 relax=0.00; ret10 cur=-0.26 thr=0.25 margin=-0.51; ret10_non_positive cur=-0.26
1772084328.000,086520,CLOSE,184200.0000,0.054,47,129290700,0.500,0.000,0.000,NO_BUY,reject=ret cur=0.05 thr=0.15 margin=-0.10 relax=0.00 | all=ret cur=0.05 thr=0.15 margin=-0.10 relax=0.00; ret10 cur=0.05 thr=0.25 margin=-0.20
1772084329.000,336260,CLOSE,39950.0000,0.000,5,4194750,0.500,0.000,0.000,NO_BUY,reject=ret cur=0.00 thr=0.15 margin=-0.15 relax=0.00 | all=ret cur=0.00 thr=0.15 margin=-0.15 relax=0.00; ret10 cur=0.00 thr=0.25 margin=-0.25; ret10_non_positive cur=0.00
1772084330.000,377300,CLOSE,68700.0000,0.146,11,2957400,0.500,0.000,0.000,NO_BUY,reject=ret cur=0.15 thr=0.15 margin=-0.00 relax=0.00 | all=ret cur=0.15 thr=0.15 margin=-0.00 relax=0.00; ret10 cur=0.15 thr=0.25 margin=-0.10
1772084331.000,103590,CLOSE,88100.0000,0.000,2,970200,0.678,0.113,0.000,NO_BUY,reject=ret cur=0.00 thr=0.15 margin=-0.15 relax=0.00 | all=ret cur=0.00 thr=0.15 margin=-0.15 relax=0.00; ticks cur=2 thr=4 margin=-2; ret10 cur=0.00 thr=0.25 margin=-0.25; ret10_non_positive cur=0.00
1772084331.000,089890,CLOSE,25500.0000,0.000,3,2524500,0.500,0.000,0.000,NO_BUY,reject=ret cur=0.00 thr=0.15 margin=-0.15 relax=0.00 | all=ret cur=0.00 thr=0.15 margin=-0.15 relax=0.00; ticks cur=3 thr=4 margin=-1; ret10 cur=0.00 thr=0.25 margin=-0.25; ret10_non_positive cur=0.00
1772084333.000,122630,CLOSE,110960.0000,-0.036,51,610740065,0.500,0.000,0.000,NO_BUY,reject=ret cur=-0.04 thr=0.15 margin=-0.19 relax=0.00 | all=ret cur=-0.04 thr=0.15 margin=-0.19 relax=0.00; ret10 cur=-0.04 thr=0.25 margin=-0.29; ret10_non_positive cur=-0.04
1772084333.000,064400,CLOSE,73900.0000,0.136,15,31222500,0.574,0.135,0.000,NO_BUY,reject=ret cur=0.14 thr=0.15 margin=-0.01 relax=0.00 | all=ret cur=0.14 thr=0.15 margin=-0.01 relax=0.00; ret10 cur=0.14 thr=0.25 margin=-0.11
1772084333.000,229200,CLOSE,20970.0000,0.024,106,363511920,0.500,0.000,0.000,NO_BUY,reject=ret cur=0.02 thr=0.15 margin=-0.13 relax=0.00 | all=ret cur=0.02 thr=0.15 margin=-0.13 relax=0.00; ret10 cur=0.02 thr=0.25 margin=-0.23
1772084335.000,058470,CLOSE,105800.0000,0.190,72,183409600,0.500,0.000,0.000,NO_BUY,reject=ret10 cur=0.19 thr=0.25 margin=-0.06 | all=ret10 cur=0.19 thr=0.25 margin=-0.06
1772084336.000,039030,CLOSE,414500.0000,0.000,5,37719500,0.131,0.121,0.000,NO_BUY,reject=ret cur=0.00 thr=0.15 margin=-0.15 relax=0.00 | all=ret cur=0.00 thr=0.15 margin=-0.15 relax=0.00; ret10 cur=0.00 thr=0.25 margin=-0.25; ret10_non_positive cur=0.00
1772084336.000,035420,CLOSE,260000.0000,0.000,24,26490250,0.561,0.192,0.000,NO_BUY,reject=ret cur=0.00 thr=0.15 margin=-0.15 relax=0.00 | all=ret cur=0.00 thr=0.15 margin=-0.15 relax=0.00; ret10 cur=0.00 thr=0.25 margin=-0.25; ret10_non_positive cur=0.00
1772084337.000,036810,CLOSE,41750.0000,0.240,9,12640300,0.500,0.000,0.000,NO_BUY,reject=ret10 cur=0.24 thr=0.25 margin=-0.01 | all=ret10 cur=0.24 thr=0.25 margin=-0.01
1772084339.000,396500,CLOSE,34580.0000,0.087,77,1552562760,0.500,0.000,0.000,NO_BUY,reject=ret cur=0.09 thr=0.15 margin=-0.06 relax=0.00 | all=ret cur=0.09 thr=0.15 margin=-0.06 relax=0.00; ret10 cur=0.09 thr=0.25 margin=-0.16
1772084340.000,233740,CLOSE,20300.0000,0.025,52,143031844,0.500,0.000,0.000,NO_BUY,reject=ret cur=0.02 thr=0.15 margin=-0.13 relax=0.00 | all=ret cur=0.02 thr=0.15 margin=-0.13 relax=0.00; ret10 cur=0.02 thr=0.25 margin=-0.23
1772084342.000,002020,CLOSE,71200.0000,-0.140,2,142500,0.500,0.000,0.000,NO_BUY,reject=ret cur=-0.14 thr=0.15 margin=-0.29 relax=0.00 | all=ret cur=-0.14 thr=0.15 margin=-0.29 relax=0.00; ticks cur=2 thr=4 margin=-2; ret10 cur=-0.14 thr=0.25 margin=-0.39; ret10_non_positive cur=-0.14
1772084342.000,310210,CLOSE,315500.0000,0.000,2,630000,0.500,0.000,0.000,NO_BUY,reject=ret cur=0.00 thr=0.15 margin=-0.15 relax=0.00 | all=ret cur=0.00 thr=0.15 margin=-0.15 relax=0.00; ticks cur=2 thr=4 margin=-2; ret10 cur=0.00 thr=0.25 margin=-0.25; ret10_non_positive cur=0.00
1772084342.000,005830,CLOSE,211000.0000,0.474,28,186178500,0.394,0.237,0.000,NO_BUY,confirm_wait 0.1s
1772084343.000,005930,CLOSE,216000.0000,-0.116,178,1216375750,0.487,0.232,0.000,NO_BUY,reject=ret cur=-0.12 thr=0.15 margin=-0.27 relax=0.00 | all=ret cur=-0.12 thr=0.15 margin=-0.27 relax=0.00; ret10 cur=-0.12 thr=0.25 margin=-0.37; ret10_non_positive cur=-0.12
1772084345.000,035720,CLOSE,61300.0000,0.000,35,78833700,0.189,0.163,0.000,NO_BUY,reject=ret cur=0.00 thr=0.15 margin=-0.15 relax=0.00 | all=ret cur=0.00 thr=0.15 margin=-0.15 relax=0.00; ret10 cur=0.00 thr=0.25 margin=-0.25; ret10_non_positive cur=0.00
1772084345.000,294570,CLOSE,33700.0000,0.148,2,5998700,0.500,0.000,0.000,NO_BUY,reject=ret cur=0.15 thr=0.15 margin=-0.00 relax=0.00 | all=ret cur=0.15 thr=0.15 margin=-0.00 relax=0.00; ticks cur=2 thr=4 margin=-2; ret10 cur=0.15 thr=0.25 margin=-0.10
1772084346.000,064760,CLOSE,235000.0000,0.000,7,14818000,0.500,0.000,0.000,NO_BUY,reject=ret cur=0.00 thr=0.15 margin=-0.15 relax=0.00 | all=ret cur=0.00 thr=0.15 margin=-0.15 relax=0.00; ret10 cur=0.00 thr=0.25 margin=-0.25; ret10_non_positive cur=0.00
1772084346.000,187660,CLOSE,19470.0000,0.257,278,432875265,0.500,0.000,0.000,NO_BUY,pullback_wait cur=19470.00 peak=19500.00 pb_thr=19461.00 reb_thr=19490.25 pulled=1
1772084346.000,066570,CLOSE,145800.0000,0.000,30,101484800,0.500,0.000,0.000,NO_BUY,reject=ret cur=0.00 thr=0.15 margin=-0.15 relax=0.00 | all=ret cur=0.00 thr=0.15 margin=-0.15 relax=0.00; ret10 cur=0.00 thr=0.25 margin=-0.25; ret10_non_positive cur=0.00
1772084346.000,001500,CLOSE,13320.0000,0.000,2,4092310,0.500,0.000,0.000,NO_BUY,reject=ret cur=0.00 thr=0.15 margin=-0.15 relax=0.00 | all=ret cur=0.00 thr=0.15 margin=-0.15 relax=0.00; ticks cur=2 thr=4 margin=-2; ret10 cur=0.00 thr=0.25 margin=-0.25; ret10_non_positive cur=0.00
1772084347.000,009900,CLOSE,11600.0000,0.000,11,31669120,0.500,0.000,0.000,NO_BUY,reject=ret cur=0.00 thr=0.15 margin=-0.15 relax=0.00 | all=ret cur=0.00 thr=0.15 margin=-0.15 relax=0.00; ret10 cur=0.00 thr=0.25 margin=-0.25; ret10_non_positive cur=0.00
1772084348.000,086520,CLOSE,184200.0000,0.054,18,42377100,0.500,0.000,0.000,NO_BUY,reject=ret cur=0.05 thr=0.15 margin=-0.10 relax=0.00 | all=ret cur=0.05 thr=0.15 margin=-0.10 relax=0.00; ret10 cur=0.05 thr=0.25 margin=-0.20
1772084349.000,124500,CLOSE,60300.0000,0.000,2,1326600,0.500,0.000,0.000,NO_BUY,reject=ret cur=0.00 thr=0.15 margin=-0.15 relax=0.00 | all=ret cur=0.00 thr=0.15 margin=-0.15 relax=0.00; ticks cur=2 thr=4 margin=-2; ret10 cur=0.00 thr=0.25 margin=-0.25; ret10_non_positive cur=0.00
1772084350.000,377300,CLOSE,68800.0000,0.000,5,10320000,0.500,0.000,0.000,NO_BUY,reject=ret cur=0.00 thr=0.15 margin=-0.15 relax=0.00 | all=ret cur=0.00 thr=0.15 margin=-0.15 relax=0.00; ret10 cur=0.00 thr=0.25 margin=-0.25; ret10_non_positive cur=0.00
1772084351.000,336260,CLOSE,39900.0000,0.063,7,3952975,0.500,0.000,0.000,NO_BUY,reject=ret cur=0.06 thr=0.15 margin=-0.09 relax=0.00 | all=ret cur=0.06 thr=0.15 margin=-0.09 relax=0.00; ret10 cur=0.06 thr=0.25 margin=-0.19
1772084351.000,103590,CLOSE,88000.0000,0.000,2,12157800,0.753,0.227,0.000,NO_BUY,reject=ret cur=0.00 thr=0.15 margin=-0.15 relax=0.00 | all=ret cur=0.00 thr=0.15 margin=-0.15 relax=0.00; ticks cur=2 thr=4 margin=-2; ret10 cur=0.00 thr=0.25 margin=-0.25; ret10_non_positive cur=0.00
1772084353.000,064400,CLOSE,73900.0000,-0.135,8,24606700,0.577,0.135,0.000,NO_BUY,reject=ret cur=-0.14 thr=0.15 margin=-0.29 relax=0.00 | all=ret cur=-0.14 thr=0.15 margin=-0.29 relax=0.00; ret10 cur=-0.14 thr=0.25 margin=-0.39; ret10_non_positive cur=-0.14
1772084353.000,229200,CLOSE,20970.0000,0.024,36,310505215,0.500,0.000,0.000,NO_BUY,reject=ret cur=0.02 thr=0.15 margin=-0.13 relax=0.00 | all=ret cur=0.02 thr=0.15 margin=-0.13 relax=0.00; ret10 cur=0.02 thr=0.25 margin=-0.23
1772084353.000,122630,CLOSE,110960.0000,-0.018,58,867251275,0.500,0.000,0.000,NO_BUY,reject=ret cur=-0.02 thr=0.15 margin=-0.17 relax=0.00 | all=ret cur=-0.02 thr=0.15 margin=-0.17 relax=0.00; ret10 cur=-0.02 thr=0.25 margin=-0.27; ret10_non_positive cur=-0.02
1772084355.000,089890,CLOSE,25550.0000,0.589,13,3728750,0.500,0.000,0.000,NO_BUY,confirm_wait 0.1s
1772084355.000,058470,CLOSE,105600.0000,-0.095,16,15637300,0.500,0.000,0.000,NO_BUY,reject=ret cur=-0.09 thr=0.15 margin=-0.24 relax=0.00 | all=ret cur=-0.09 thr=0.15 margin=-0.24 relax=0.00; ret10 cur=-0.09 thr=0.25 margin=-0.34; ret10_non_positive cur=-0.09
1772084356.000,035420,CLOSE,259500.0000,0.193,33,25445000,0.559,0.192,0.000,NO_BUY,reject=ret10 cur=0.19 thr=0.25 margin=-0.06 | all=ret10 cur=0.19 thr=0.25 margin=-0.06
1772084358.000,039030,CLOSE,414000.0000,0.000,9,7038000,0.146,0.121,0.000,NO_BUY,reject=ret cur=0.00 thr=0.15 margin=-0.15 relax=0.00 | all=ret cur=0.00 thr=0.15 margin=-0.15 relax=0.00; ret10 cur=0.00 thr=0.25 margin=-0.25; ret10_non_positive cur=0.00
1772084359.000,396500,CLOSE,34580.0000,0.014,77,1208399700,0.500,0.000,0.000,NO_BUY,reject=ret cur=0.01 thr=0.15 margin=-0.14 relax=0.00 | all=ret cur=0.01 thr=0.15 margin=-0.14 relax=0.00; ret10 cur=0.01 thr=0.25 margin=-0.24
1772084360.000,233740,CLOSE,20310.0000,0.049,132,604966925,0.500,0.000,0.000,NO_BUY,reject=ret cur=0.05 thr=0.15 margin=-0.10 relax=0.00 | all=ret cur=0.05 thr=0.15 margin=-0.10 relax=0.00; ret10 cur=0.05 thr=0.25 margin=-0.20
1772084362.000,005830,CLOSE,211500.0000,-0.236,19,202004000,0.309,0.237,0.000,NO_BUY,reject=ret cur=-0.24 thr=0.15 margin=-0.39 relax=0.00 | all=ret cur=-0.24 thr=0.15 margin=-0.39 relax=0.00; ret10 cur=-0.24 thr=0.25 margin=-0.49; ret10_non_positive cur=-0.24
1772084363.000,005930,CLOSE,216000.0000,-0.231,230,19210892500,0.486,0.232,0.000,NO_BUY,reject=ret cur=-0.23 thr=0.15 margin=-0.38 relax=0.00 | all=ret cur=-0.23 thr=0.15 margin=-0.38 relax=0.00; ret10 cur=-0.23 thr=0.25 margin=-0.48; ret10_non_positive cur=-0.23
1772084363.000,002020,CLOSE,71300.0000,0.000,3,214000,0.500,0.000,0.000,NO_BUY,reject=ret cur=0.00 thr=0.15 margin=-0.15 relax=0.00 | all=ret cur=0.00 thr=0.15 margin=-0.15 relax=0.00; ticks cur=3 thr=4 margin=-1; ret10 cur=0.00 thr=0.25 margin=-0.25; ret10_non_positive cur=0.00
1772084364.000,241770,CLOSE,28850.0000,0.000,2,576000,0.500,0.000,0.000,NO_BUY,reject=ret cur=0.00 thr=0.15 margin=-0.15 relax=0.00 | all=ret cur=0.00 thr=0.15 margin=-0.15 relax=0.00; ticks cur=2 thr=4 margin=-2; ret10 cur=0.00 thr=0.25 margin=-0.25; ret10_non_positive cur=0.00
1772084365.000,035720,CLOSE,61400.0000,-0.081,37,61579750,0.190,0.163,0.000,NO_BUY,reject=ret cur=-0.08 thr=0.15 margin=-0.23 relax=0.00 | all=ret cur=-0.08 thr=0.15 margin=-0.23 relax=0.00; ret10 cur=-0.08 thr=0.25 margin=-0.33; ret10_non_positive cur=-0.08
1772084365.000,310210,CLOSE,315500.0000,0.000,3,946500,0.500,0.000,0.000,NO_BUY,reject=ret cur=0.00 thr=0.15 margin=-0.15 relax=0.00 | all=ret cur=0.00 thr=0.15 margin=-0.15 relax=0.00; ticks cur=3 thr=4 margin=-1; ret10 cur=0.00 thr=0.25 margin=-0.25; ret10_non_positive cur=0.00
1772084366.000,187660,CLOSE,19470.0000,-0.409,308,1122062765,0.500,0.000,0.000,NO_BUY,reject=ret cur=-0.41 thr=0.15 margin=-0.56 relax=0.00 | all=ret cur=-0.41 thr=0.15 margin=-0.56 relax=0.00; ret10 cur=-0.41 thr=0.25 margin=-0.66; ret10_non_positive cur=-0.41
1772084366.000,066570,CLOSE,145800.0000,0.000,26,49997900,0.500,0.000,0.000,NO_BUY,reject=ret cur=0.00 thr=0.15 margin=-0.15 relax=0.00 | all=ret cur=0.00 thr=0.15 margin=-0.15 relax=0.00; ret10 cur=0.00 thr=0.25 margin=-0.25; ret10_non_positive cur=0.00
1772084367.000,064760,CLOSE,236000.0000,-0.212,4,6371000,0.500,0.000,0.000,NO_BUY,reject=ret cur=-0.21 thr=0.15 margin=-0.36 relax=0.00 | all=ret cur=-0.21 thr=0.15 margin=-0.36 relax=0.00; ret10 cur=-0.21 thr=0.25 margin=-0.46; ret10_non_positive cur=-0.21
1772084367.000,009900,CLOSE,11630.0000,0.259,13,32555070,0.500,0.000,0.000,NO_BUY,pullback_wait cur=11630.00 peak=11630.00 pb_thr=11606.74 reb_thr=11624.19 pulled=0
1772084368.000,086520,CLOSE,184300.0000,0.000,28,94159500,0.500,0.000,0.000,NO_BUY,reject=ret cur=0.00 thr=0.15 margin=-0.15 relax=0.00 | all=ret cur=0.00 thr=0.15 margin=-0.15 relax=0.00; ret10 cur=0.00 thr=0.25 margin=-0.25; ret10_non_positive cur=0.00
1772084370.000,377300,CLOSE,68800.0000,0.000,6,11352000,0.500,0.000,0.000,NO_BUY,reject=ret cur=0.00 thr=0.15 margin=-0.15 relax=0.00 | all=ret cur=0.00 thr=0.15 margin=-0.15 relax=0.00; ret10 cur=0.00 thr=0.25 margin=-0.25; ret10_non_positive cur=0.00
1772084371.000,036810,CLOSE,41800.0000,-0.119,3,1379575,0.500,0.000,0.000,NO_BUY,reject=ret cur=-0.12 thr=0.15 margin=-0.27 relax=0.00 | all=ret cur=-0.12 thr=0.15 margin=-0.27 relax=0.00; ticks cur=3 thr=4 margin=-1; ret10 cur=-0.12 thr=0.25 margin=-0.37; ret10_non_positive cur=-0.12
1772084372.000,103590,CLOSE,88000.0000,-0.114,5,1497500,0.709,0.114,0.000,NO_BUY,reject=ret cur=-0.11 thr=0.15 margin=-0.26 relax=0.00 | all=ret cur=-0.11 thr=0.15 margin=-0.26 relax=0.00; ret10 cur=-0.11 thr=0.25 margin=-0.36; ret10_non_positive cur=-0.11
1772084373.000,336260,CLOSE,39950.0000,-0.125,5,1915950,0.500,0.000,0.000,NO_BUY,reject=ret cur=-0.13 thr=0.15 margin=-0.28 relax=0.00 | all=ret cur=-0.13 thr=0.15 margin=-0.28 relax=0.00; ret10 cur=-0.13 thr=0.25 margin=-0.38; ret10_non_positive cur=-0.13
1772084373.000,229200,CLOSE,20985.0000,0.000,716,803771220,0.500,0.000,0.000,NO_BUY,reject=ret cur=0.00 thr=0.15 margin=-0.15 relax=0.00 | all=ret cur=0.00 thr=0.15 margin=-0.15 relax=0.00; ret10 cur=0.00 thr=0.25 margin=-0.25; ret10_non_positive cur=0.00
1772084373.000,001500,CLOSE,13330.0000,-0.075,2,1066600,0.500,0.000,0.000,NO_BUY,reject=ret cur=-0.07 thr=0.15 margin=-0.22 relax=0.00 | all=ret cur=-0.07 thr=0.15 margin=-0.22 relax=0.00; ticks cur=2 thr=4 margin=-2; ret10 cur=-0.07 thr=0.25 margin=-0.32; ret10_non_positive cur=-0.07
1772084373.000,122630,CLOSE,111050.0000,0.000,56,352584775,0.500,0.000,0.000,NO_BUY,reject=ret cur=0.00 thr=0.15 margin=-0.15 relax=0.00 | all=ret cur=0.00 thr=0.15 margin=-0.15 relax=0.00; ret10 cur=0.00 thr=0.25 margin=-0.25; ret10_non_positive cur=0.00
1772084374.000,064400,CLOSE,73850.0000,0.000,11,10050400,0.571,0.135,0.000,NO_BUY,reject=ret cur=0.00 thr=0.15 margin=-0.15 relax=0.00 | all=ret cur=0.00 thr=0.15 margin=-0.15 relax=0.00; ret10 cur=0.00 thr=0.25 margin=-0.25; ret10_non_positive cur=0.00
1772084375.000,058470,CLOSE,105800.0000,-0.094,19,27097200,0.500,0.000,0.000,NO_BUY,reject=ret cur=-0.09 thr=0.15 margin=-0.24 relax=0.00 | all=ret cur=-0.09 thr=0.15 margin=-0.24 relax=0.00; ret10 cur=-0.09 thr=0.25 margin=-0.34; ret10_non_positive cur=-0.09
1772084376.000,035420,CLOSE,259750.0000,0.096,34,115234500,0.558,0.192,0.000,NO_BUY,reject=ret cur=0.10 thr=0.15 margin=-0.05 relax=0.00 | all=ret cur=0.10 thr=0.15 margin=-0.05 relax=0.00; ret10 cur=0.10 thr=0.25 margin=-0.15
1772084376.000,124500,CLOSE,60300.0000,0.000,2,5677600,0.500,0.000,0.000,NO_BUY,reject=ret cur=0.00 thr=0.15 margin=-0.15 relax=0.00 | all=ret cur=0.00 thr=0.15 margin=-0.15 relax=0.00; ticks cur=2 thr=4 margin=-2; ret10 cur=0.00 thr=0.25 margin=-0.25; ret10_non_positive cur=0.00
1772084378.000,039030,CLOSE,415000.0000,0.242,25,80047000,0.126,0.121,0.000,NO_BUY,reject=ret10 cur=0.24 thr=0.25 margin=-0.01 | all=ret10 cur=0.24 thr=0.25 margin=-0.01
1772084379.000,396500,CLOSE,34580.0000,0.014,119,1641318340,0.500,0.000,0.000,NO_BUY,reject=ret cur=0.01 thr=0.15 margin=-0.14 relax=0.00 | all=ret cur=0.01 thr=0.15 margin=-0.14 relax=0.00; ret10 cur=0.01 thr=0.25 margin=-0.24
1772084380.000,233740,CLOSE,20315.0000,0.025,140,550786870,0.500,0.000,0.000,NO_BUY,reject=ret cur=0.02 thr=0.15 margin=-0.13 relax=0.00 | all=ret cur=0.02 thr=0.15 margin=-0.13 relax=0.00; ret10 cur=0.02 thr=0.25 margin=-0.23
1772084382.000,005830,CLOSE,210500.0000,0.000,10,40293000,0.312,0.237,0.000,NO_BUY,reject=ret cur=0.00 thr=0.15 margin=-0.15 relax=0.00 | all=ret cur=0.00 thr=0.15 margin=-0.15 relax=0.00; ret10 cur=0.00 thr=0.25 margin=-0.25; ret10_non_positive cur=0.00
1772084383.000,005930,CLOSE,216250.0000,0.116,165,2704130000,0.464,0.231,0.000,NO_BUY,reject=ret cur=0.12 thr=0.15 margin=-0.03 relax=0.00 | all=ret cur=0.12 thr=0.15 margin=-0.03 relax=0.00; ret10 cur=0.12 thr=0.25 margin=-0.13
1772084385.000,002020,CLOSE,71400.0000,0.000,10,7567900,0.500,0.000,0.000,NO_BUY,reject=ret cur=0.00 thr=0.15 margin=-0.15 relax=0.00 | all=ret cur=0.00 thr=0.15 margin=-0.15 relax=0.00; ret10 cur=0.00 thr=0.25 margin=-0.25; ret10_non_positive cur=0.00
1772084385.000,035720,CLOSE,61400.0000,0.163,51,182410300,0.192,0.163,0.000,NO_BUY,reject=ret10 cur=0.16 thr=0.25 margin=-0.09 | all=ret10 cur=0.16 thr=0.25 margin=-0.09
1772084386.000,066570,CLOSE,145800.0000,0.000,52,72614100,0.500,0.000,0.000,NO_BUY,reject=ret cur=0.00 thr=0.15 margin=-0.15 relax=0.00 | all=ret cur=0.00 thr=0.15 margin=-0.15 relax=0.00; ret10 cur=0.00 thr=0.25 margin=-0.25; ret10_non_positive cur=0.00
1772084386.000,187660,CLOSE,19400.0000,-0.719,283,1057382320,0.500,0.000,0.000,NO_BUY,reject=ret cur=-0.72 thr=0.15 margin=-0.87 relax=0.00 | all=ret cur=-0.72 thr=0.15 margin=-0.87 relax=0.00; ret10 cur=-0.72 thr=0.25 margin=-0.97; ret10_non_positive cur=-0.72
1772084387.000,009900,CLOSE,11600.0000,-0.129,13,24192570,0.500,0.000,0.000,NO_BUY,reject=ret cur=-0.13 thr=0.15 margin=-0.28 relax=0.00 | all=ret cur=-0.13 thr=0.15 margin=-0.28 relax=0.00; ret10 cur=-0.13 thr=0.25 margin=-0.38; ret10_non_positive cur=-0.13
1772084388.000,064760,CLOSE,235000.0000,0.000,6,6122000,0.500,0.000,0.000,NO_BUY,reject=ret cur=0.00 thr=0.15 margin=-0.15 relax=0.00 | all=ret cur=0.00 thr=0.15 margin=-0.15 relax=0.00; ret10 cur=0.00 thr=0.25 margin=-0.25; ret10_non_positive cur=0.00
1772084389.000,086520,CLOSE,184200.0000,-0.054,15,134839400,0.500,0.000,0.000,NO_BUY,reject=ret cur=-0.05 thr=0.15 margin=-0.20 relax=0.00 | all=ret cur=-0.05 thr=0.15 margin=-0.20 relax=0.00; ret10 cur=-0.05 thr=0.25 margin=-0.30; ret10_non_positive cur=-0.05
1772084390.000,310210,CLOSE,315500.0000,0.000,2,2212000,0.500,0.000,0.000,NO_BUY,reject=ret cur=0.00 thr=0.15 margin=-0.15 relax=0.00 | all=ret cur=0.00 thr=0.15 margin=-0.15 relax=0.00; ticks cur=2 thr=4 margin=-2; ret10 cur=0.00 thr=0.25 margin=-0.25; ret10_non_positive cur=0.00
1772084393.000,122630,CLOSE,111215.0000,0.004,139,1308090117,0.500,0.000,0.000,NO_BUY,reject=ret cur=0.00 thr=0.15 margin=-0.15 relax=0.00 | all=ret cur=0.00 thr=0.15 margin=-0.15 relax=0.00; ret10 cur=0.00 thr=0.25 margin=-0.25
1772084393.000,229200,CLOSE,20980.0000,-0.024,65,904507790,0.500,0.000,0.000,NO_BUY,reject=ret cur=-0.02 thr=0.15 margin=-0.17 relax=0.00 | all=ret cur=-0.02 thr=0.15 margin=-0.17 relax=0.00; ret10 cur=-0.02 thr=0.25 margin=-0.27; ret10_non_positive cur=-0.02
1772084393.000,036810,CLOSE,41850.0000,0.000,4,1087050,0.500,0.000,0.000,NO_BUY,reject=ret cur=0.00 thr=0.15 margin=-0.15 relax=0.00 | all=ret cur=0.00 thr=0.15 margin=-0.15 relax=0.00; ret10 cur=0.00 thr=0.25 margin=-0.25; ret10_non_positive cur=0.00
1772084393.000,377300,CLOSE,68800.0000,0.000,7,1995100,0.500,0.000,0.000,NO_BUY,reject=ret cur=0.00 thr=0.15 margin=-0.15 relax=0.00 | all=ret cur=0.00 thr=0.15 margin=-0.15 relax=0.00; ret10 cur=0.00 thr=0.25 margin=-0.25; ret10_non_positive cur=0.00
1772084393.000,336260,CLOSE,39950.0000,-0.125,4,10100700,0.500,0.000,0.000,NO_BUY,reject=ret cur=-0.13 thr=0.15 margin=-0.28 relax=0.00 | all=ret cur=-0.13 thr=0.15 margin=-0.28 relax=0.00; ret10 cur=-0.13 thr=0.25 margin=-0.38; ret10_non_positive cur=-0.13
1772084396.000,124500,CLOSE,60400.0000,0.000,2,543600,0.500,0.000,0.000,NO_BUY,reject=ret cur=0.00 thr=0.15 margin=-0.15 relax=0.00 | all=ret cur=0.00 thr=0.15 margin=-0.15 relax=0.00; ticks cur=2 thr=4 margin=-2; ret10 cur=0.00 thr=0.25 margin=-0.25; ret10_non_positive cur=0.00
1772084396.000,035420,CLOSE,259500.0000,0.000,30,19727500,0.555,0.192,0.000,NO_BUY,reject=ret cur=0.00 thr=0.15 margin=-0.15 relax=0.00 | all=ret cur=0.00 thr=0.15 margin=-0.15 relax=0.00; ret10 cur=0.00 thr=0.25 margin=-0.25; ret10_non_positive cur=0.00
1772084396.000,064400,CLOSE,73800.0000,-0.135,9,3027400,0.573,0.135,0.000,NO_BUY,reject=ret cur=-0.14 thr=0.15 margin=-0.29 relax=0.00 | all=ret cur=-0.14 thr=0.15 margin=-0.29 relax=0.00; ret10 cur=-0.14 thr=0.25 margin=-0.39; ret10_non_positive cur=-0.14
1772084396.000,058470,CLOSE,105900.0000,-0.094,20,38257200,0.500,0.000,0.000,NO_BUY,reject=ret cur=-0.09 thr=0.15 margin=-0.24 relax=0.00 | all=ret cur=-0.09 thr=0.15 margin=-0.24 relax=0.00; ret10 cur=-0.09 thr=0.25 margin=-0.34; ret10_non_positive cur=-0.09
1772084396.000,103590,CLOSE,88100.0000,0.000,2,440000,0.713,0.114,0.000,NO_BUY,reject=ret cur=0.00 thr=0.15 margin=-0.15 relax=0.00 | all=ret cur=0.00 thr=0.15 margin=-0.15 relax=0.00; ticks cur=2 thr=4 margin=-2; ret10 cur=0.00 thr=0.25 margin=-0.25; ret10_non_positive cur=0.00
1772084398.000,039030,CLOSE,415000.0000,0.121,6,45599000,0.131,0.121,0.000,NO_BUY,reject=ret cur=0.12 thr=0.15 margin=-0.03 relax=0.00 | all=ret cur=0.12 thr=0.15 margin=-0.03 relax=0.00; ret10 cur=0.12 thr=0.25 margin=-0.13
1772084399.000,396500,CLOSE,34600.0000,0.014,75,199315090,0.500,0.000,0.000,NO_BUY,reject=ret cur=0.01 thr=0.15 margin=-0.14 relax=0.00 | all=ret cur=0.01 thr=0.15 margin=-0.14 relax=0.00; ret10 cur=0.01 thr=0.25 margin=-0.24
1772084400.000,233740,CLOSE,20310.0000,-0.074,59,483208860,0.500,0.000,0.000,NO_BUY,reject=ret cur=-0.07 thr=0.15 margin=-0.22 relax=0.00 | all=ret cur=-0.07 thr=0.15 margin=-0.22 relax=0.00; ret10 cur=-0.07 thr=0.25 margin=-0.32; ret10_non_positive cur=-0.07
1772084400.000,001500,CLOSE,13330.0000,-0.225,2,1469390,0.500,0.000,0.000,NO_BUY,reject=ret cur=-0.22 thr=0.15 margin=-0.37 relax=0.00 | all=ret cur=-0.22 thr=0.15 margin=-0.37 relax=0.00; ticks cur=2 thr=4 margin=-2; ret10 cur=-0.22 thr=0.25 margin=-0.47; ret10_non_positive cur=-0.22
1772084402.000,005830,CLOSE,210500.0000,0.238,21,62628500,0.353,0.237,0.000,NO_BUY,reject=ret10 cur=0.24 thr=0.25 margin=-0.01 | all=ret10 cur=0.24 thr=0.25 margin=-0.01
1772084403.000,005930,CLOSE,216000.0000,0.116,121,808136750,0.467,0.231,0.000,NO_BUY,reject=ret cur=0.12 thr=0.15 margin=-0.03 relax=0.00 | all=ret cur=0.12 thr=0.15 margin=-0.03 relax=0.00; ret10 cur=0.12 thr=0.25 margin=-0.13
1772084405.000,035720,CLOSE,61400.0000,0.081,38,84874650,0.167,0.163,0.000,NO_BUY,reject=ret cur=0.08 thr=0.15 margin=-0.07 relax=0.00 | all=ret cur=0.08 thr=0.15 margin=-0.07 relax=0.00; ret10 cur=0.08 thr=0.25 margin=-0.17
1772084406.000,187660,CLOSE,19360.0000,0.052,222,564508550,0.500,0.000,0.000,NO_BUY,reject=ret cur=0.05 thr=0.15 margin=-0.10 relax=0.00 | all=ret cur=0.05 thr=0.15 margin=-0.10 relax=0.00; ret10 cur=0.05 thr=0.25 margin=-0.20
1772084406.000,066570,CLOSE,145800.0000,-0.069,37,25667500,0.500,0.000,0.000,NO_BUY,reject=ret cur=-0.07 thr=0.15 margin=-0.22 relax=0.00 | all=ret cur=-0.07 thr=0.15 margin=-0.22 relax=0.00; ret10 cur=-0.07 thr=0.25 margin=-0.32; ret10_non_positive cur=-0.07
1772084407.000,002020,CLOSE,71500.0000,0.140,4,499900,0.500,0.000,0.000,NO_BUY,reject=ret cur=0.14 thr=0.15 margin=-0.01 relax=0.00 | all=ret cur=0.14 thr=0.15 margin=-0.01 relax=0.00; ret10 cur=0.14 thr=0.25 margin=-0.11
1772084407.000,009900,CLOSE,11600.0000,0.000,13,14423780,0.500,0.000,0.000,NO_BUY,reject=ret cur=0.00 thr=0.15 margin=-0.15 relax=0.00 | all=ret cur=0.00 thr=0.15 margin=-0.15 relax=0.00; ret10 cur=0.00 thr=0.25 margin=-0.25; ret10_non_positive cur=0.00
1772084408.000,064760,CLOSE,235500.0000,0.426,10,10833500,0.500,0.000,0.000,NO_BUY,confirm_wait 0.1s
1772084409.000,086520,CLOSE,184100.0000,0.027,27,254561600,0.500,0.000,0.000,NO_BUY,reject=ret cur=0.03 thr=0.15 margin=-0.12 relax=0.00 | all=ret cur=0.03 thr=0.15 margin=-0.12 relax=0.00; ret10 cur=0.03 thr=0.25 margin=-0.22
1772084413.000,229200,CLOSE,20990.0000,0.048,240,441305481,0.500,0.000,0.000,NO_BUY,reject=ret cur=0.05 thr=0.15 margin=-0.10 relax=0.00 | all=ret cur=0.05 thr=0.15 margin=-0.10 relax=0.00; ret10 cur=0.05 thr=0.25 margin=-0.20
1772084413.000,377300,CLOSE,68700.0000,0.000,20,22561100,0.500,0.000,0.000,NO_BUY,reject=ret cur=0.00 thr=0.15 margin=-0.15 relax=0.00 | all=ret cur=0.00 thr=0.15 margin=-0.15 relax=0.00; ret10 cur=0.00 thr=0.25 margin=-0.25; ret10_non_positive cur=0.00
1772084413.000,036810,CLOSE,41800.0000,0.000,14,6863050,0.500,0.000,0.000,NO_BUY,reject=ret cur=0.00 thr=0.15 margin=-0.15 relax=0.00 | all=ret cur=0.00 thr=0.15 margin=-0.15 relax=0.00; ret10 cur=0.00 thr=0.25 margin=-0.25; ret10_non_positive cur=0.00
1772084413.000,336260,CLOSE,39900.0000,0.000,2,518700,0.500,0.000,0.000,NO_BUY,reject=ret cur=0.00 thr=0.15 margin=-0.15 relax=0.00 | all=ret cur=0.00 thr=0.15 margin=-0.15 relax=0.00; ticks cur=2 thr=4 margin=-2; ret10 cur=0.00 thr=0.25 margin=-0.25; ret10_non_positive cur=0.00
1772084413.000,122630,CLOSE,111205.0000,-0.054,297,3894298501,0.500,0.000,0.000,NO_BUY,reject=ret cur=-0.05 thr=0.15 margin=-0.20 relax=0.00 | all=ret cur=-0.05 thr=0.15 margin=-0.20 relax=0.00; ret10 cur=-0.05 thr=0.25 margin=-0.30; ret10_non_positive cur=-0.05
1772084416.000,058470,CLOSE,106200.0000,0.189,49,114223200,0.500,0.000,0.000,NO_BUY,reject=ret10 cur=0.19 thr=0.25 margin=-0.06 | all=ret10 cur=0.19 thr=0.25 margin=-0.06
1772084416.000,124500,CLOSE,60400.0000,-0.165,5,13662300,0.500,0.000,0.000,NO_BUY,reject=ret cur=-0.17 thr=0.15 margin=-0.32 relax=0.00 | all=ret cur=-0.17 thr=0.15 margin=-0.32 relax=0.00; ret10 cur=-0.17 thr=0.25 margin=-0.42; ret10_non_positive cur=-0.17
1772084416.000,064400,CLOSE,73800.0000,-0.135,10,4503500,0.570,0.135,0.000,NO_BUY,reject=ret cur=-0.14 thr=0.15 margin=-0.29 relax=0.00 | all=ret cur=-0.14 thr=0.15 margin=-0.29 relax=0.00; ret10 cur=-0.14 thr=0.25 margin=-0.39; ret10_non_positive cur=-0.14
1772084417.000,103590,CLOSE,88000.0000,0.000,2,2114400,0.500,0.000,0.000,NO_BUY,reject=ret cur=0.00 thr=0.15 margin=-0.15 relax=0.00 | all=ret cur=0.00 thr=0.15 margin=-0.15 relax=0.00; ticks cur=2 thr=4 margin=-2; ret10 cur=0.00 thr=0.25 margin=-0.25; ret10_non_positive cur=0.00
1772084418.000,035420,CLOSE,260000.0000,0.193,23,83067750,0.557,0.192,0.000,NO_BUY,reject=ret10 cur=0.19 thr=0.25 margin=-0.06 | all=ret10 cur=0.19 thr=0.25 margin=-0.06
1772084419.000,396500,CLOSE,34615.0000,0.043,121,812199820,0.500,0.000,0.000,NO_BUY,reject=ret cur=0.04 thr=0.15 margin=-0.11 relax=0.00 | all=ret cur=0.04 thr=0.15 margin=-0.11 relax=0.00; ret10 cur=0.04 thr=0.25 margin=-0.21
1772084420.000,233740,CLOSE,20330.0000,0.049,99,392609280,0.500,0.000,0.000,NO_BUY,reject=ret cur=0.05 thr=0.15 margin=-0.10 relax=0.00 | all=ret cur=0.05 thr=0.15 margin=-0.10 relax=0.00; ret10 cur=0.05 thr=0.25 margin=-0.20
1772084421.000,310210,CLOSE,316500.0000,0.000,8,5380500,0.500,0.000,0.000,NO_BUY,reject=ret cur=0.00 thr=0.15 margin=-0.15 relax=0.00 | all=ret cur=0.00 thr=0.15 margin=-0.15 relax=0.00; ret10 cur=0.00 thr=0.25 margin=-0.25; ret10_non_positive cur=0.00
1772084421.000,039030,CLOSE,415000.0000,-0.120,24,64376500,0.124,0.121,0.000,NO_BUY,reject=ret cur=-0.12 thr=0.15 margin=-0.27 relax=0.00 | all=ret cur=-0.12 thr=0.15 margin=-0.27 relax=0.00; ret10 cur=-0.12 thr=0.25 margin=-0.37; ret10_non_positive cur=-0.12
1772084422.000,005830,CLOSE,210000.0000,-0.237,13,95813500,0.269,0.238,0.000,NO_BUY,reject=ret cur=-0.24 thr=0.15 margin=-0.39 relax=0.00 | all=ret cur=-0.24 thr=0.15 margin=-0.39 relax=0.00; ret10 cur=-0.24 thr=0.25 margin=-0.49; ret10_non_positive cur=-0.24
1772084423.000,005930,CLOSE,216500.0000,0.000,114,1021184250,0.470,0.231,0.000,NO_BUY,reject=ret cur=0.00 thr=0.15 margin=-0.15 relax=0.00 | all=ret cur=0.00 thr=0.15 margin=-0.15 relax=0.00; ret10 cur=0.00 thr=0.25 margin=-0.25; ret10_non_positive cur=0.00
1772084423.000,001500,CLOSE,13320.0000,0.000,3,8451220,0.500,0.000,0.000,NO_BUY,reject=ret cur=0.00 thr=0.15 margin=-0.15 relax=0.00 | all=ret cur=0.00 thr=0.15 margin=-0.15 relax=0.00; ticks cur=3 thr=4 margin=-1; ret10 cur=0.00 thr=0.25 margin=-0.25; ret10_non_positive cur=0.00
1772084425.000,035720,CLOSE,61400.0000,0.163,47,221700200,0.165,0.163,0.000,NO_BUY,reject=ret10 cur=0.16 thr=0.25 margin=-0.09 | all=ret10 cur=0.16 thr=0.25 margin=-0.09
1772084426.000,066570,CLOSE,146000.0000,0.000,38,103877800,0.500,0.000,0.000,NO_BUY,reject=ret cur=0.00 thr=0.15 margin=-0.15 relax=0.00 | all=ret cur=0.00 thr=0.15 margin=-0.15 relax=0.00; ret10 cur=0.00 thr=0.25 margin=-0.25; ret10_non_positive cur=0.00
1772084426.000,187660,CLOSE,19480.0000,0.257,193,408856835,0.500,0.000,0.000,NO_BUY,confirm_wait 0.1s
1772084427.000,009900,CLOSE,11570.0000,-0.345,11,32300860,0.500,0.000,0.000,NO_BUY,reject=ret cur=-0.34 thr=0.15 margin=-0.49 relax=0.00 | all=ret cur=-0.34 thr=0.15 margin=-0.49 relax=0.00; ret10 cur=-0.34 thr=0.25 margin=-0.59; ret10_non_positive cur=-0.34
1772084429.000,086520,CLOSE,184200.0000,0.000,31,181365900,0.500,0.000,0.000,NO_BUY,reject=ret cur=0.00 thr=0.15 margin=-0.15 relax=0.00 | all=ret cur=0.00 thr=0.15 margin=-0.15 relax=0.00; ret10 cur=0.00 thr=0.25 margin=-0.25; ret10_non_positive cur=0.00
1772084432.000,002020,CLOSE,71300.0000,-0.280,9,2780900,0.500,0.000,0.000,NO_BUY,reject=ret cur=-0.28 thr=0.15 margin=-0.43 relax=0.00 | all=ret cur=-0.28 thr=0.15 margin=-0.43 relax=0.00; ret10 cur=-0.28 thr=0.25 margin=-0.53; ret10_non_positive cur=-0.28
1772084432.000,102940,CLOSE,65500.0000,0.000,3,1179000,0.500,0.000,0.000,NO_BUY,reject=ret cur=0.00 thr=0.15 margin=-0.15 relax=0.00 | all=ret cur=0.00 thr=0.15 margin=-0.15 relax=0.00; ticks cur=3 thr=4 margin=-1; ret10 cur=0.00 thr=0.25 margin=-0.25; ret10_non_positive cur=0.00
1772084433.000,122630,CLOSE,111340.0000,-0.018,121,780162840,0.500,0.000,0.000,NO_BUY,reject=ret cur=-0.02 thr=0.15 margin=-0.17 relax=0.00 | all=ret cur=-0.02 thr=0.15 margin=-0.17 relax=0.00; ret10 cur=-0.02 thr=0.25 margin=-0.27; ret10_non_positive cur=-0.02
1772084433.000,229200,CLOSE,21000.0000,0.048,709,825917585,0.500,0.000,0.000,NO_BUY,reject=ret cur=0.05 thr=0.15 margin=-0.10 relax=0.00 | all=ret cur=0.05 thr=0.15 margin=-0.10 relax=0.00; ret10 cur=0.05 thr=0.25 margin=-0.20
1772084433.000,377300,CLOSE,68700.0000,0.000,11,29819900,0.500,0.000,0.000,NO_BUY,reject=ret cur=0.00 thr=0.15 margin=-0.15 relax=0.00 | all=ret cur=0.00 thr=0.15 margin=-0.15 relax=0.00; ret10 cur=0.00 thr=0.25 margin=-0.25; ret10_non_positive cur=0.00
1772084433.000,064760,CLOSE,236000.0000,-0.212,3,4719500,0.500,0.000,0.000,NO_BUY,reject=ret cur=-0.21 thr=0.15 margin=-0.36 relax=0.00 | all=ret cur=-0.21 thr=0.15 margin=-0.36 relax=0.00; ticks cur=3 thr=4 margin=-1; ret10 cur=-0.21 thr=0.25 margin=-0.46; ret10_non_positive cur=-0.21
1772084433.000,036810,CLOSE,41900.0000,0.119,5,6695750,0.500,0.000,0.000,NO_BUY,reject=ret cur=0.12 thr=0.15 margin=-0.03 relax=0.00 | all=ret cur=0.12 thr=0.15 margin=-0.03 relax=0.00; ret10 cur=0.12 thr=0.25 margin=-0.13
1772084436.000,058470,CLOSE,105950.0000,0.047,28,52347650,0.500,0.000,0.000,NO_BUY,reject=ret cur=0.05 thr=0.15 margin=-0.10 relax=0.00 | all=ret cur=0.05 thr=0.15 margin=-0.10 relax=0.00; ret10 cur=0.05 thr=0.25 margin=-0.20
1772084436.000,064400,CLOSE,73800.0000,-0.068,12,7974200,0.569,0.135,0.000,NO_BUY,reject=ret cur=-0.07 thr=0.15 margin=-0.22 relax=0.00 | all=ret cur=-0.07 thr=0.15 margin=-0.22 relax=0.00; ret10 cur=-0.07 thr=0.25 margin=-0.32; ret10_non_positive cur=-0.07
1772084438.000,035420,CLOSE,259500.0000,0.000,31,36853750,0.558,0.192,0.000,NO_BUY,reject=ret cur=0.00 thr=0.15 margin=-0.15 relax=0.00 | all=ret cur=0.00 thr=0.15 margin=-0.15 relax=0.00; ret10 cur=0.00 thr=0.25 margin=-0.25; ret10_non_positive cur=0.00
1772084438.000,103590,CLOSE,88050.0000,0.000,4,1497700,0.713,0.114,0.000,NO_BUY,reject=ret cur=0.00 thr=0.15 margin=-0.15 relax=0.00 | all=ret cur=0.00 thr=0.15 margin=-0.15 relax=0.00; ret10 cur=0.00 thr=0.25 margin=-0.25; ret10_non_positive cur=0.00
1772084439.000,396500,CLOSE,34610.0000,0.029,109,1009813060,0.500,0.000,0.000,NO_BUY,reject=ret cur=0.03 thr=0.15 margin=-0.12 relax=0.00 | all=ret cur=0.03 thr=0.15 margin=-0.12 relax=0.00; ret10 cur=0.03 thr=0.25 margin=-0.22
1772084440.000,233740,CLOSE,20330.0000,0.000,29,105555205,0.500,0.000,0.000,NO_BUY,reject=ret cur=0.00 thr=0.15 margin=-0.15 relax=0.00 | all=ret cur=0.00 thr=0.15 margin=-0.15 relax=0.00; ret10 cur=0.00 thr=0.25 margin=-0.25; ret10_non_positive cur=0.00
1772084440.000,336260,CLOSE,39925.0000,-0.063,2,957875,0.500,0.000,0.000,NO_BUY,reject=ret cur=-0.06 thr=0.15 margin=-0.21 relax=0.00 | all=ret cur=-0.06 thr=0.15 margin=-0.21 relax=0.00; ticks cur=2 thr=4 margin=-2; ret10 cur=-0.06 thr=0.25 margin=-0.31; ret10_non_positive cur=-0.06
1772084441.000,039030,CLOSE,415000.0000,-0.120,15,34871500,0.085,0.120,0.000,NO_BUY,reject=ret cur=-0.12 thr=0.15 margin=-0.27 relax=0.00 | all=ret cur=-0.12 thr=0.15 margin=-0.27 relax=0.00; ret10 cur=-0.12 thr=0.25 margin=-0.37; ret10_non_positive cur=-0.12
1772084441.000,310210,CLOSE,316000.0000,-0.158,9,10438000,0.500,0.000,0.000,NO_BUY,reject=ret cur=-0.16 thr=0.15 margin=-0.31 relax=0.00 | all=ret cur=-0.16 thr=0.15 margin=-0.31 relax=0.00; ret10 cur=-0.16 thr=0.25 margin=-0.41; ret10_non_positive cur=-0.16
1772084442.000,005830,CLOSE,209500.0000,0.239,25,101856500,0.347,0.238,0.000,NO_BUY,reject=ret10 cur=0.24 thr=0.25 margin=-0.01 | all=ret10 cur=0.24 thr=0.25 margin=-0.01
1772084443.000,005930,CLOSE,216000.0000,0.000,166,1155931000,0.477,0.231,0.000,NO_BUY,reject=ret cur=0.00 thr=0.15 margin=-0.15 relax=0.00 | all=ret cur=0.00 thr=0.15 margin=-0.15 relax=0.00; ret10 cur=0.00 thr=0.25 margin=-0.25; ret10_non_positive cur=0.00
1772084445.000,035720,CLOSE,61400.0000,-0.163,39,74329500,0.165,0.163,0.000,NO_BUY,reject=ret cur=-0.16 thr=0.15 margin=-0.31 relax=0.00 | all=ret cur=-0.16 thr=0.15 margin=-0.31 relax=0.00; ret10 cur=-0.16 thr=0.25 margin=-0.41; ret10_non_positive cur=-0.16
1772084446.000,187660,CLOSE,19550.0000,0.102,189,470459025,0.500,0.000,0.000,NO_BUY,reject=ret cur=0.10 thr=0.15 margin=-0.05 relax=0.00 | all=ret cur=0.10 thr=0.15 margin=-0.05 relax=0.00; ret10 cur=0.10 thr=0.25 margin=-0.15
1772084446.000,066570,CLOSE,145900.0000,0.000,35,34565200,0.500,0.000,0.000,NO_BUY,reject=ret cur=0.00 thr=0.15 margin=-0.15 relax=0.00 | all=ret cur=0.00 thr=0.15 margin=-0.15 relax=0.00; ret10 cur=0.00 thr=0.25 margin=-0.25; ret10_non_positive cur=0.00
1772084448.000,009900,CLOSE,11540.0000,0.000,14,11540560,0.500,0.000,0.000,NO_BUY,reject=ret cur=0.00 thr=0.15 margin=-0.15 relax=0.00 | all=ret cur=0.00 thr=0.15 margin=-0.15 relax=0.00; ret10 cur=0.00 thr=0.25 margin=-0.25; ret10_non_positive cur=0.00
1772084448.000,294570,CLOSE,33700.0000,0.000,2,977300,0.500,0.000,0.000,NO_BUY,reject=ret cur=0.00 thr=0.15 margin=-0.15 relax=0.00 | all=ret cur=0.00 thr=0.15 margin=-0.15 relax=0.00; ticks cur=2 thr=4 margin=-2; ret10 cur=0.00 thr=0.25 margin=-0.25; ret10_non_positive cur=0.00
1772084450.000,086520,CLOSE,184300.0000,0.054,13,28371600,0.500,0.000,0.000,NO_BUY,reject=ret cur=0.05 thr=0.15 margin=-0.10 relax=0.00 | all=ret cur=0.05 thr=0.15 margin=-0.10 relax=0.00; ret10 cur=0.05 thr=0.25 margin=-0.20
1772084453.000,122630,CLOSE,111365.0000,0.022,240,1584201165,0.500,0.000,0.000,NO_BUY,reject=ret cur=0.02 thr=0.15 margin=-0.13 relax=0.00 | all=ret cur=0.02 thr=0.15 margin=-0.13 relax=0.00; ret10 cur=0.02 thr=0.25 margin=-0.23
1772084453.000,229200,CLOSE,20985.0000,-0.024,61,340470612,0.500,0.000,0.000,NO_BUY,reject=ret cur=-0.02 thr=0.15 margin=-0.17 relax=0.00 | all=ret cur=-0.02 thr=0.15 margin=-0.17 relax=0.00; ret10 cur=-0.02 thr=0.25 margin=-0.27; ret10_non_positive cur=-0.02
1772084453.000,036810,CLOSE,41800.0000,0.120,7,4229100,0.500,0.000,0.000,NO_BUY,reject=ret cur=0.12 thr=0.15 margin=-0.03 relax=0.00 | all=ret cur=0.12 thr=0.15 margin=-0.03 relax=0.00; ret10 cur=0.12 thr=0.25 margin=-0.13
1772084453.000,002020,CLOSE,71300.0000,0.000,5,1283600,0.500,0.000,0.000,NO_BUY,reject=ret cur=0.00 thr=0.15 margin=-0.15 relax=0.00 | all=ret cur=0.00 thr=0.15 margin=-0.15 relax=0.00; ret10 cur=0.00 thr=0.25 margin=-0.25; ret10_non_positive cur=0.00
1772084453.000,377300,CLOSE,68700.0000,0.000,14,22392400,0.500,0.000,0.000,NO_BUY,reject=ret cur=0.00 thr=0.15 margin=-0.15 relax=0.00 | all=ret cur=0.00 thr=0.15 margin=-0.15 relax=0.00; ret10 cur=0.00 thr=0.25 margin=-0.25; ret10_non_positive cur=0.00
1772084455.000,241770,CLOSE,28800.0000,-0.174,2,287800,0.500,0.000,0.000,NO_BUY,reject=ret cur=-0.17 thr=0.15 margin=-0.32 relax=0.00 | all=ret cur=-0.17 thr=0.15 margin=-0.32 relax=0.00; ticks cur=2 thr=4 margin=-2; ret10 cur=-0.17 thr=0.25 margin=-0.42; ret10_non_positive cur=-0.17
1772084456.000,064400,CLOSE,73850.0000,-0.068,11,12183350,0.570,0.135,0.000,NO_BUY,reject=ret cur=-0.07 thr=0.15 margin=-0.22 relax=0.00 | all=ret cur=-0.07 thr=0.15 margin=-0.22 relax=0.00; ret10 cur=-0.07 thr=0.25 margin=-0.32; ret10_non_positive cur=-0.07
1772084456.000,058470,CLOSE,105800.0000,-0.095,30,48021800,0.500,0.000,0.000,NO_BUY,reject=ret cur=-0.09 thr=0.15 margin=-0.24 relax=0.00 | all=ret cur=-0.09 thr=0.15 margin=-0.24 relax=0.00; ret10 cur=-0.09 thr=0.25 margin=-0.34; ret10_non_positive cur=-0.09
1772084456.000,064760,CLOSE,235500.0000,-0.212,5,6369000,0.500,0.000,0.000,NO_BUY,reject=ret cur=-0.21 thr=0.15 margin=-0.36 relax=0.00 | all=ret cur=-0.21 thr=0.15 margin=-0.36 relax=0.00; ret10 cur=-0.21 thr=0.25 margin=-0.46; ret10_non_positive cur=-0.21
1772084459.000,035420,CLOSE,259500.0000,0.000,32,126407000,0.604,0.192,0.000,NO_BUY,reject=ret cur=0.00 thr=0.15 margin=-0.15 relax=0.00 | all=ret cur=0.00 thr=0.15 margin=-0.15 relax=0.00; ret10 cur=0.00 thr=0.25 margin=-0.25; ret10_non_positive cur=0.00
1772084459.000,396500,CLOSE,34605.0000,0.000,252,1619362765,0.500,0.000,0.000,NO_BUY,reject=ret cur=0.00 thr=0.15 margin=-0.15 relax=0.00 | all=ret cur=0.00 thr=0.15 margin=-0.15 relax=0.00; ret10 cur=0.00 thr=0.25 margin=-0.25; ret10_non_positive cur=0.00
1772084460.000,233740,CLOSE,20310.0000,-0.049,78,369169610,0.500,0.000,0.000,NO_BUY,reject=ret cur=-0.05 thr=0.15 margin=-0.20 relax=0.00 | all=ret cur=-0.05 thr=0.15 margin=-0.20 relax=0.00; ret10 cur=-0.05 thr=0.25 margin=-0.30; ret10_non_positive cur=-0.05
1772084463.000,005930,CLOSE,216500.0000,0.000,187,1551658500,0.477,0.231,0.000,NO_BUY,reject=ret cur=0.00 thr=0.15 margin=-0.15 relax=0.00 | all=ret cur=0.00 thr=0.15 margin=-0.15 relax=0.00; ret10 cur=0.00 thr=0.25 margin=-0.25; ret10_non_positive cur=0.00
1772084463.000,005830,CLOSE,210000.0000,0.000,15,42414000,0.308,0.238,0.000,NO_BUY,reject=ret cur=0.00 thr=0.15 margin=-0.15 relax=0.00 | all=ret cur=0.00 thr=0.15 margin=-0.15 relax=0.00; ret10 cur=0.00 thr=0.25 margin=-0.25; ret10_non_positive cur=0.00
1772084464.000,336260,CLOSE,39950.0000,0.125,2,279600,0.500,0.000,0.000,NO_BUY,reject=ret cur=0.13 thr=0.15 margin=-0.02 relax=0.00 | all=ret cur=0.13 thr=0.15 margin=-0.02 relax=0.00; ticks cur=2 thr=4 margin=-2; ret10 cur=0.13 thr=0.25 margin=-0.12
1772084464.000,039030,CLOSE,415500.0000,0.120,12,19092500,0.091,0.120,0.000,NO_BUY,reject=ret cur=0.12 thr=0.15 margin=-0.03 relax=0.00 | all=ret cur=0.12 thr=0.15 margin=-0.03 relax=0.00; ret10 cur=0.12 thr=0.25 margin=-0.13
1772084465.000,035720,CLOSE,61500.0000,0.000,18,14938400,0.167,0.163,0.000,NO_BUY,reject=ret cur=0.00 thr=0.15 margin=-0.15 relax=0.00 | all=ret cur=0.00 thr=0.15 margin=-0.15 relax=0.00; ret10 cur=0.00 thr=0.25 margin=-0.25; ret10_non_positive cur=0.00
1772084466.000,066570,CLOSE,145900.0000,0.069,37,45951200,0.500,0.000,0.000,NO_BUY,reject=ret cur=0.07 thr=0.15 margin=-0.08 relax=0.00 | all=ret cur=0.07 thr=0.15 margin=-0.08 relax=0.00; ret10 cur=0.07 thr=0.25 margin=-0.18
1772084466.000,187660,CLOSE,19610.0000,0.102,236,467378655,0.500,0.000,0.000,NO_BUY,reject=ret cur=0.10 thr=0.15 margin=-0.05 relax=0.00 | all=ret cur=0.10 thr=0.15 margin=-0.05 relax=0.00; ret10 cur=0.10 thr=0.25 margin=-0.15
1772084466.000,310210,CLOSE,316000.0000,0.000,2,1262000,0.500,0.000,0.000,NO_BUY,reject=ret cur=0.00 thr=0.15 margin=-0.15 relax=0.00 | all=ret cur=0.00 thr=0.15 margin=-0.15 relax=0.00; ticks cur=2 thr=4 margin=-2; ret10 cur=0.00 thr=0.25 margin=-0.25; ret10_non_positive cur=0.00
1772084469.000,103590,CLOSE,88000.0000,0.114,3,1233300,0.710,0.114,0.000,NO_BUY,reject=ret cur=0.11 thr=0.15 margin=-0.04 relax=0.00 | all=ret cur=0.11 thr=0.15 margin=-0.04 relax=0.00; ticks cur=3 thr=4 margin=-1; ret10 cur=0.11 thr=0.25 margin=-0.14
1772084470.000,086520,CLOSE,184200.0000,0.000,20,64470300,0.500,0.000,0.000,NO_BUY,reject=ret cur=0.00 thr=0.15 margin=-0.15 relax=0.00 | all=ret cur=0.00 thr=0.15 margin=-0.15 relax=0.00; ret10 cur=0.00 thr=0.25 margin=-0.25; ret10_non_positive cur=0.00
1772084473.000,122630,CLOSE,111405.0000,0.000,220,3502882590,0.500,0.000,0.000,NO_BUY,reject=ret cur=0.00 thr=0.15 margin=-0.15 relax=0.00 | all=ret cur=0.00 thr=0.15 margin=-0.15 relax=0.00; ret10 cur=0.00 thr=0.25 margin=-0.25; ret10_non_positive cur=0.00
1772084473.000,229200,CLOSE,20985.0000,-0.024,96,659582315,0.500,0.000,0.000,NO_BUY,reject=ret cur=-0.02 thr=0.15 margin=-0.17 relax=0.00 | all=ret cur=-0.02 thr=0.15 margin=-0.17 relax=0.00; ret10 cur=-0.02 thr=0.25 margin=-0.27; ret10_non_positive cur=-0.02
1772084473.000,377300,CLOSE,68600.0000,-0.146,17,55987800,0.500,0.000,0.000,NO_BUY,reject=ret cur=-0.15 thr=0.15 margin=-0.30 relax=0.00 | all=ret cur=-0.15 thr=0.15 margin=-0.30 relax=0.00; ret10 cur=-0.15 thr=0.25 margin=-0.40; ret10_non_positive cur=-0.15
1772084473.000,124500,CLOSE,60400.0000,-0.083,2,664450,0.500,0.000,0.000,NO_BUY,reject=ret cur=-0.08 thr=0.15 margin=-0.23 relax=0.00 | all=ret cur=-0.08 thr=0.15 margin=-0.23 relax=0.00; ticks cur=2 thr=4 margin=-2; ret10 cur=-0.08 thr=0.25 margin=-0.33; ret10_non_positive cur=-0.08
1772084473.000,009900,CLOSE,11500.0000,0.000,7,13885720,0.500,0.000,0.000,NO_BUY,reject=ret cur=0.00 thr=0.15 margin=-0.15 relax=0.00 | all=ret cur=0.00 thr=0.15 margin=-0.15 relax=0.00; ret10 cur=0.00 thr=0.25 margin=-0.25; ret10_non_positive cur=0.00
1772084473.000,036810,CLOSE,41750.0000,-0.119,20,41407600,0.500,0.000,0.000,NO_BUY,reject=ret cur=-0.12 thr=0.15 margin=-0.27 relax=0.00 | all=ret cur=-0.12 thr=0.15 margin=-0.27 relax=0.00; ret10 cur=-0.12 thr=0.25 margin=-0.37; ret10_non_positive cur=-0.12
1772084473.000,002020,CLOSE,71200.0000,-0.140,13,14901600,0.500,0.000,0.000,NO_BUY,reject=ret cur=-0.14 thr=0.15 margin=-0.29 relax=0.00 | all=ret cur=-0.14 thr=0.15 margin=-0.29 relax=0.00; ret10 cur=-0.14 thr=0.25 margin=-0.39; ret10_non_positive cur=-0.14
1772084476.000,058470,CLOSE,105700.0000,0.000,33,156464900,0.500,0.000,0.000,NO_BUY,reject=ret cur=0.00 thr=0.15 margin=-0.15 relax=0.00 | all=ret cur=0.00 thr=0.15 margin=-0.15 relax=0.00; ret10 cur=0.00 thr=0.25 margin=-0.25; ret10_non_positive cur=0.00
1772084476.000,064760,CLOSE,235500.0000,0.000,10,16952000,0.500,0.000,0.000,NO_BUY,reject=ret cur=0.00 thr=0.15 margin=-0.15 relax=0.00 | all=ret cur=0.00 thr=0.15 margin=-0.15 relax=0.00; ret10 cur=0.00 thr=0.25 margin=-0.25; ret10_non_positive cur=0.00
1772084476.000,064400,CLOSE,73800.0000,0.136,16,13591500,0.570,0.135,0.000,NO_BUY,reject=ret cur=0.14 thr=0.15 margin=-0.01 relax=0.00 | all=ret cur=0.14 thr=0.15 margin=-0.01 relax=0.00; ret10 cur=0.14 thr=0.25 margin=-0.11
1772084479.000,035420,CLOSE,259500.0000,0.000,26,151554750,0.603,0.192,0.000,NO_BUY,reject=ret cur=0.00 thr=0.15 margin=-0.15 relax=0.00 | all=ret cur=0.00 thr=0.15 margin=-0.15 relax=0.00; ret10 cur=0.00 thr=0.25 margin=-0.25; ret10_non_positive cur=0.00
1772084479.000,396500,CLOSE,34635.0000,0.101,79,229094791,0.500,0.000,0.000,NO_BUY,reject=ret cur=0.10 thr=0.15 margin=-0.05 relax=0.00 | all=ret cur=0.10 thr=0.15 margin=-0.05 relax=0.00; ret10 cur=0.10 thr=0.25 margin=-0.15
1772084481.000,233740,CLOSE,20320.0000,0.025,40,189278635,0.500,0.000,0.000,NO_BUY,reject=ret cur=0.02 thr=0.15 margin=-0.13 relax=0.00 | all=ret cur=0.02 thr=0.15 margin=-0.13 relax=0.00; ret10 cur=0.02 thr=0.25 margin=-0.23
1772084481.000,089890,CLOSE,25400.0000,0.000,3,8382000,0.500,0.000,0.000,NO_BUY,reject=ret cur=0.00 thr=0.15 margin=-0.15 relax=0.00 | all=ret cur=0.00 thr=0.15 margin=-0.15 relax=0.00; ticks cur=3 thr=4 margin=-1; ret10 cur=0.00 thr=0.25 margin=-0.25; ret10_non_positive cur=0.00
1772084483.000,005930,CLOSE,216000.0000,0.000,161,1988368250,0.481,0.231,0.000,NO_BUY,reject=ret cur=0.00 thr=0.15 margin=-0.15 relax=0.00 | all=ret cur=0.00 thr=0.15 margin=-0.15 relax=0.00; ret10 cur=0.00 thr=0.25 margin=-0.25; ret10_non_positive cur=0.00
1772084484.000,005830,CLOSE,209500.0000,0.239,13,23075000,0.371,0.238,0.000,NO_BUY,reject=ret10 cur=0.24 thr=0.25 margin=-0.01 | all=ret10 cur=0.24 thr=0.25 margin=-0.01
1772084485.000,035720,CLOSE,61400.0000,0.163,41,61123000,0.169,0.163,0.000,NO_BUY,reject=ret10 cur=0.16 thr=0.25 margin=-0.09 | all=ret10 cur=0.16 thr=0.25 margin=-0.09
1772084486.000,066570,CLOSE,145800.0000,-0.069,40,74106900,0.500,0.000,0.000,NO_BUY,reject=ret cur=-0.07 thr=0.15 margin=-0.22 relax=0.00 | all=ret cur=-0.07 thr=0.15 margin=-0.22 relax=0.00; ret10 cur=-0.07 thr=0.25 margin=-0.32; ret10_non_positive cur=-0.07
1772084486.000,187660,CLOSE,19310.0000,-1.329,397,1349966285,0.500,0.000,0.000,NO_BUY,reject=ret cur=-1.33 thr=0.15 margin=-1.48 relax=0.00 | all=ret cur=-1.33 thr=0.15 margin=-1.48 relax=0.00; ret10 cur=-1.33 thr=0.25 margin=-1.58; ret10_non_positive cur=-1.33
1772084487.000,039030,CLOSE,415000.0000,0.000,4,19920000,0.094,0.120,0.000,NO_BUY,reject=ret cur=0.00 thr=0.15 margin=-0.15 relax=0.00 | all=ret cur=0.00 thr=0.15 margin=-0.15 relax=0.00; ret10 cur=0.00 thr=0.25 margin=-0.25; ret10_non_positive cur=0.00
1772084490.000,336260,CLOSE,39900.0000,-0.125,2,1596050,0.500,0.000,0.000,NO_BUY,reject=ret cur=-0.13 thr=0.15 margin=-0.28 relax=0.00 | all=ret cur=-0.13 thr=0.15 margin=-0.28 relax=0.00; ticks cur=2 thr=4 margin=-2; ret10 cur=-0.13 thr=0.25 margin=-0.38; ret10_non_positive cur=-0.13
1772084490.000,086520,CLOSE,184100.0000,0.000,10,32045800,0.500,0.000,0.000,NO_BUY,reject=ret cur=0.00 thr=0.15 margin=-0.15 relax=0.00 | all=ret cur=0.00 thr=0.15 margin=-0.15 relax=0.00; ret10 cur=0.00 thr=0.25 margin=-0.25; ret10_non_positive cur=0.00
1772084490.000,103590,CLOSE,88200.0000,0.000,13,82555200,0.681,0.113,0.000,NO_BUY,reject=ret cur=0.00 thr=0.15 margin=-0.15 relax=0.00 | all=ret cur=0.00 thr=0.15 margin=-0.15 relax=0.00; ret10 cur=0.00 thr=0.25 margin=-0.25; ret10_non_positive cur=0.00
1772084493.000,122630,CLOSE,111505.0000,-0.018,213,5244377973,0.500,0.000,0.000,NO_BUY,reject=ret cur=-0.02 thr=0.15 margin=-0.17 relax=0.00 | all=ret cur=-0.02 thr=0.15 margin=-0.17 relax=0.00; ret10 cur=-0.02 thr=0.25 margin=-0.27; ret10_non_positive cur=-0.02
1772084493.000,229200,CLOSE,20995.0000,0.024,429,672178307,0.500,0.000,0.000,NO_BUY,reject=ret cur=0.02 thr=0.15 margin=-0.13 relax=0.00 | all=ret cur=0.02 thr=0.15 margin=-0.13 relax=0.00; ret10 cur=0.02 thr=0.25 margin=-0.23
1772084493.000,009900,CLOSE,11520.0000,0.000,8,9950140,0.500,0.000,0.000,NO_BUY,reject=ret cur=0.00 thr=0.15 margin=-0.15 relax=0.00 | all=ret cur=0.00 thr=0.15 margin=-0.15 relax=0.00; ret10 cur=0.00 thr=0.25 margin=-0.25; ret10_non_positive cur=0.00
1772084493.000,377300,CLOSE,68600.0000,-0.146,17,7271300,0.500,0.000,0.000,NO_BUY,reject=ret cur=-0.15 thr=0.15 margin=-0.30 relax=0.00 | all=ret cur=-0.15 thr=0.15 margin=-0.30 relax=0.00; ret10 cur=-0.15 thr=0.25 margin=-0.40; ret10_non_positive cur=-0.15
1772084494.000,310210,CLOSE,315500.0000,-0.158,2,16116500,0.500,0.000,0.000,NO_BUY,reject=ret cur=-0.16 thr=0.15 margin=-0.31 relax=0.00 | all=ret cur=-0.16 thr=0.15 margin=-0.31 relax=0.00; ticks cur=2 thr=4 margin=-2; ret10 cur=-0.16 thr=0.25 margin=-0.41; ret10_non_positive cur=-0.16
1772084495.000,036810,CLOSE,41750.0000,0.120,2,794150,0.500,0.000,0.000,NO_BUY,reject=ret cur=0.12 thr=0.15 margin=-0.03 relax=0.00 | all=ret cur=0.12 thr=0.15 margin=-0.03 relax=0.00; ticks cur=2 thr=4 margin=-2; ret10 cur=0.12 thr=0.25 margin=-0.13
1772084496.000,064760,CLOSE,236000.0000,0.426,3,1882000,0.500,0.000,0.000,NO_BUY,reject=ticks cur=3 thr=4 margin=-1 | all=ticks cur=3 thr=4 margin=-1
1772084496.000,058470,CLOSE,105800.0000,-0.094,13,10160100,0.500,0.000,0.000,NO_BUY,reject=ret cur=-0.09 thr=0.15 margin=-0.24 relax=0.00 | all=ret cur=-0.09 thr=0.15 margin=-0.24 relax=0.00; ret10 cur=-0.09 thr=0.25 margin=-0.34; ret10_non_positive cur=-0.09
1772084496.000,002020,CLOSE,71300.0000,0.140,4,6202800,0.500,0.000,0.000,NO_BUY,reject=ret cur=0.14 thr=0.15 margin=-0.01 relax=0.00 | all=ret cur=0.14 thr=0.15 margin=-0.01 relax=0.00; ret10 cur=0.14 thr=0.25 margin=-0.11
1772084498.000,064400,CLOSE,73800.0000,0.136,8,4948900,0.568,0.135,0.000,NO_BUY,reject=ret cur=0.14 thr=0.15 margin=-0.01 relax=0.00 | all=ret cur=0.14 thr=0.15 margin=-0.01 relax=0.00; ret10 cur=0.14 thr=0.25 margin=-0.11
1772084499.000,035420,CLOSE,259500.0000,0.000,46,88301000,0.598,0.192,0.000,NO_BUY,reject=ret cur=0.00 thr=0.15 margin=-0.15 relax=0.00 | all=ret cur=0.00 thr=0.15 margin=-0.15 relax=0.00; ret10 cur=0.00 thr=0.25 margin=-0.25; ret10_non_positive cur=0.00
1772084499.000,396500,CLOSE,34660.0000,0.000,81,922825845,0.500,0.000,0.000,NO_BUY,reject=ret cur=0.00 thr=0.15 margin=-0.15 relax=0.00 | all=ret cur=0.00 thr=0.15 margin=-0.15 relax=0.00; ret10 cur=0.00 thr=0.25 margin=-0.25; ret10_non_positive cur=0.00
1772084501.000,233740,CLOSE,20330.0000,0.000,65,618750600,0.500,0.000,0.000,NO_BUY,reject=ret cur=0.00 thr=0.15 margin=-0.15 relax=0.00 | all=ret cur=0.00 thr=0.15 margin=-0.15 relax=0.00; ret10 cur=0.00 thr=0.25 margin=-0.25; ret10_non_positive cur=0.00
1772084502.000,089890,CLOSE,25450.0000,0.000,6,2239600,0.500,0.000,0.000,NO_BUY,reject=ret cur=0.00 thr=0.15 margin=-0.15 relax=0.00 | all=ret cur=0.00 thr=0.15 margin=-0.15 relax=0.00; ret10 cur=0.00 thr=0.25 margin=-0.25; ret10_non_positive cur=0.00
1772084503.000,005930,CLOSE,216500.0000,-0.231,148,1208821250,0.478,0.231,0.000,NO_BUY,reject=ret cur=-0.23 thr=0.15 margin=-0.38 relax=0.00 | all=ret cur=-0.23 thr=0.15 margin=-0.38 relax=0.00; ret10 cur=-0.23 thr=0.25 margin=-0.48; ret10_non_positive cur=-0.23
1772084504.000,005830,CLOSE,210000.0000,0.000,27,138179500,0.348,0.238,0.000,NO_BUY,reject=ret cur=0.00 thr=0.15 margin=-0.15 relax=0.00 | all=ret cur=0.00 thr=0.15 margin=-0.15 relax=0.00; ret10 cur=0.00 thr=0.25 margin=-0.25; ret10_non_positive cur=0.00
1772084505.000,035720,CLOSE,61500.0000,0.081,46,83051850,0.170,0.163,0.000,NO_BUY,reject=ret cur=0.08 thr=0.15 margin=-0.07 relax=0.00 | all=ret cur=0.08 thr=0.15 margin=-0.07 relax=0.00; ret10 cur=0.08 thr=0.25 margin=-0.17
1772084505.000,124500,CLOSE,60300.0000,0.000,2,8803800,0.500,0.000,0.000,NO_BUY,reject=ret cur=0.00 thr=0.15 margin=-0.15 relax=0.00 | all=ret cur=0.00 thr=0.15 margin=-0.15 relax=0.00; ticks cur=2 thr=4 margin=-2; ret10 cur=0.00 thr=0.25 margin=-0.25; ret10_non_positive cur=0.00
1772084506.000,066570,CLOSE,146000.0000,0.000,47,92942500,0.500,0.000,0.000,NO_BUY,reject=ret cur=0.00 thr=0.15 margin=-0.15 relax=0.00 | all=ret cur=0.00 thr=0.15 margin=-0.15 relax=0.00; ret10 cur=0.00 thr=0.25 margin=-0.25; ret10_non_positive cur=0.00
1772084506.000,187660,CLOSE,19460.0000,0.361,137,226883965,0.500,0.000,0.000,NO_BUY,pullback_wait cur=19460.00 peak=19480.00 pb_thr=19441.04 reb_thr=19470.26 pulled=0
1772084506.000,001500,CLOSE,13320.0000,0.000,4,1823470,0.500,0.000,0.000,NO_BUY,reject=ret cur=0.00 thr=0.15 margin=-0.15 relax=0.00 | all=ret cur=0.00 thr=0.15 margin=-0.15 relax=0.00; ret10 cur=0.00 thr=0.25 margin=-0.25; ret10_non_positive cur=0.00
1772084510.000,086520,CLOSE,183800.0000,-0.163,41,1695086900,0.500,0.000,0.000,NO_BUY,reject=ret cur=-0.16 thr=0.15 margin=-0.31 relax=0.00 | all=ret cur=-0.16 thr=0.15 margin=-0.31 relax=0.00; ret10 cur=-0.16 thr=0.25 margin=-0.41; ret10_non_positive cur=-0.16
1772084511.000,336260,CLOSE,39950.0000,0.125,2,1038650,0.500,0.000,0.000,NO_BUY,reject=ret cur=0.13 thr=0.15 margin=-0.02 relax=0.00 | all=ret cur=0.13 thr=0.15 margin=-0.02 relax=0.00; ticks cur=2 thr=4 margin=-2; ret10 cur=0.13 thr=0.25 margin=-0.12
1772084511.000,103590,CLOSE,88200.0000,0.000,5,7582700,0.682,0.113,0.000,NO_BUY,reject=ret cur=0.00 thr=0.15 margin=-0.15 relax=0.00 | all=ret cur=0.00 thr=0.15 margin=-0.15 relax=0.00; ret10 cur=0.00 thr=0.25 margin=-0.25; ret10_non_positive cur=0.00
1772084513.000,122630,CLOSE,111465.0000,-0.013,59,309986380,0.500,0.000,0.000,NO_BUY,reject=ret cur=-0.01 thr=0.15 margin=-0.16 relax=0.00 | all=ret cur=-0.01 thr=0.15 margin=-0.16 relax=0.00; ret10 cur=-0.01 thr=0.25 margin=-0.26; ret10_non_positive cur=-0.01
1772084513.000,229200,CLOSE,20985.0000,-0.024,315,1266160445,0.500,0.000,0.000,NO_BUY,reject=ret cur=-0.02 thr=0.15 margin=-0.17 relax=0.00 | all=ret cur=-0.02 thr=0.15 margin=-0.17 relax=0.00; ret10 cur=-0.02 thr=0.25 margin=-0.27; ret10_non_positive cur=-0.02
1772084514.000,039030,CLOSE,415000.0000,0.121,2,5391500,0.136,0.121,0.000,NO_BUY,reject=ret cur=0.12 thr=0.15 margin=-0.03 relax=0.00 | all=ret cur=0.12 thr=0.15 margin=-0.03 relax=0.00; ticks cur=2 thr=4 margin=-2; ret10 cur=0.12 thr=0.25 margin=-0.13
1772084514.000,377300,CLOSE,68650.0000,0.000,10,15589500,0.500,0.000,0.000,NO_BUY,reject=ret cur=0.00 thr=0.15 margin=-0.15 relax=0.00 | all=ret cur=0.00 thr=0.15 margin=-0.15 relax=0.00; ret10 cur=0.00 thr=0.25 margin=-0.25; ret10_non_positive cur=0.00
1772084514.000,009900,CLOSE,11500.0000,0.087,3,4358600,0.500,0.000,0.000,NO_BUY,reject=ret cur=0.09 thr=0.15 margin=-0.06 relax=0.00 | all=ret cur=0.09 thr=0.15 margin=-0.06 relax=0.00; ticks cur=3 thr=4 margin=-1; ret10 cur=0.09 thr=0.25 margin=-0.16
1772084515.000,310210,CLOSE,316000.0000,0.158,7,16747000,0.500,0.000,0.000,NO_BUY,reject=ret10 cur=0.16 thr=0.25 margin=-0.09 | all=ret10 cur=0.16 thr=0.25 margin=-0.09
1772084516.000,064760,CLOSE,235500.0000,-0.212,4,6364000,0.500,0.000,0.000,NO_BUY,reject=ret cur=-0.21 thr=0.15 margin=-0.36 relax=0.00 | all=ret cur=-0.21 thr=0.15 margin=-0.36 relax=0.00; ret10 cur=-0.21 thr=0.25 margin=-0.46; ret10_non_positive cur=-0.21
1772084516.000,058470,CLOSE,105850.0000,0.000,9,9421400,0.500,0.000,0.000,NO_BUY,reject=ret cur=0.00 thr=0.15 margin=-0.15 relax=0.00 | all=ret cur=0.00 thr=0.15 margin=-0.15 relax=0.00; ret10 cur=0.00 thr=0.25 margin=-0.25; ret10_non_positive cur=0.00
1772084517.000,002020,CLOSE,71300.0000,0.140,5,498800,0.500,0.000,0.000,NO_BUY,reject=ret cur=0.14 thr=0.15 margin=-0.01 relax=0.00 | all=ret cur=0.14 thr=0.15 margin=-0.01 relax=0.00; ret10 cur=0.14 thr=0.25 margin=-0.11
1772084518.000,064400,CLOSE,73850.0000,0.068,8,2807050,0.572,0.135,0.000,NO_BUY,reject=ret cur=0.07 thr=0.15 margin=-0.08 relax=0.00 | all=ret cur=0.07 thr=0.15 margin=-0.08 relax=0.00; ret10 cur=0.07 thr=0.25 margin=-0.18
1772084518.000,036810,CLOSE,41750.0000,-0.120,2,1003150,0.500,0.000,0.000,NO_BUY,reject=ret cur=-0.12 thr=0.15 margin=-0.27 relax=0.00 | all=ret cur=-0.12 thr=0.15 margin=-0.27 relax=0.00; ticks cur=2 thr=4 margin=-2; ret10 cur=-0.12 thr=0.25 margin=-0.37; ret10_non_positive cur=-0.12
1772084519.000,396500,CLOSE,34675.0000,0.000,51,559838985,0.500,0.000,0.000,NO_BUY,reject=ret cur=0.00 thr=0.15 margin=-0.15 relax=0.00 | all=ret cur=0.00 thr=0.15 margin=-0.15 relax=0.00; ret10 cur=0.00 thr=0.25 margin=-0.25; ret10_non_positive cur=0.00
1772084519.000,035420,CLOSE,260000.0000,0.000,25,28810250,0.591,0.192,0.000,NO_BUY,reject=ret cur=0.00 thr=0.15 margin=-0.15 relax=0.00 | all=ret cur=0.00 thr=0.15 margin=-0.15 relax=0.00; ret10 cur=0.00 thr=0.25 margin=-0.25; ret10_non_positive cur=0.00
1772084521.000,233740,CLOSE,20330.0000,0.000,27,90967965,0.500,0.000,0.000,NO_BUY,reject=ret cur=0.00 thr=0.15 margin=-0.15 relax=0.00 | all=ret cur=0.00 thr=0.15 margin=-0.15 relax=0.00; ret10 cur=0.00 thr=0.25 margin=-0.25; ret10_non_positive cur=0.00
1772084523.000,005930,CLOSE,216500.0000,-0.231,166,2225159500,0.478,0.231,0.000,NO_BUY,reject=ret cur=-0.23 thr=0.15 margin=-0.38 relax=0.00 | all=ret cur=-0.23 thr=0.15 margin=-0.38 relax=0.00; ret10 cur=-0.23 thr=0.25 margin=-0.48; ret10_non_positive cur=-0.23
1772084524.000,005830,CLOSE,210500.0000,-0.238,13,17452000,0.321,0.238,0.000,NO_BUY,reject=ret cur=-0.24 thr=0.15 margin=-0.39 relax=0.00 | all=ret cur=-0.24 thr=0.15 margin=-0.39 relax=0.00; ret10 cur=-0.24 thr=0.25 margin=-0.49; ret10_non_positive cur=-0.24
1772084525.000,035720,CLOSE,61500.0000,-0.081,41,49808200,0.174,0.163,0.000,NO_BUY,reject=ret cur=-0.08 thr=0.15 margin=-0.23 relax=0.00 | all=ret cur=-0.08 thr=0.15 margin=-0.23 relax=0.00; ret10 cur=-0.08 thr=0.25 margin=-0.33; ret10_non_positive cur=-0.08
1772084526.000,066570,CLOSE,145900.0000,0.069,32,46127750,0.500,0.000,0.000,NO_BUY,reject=ret cur=0.07 thr=0.15 margin=-0.08 relax=0.00 | all=ret cur=0.07 thr=0.15 margin=-0.08 relax=0.00; ret10 cur=0.07 thr=0.25 margin=-0.18
1772084526.000,187660,CLOSE,19420.0000,-0.154,168,300176960,0.500,0.000,0.000,NO_BUY,reject=ret cur=-0.15 thr=0.15 margin=-0.30 relax=0.00 | all=ret cur=-0.15 thr=0.15 margin=-0.30 relax=0.00; ret10 cur=-0.15 thr=0.25 margin=-0.40; ret10_non_positive cur=-0.15
1772084527.000,001500,CLOSE,13290.0000,-0.075,13,17757990,0.500,0.000,0.000,NO_BUY,reject=ret cur=-0.08 thr=0.15 margin=-0.23 relax=0.00 | all=ret cur=-0.08 thr=0.15 margin=-0.23 relax=0.00; ret10 cur=-0.08 thr=0.25 margin=-0.33; ret10_non_positive cur=-0.08
1772084530.000,086520,CLOSE,183900.0000,0.054,42,187891750,0.500,0.000,0.000,NO_BUY,reject=ret cur=0.05 thr=0.15 margin=-0.10 relax=0.00 | all=ret cur=0.05 thr=0.15 margin=-0.10 relax=0.00; ret10 cur=0.05 thr=0.25 margin=-0.20
1772084531.000,103590,CLOSE,88200.0000,0.000,2,1587600,0.688,0.113,0.000,NO_BUY,reject=ret cur=0.00 thr=0.15 margin=-0.15 relax=0.00 | all=ret cur=0.00 thr=0.15 margin=-0.15 relax=0.00; ticks cur=2 thr=4 margin=-2; ret10 cur=0.00 thr=0.25 margin=-0.25; ret10_non_positive cur=0.00
1772084531.000,124500,CLOSE,60400.0000,-0.165,5,21172600,0.500,0.000,0.000,NO_BUY,reject=ret cur=-0.17 thr=0.15 margin=-0.32 relax=0.00 | all=ret cur=-0.17 thr=0.15 margin=-0.32 relax=0.00; ret10 cur=-0.17 thr=0.25 margin=-0.42; ret10_non_positive cur=-0.17
1772084531.000,336260,CLOSE,39900.0000,0.125,6,958600,0.500,0.000,0.000,NO_BUY,reject=ret cur=0.13 thr=0.15 margin=-0.02 relax=0.00 | all=ret cur=0.13 thr=0.15 margin=-0.02 relax=0.00; ret10 cur=0.13 thr=0.25 margin=-0.12
1772084533.000,122630,CLOSE,111395.0000,-0.054,290,2709840455,0.500,0.000,0.000,NO_BUY,reject=ret cur=-0.05 thr=0.15 margin=-0.20 relax=0.00 | all=ret cur=-0.05 thr=0.15 margin=-0.20 relax=0.00; ret10 cur=-0.05 thr=0.25 margin=-0.30; ret10_non_positive cur=-0.05
1772084533.000,229200,CLOSE,20995.0000,0.000,54,270245440,0.500,0.000,0.000,NO_BUY,reject=ret cur=0.00 thr=0.15 margin=-0.15 relax=0.00 | all=ret cur=0.00 thr=0.15 margin=-0.15 relax=0.00; ret10 cur=0.00 thr=0.25 margin=-0.25; ret10_non_positive cur=0.00
1772084534.000,009900,CLOSE,11520.0000,0.000,6,4832870,0.500,0.000,0.000,NO_BUY,reject=ret cur=0.00 thr=0.15 margin=-0.15 relax=0.00 | all=ret cur=0.00 thr=0.15 margin=-0.15 relax=0.00; ret10 cur=0.00 thr=0.25 margin=-0.25; ret10_non_positive cur=0.00
1772084535.000,039030,CLOSE,414000.0000,-0.121,14,60911000,0.500,0.000,0.000,NO_BUY,reject=ret cur=-0.12 thr=0.15 margin=-0.27 relax=0.00 | all=ret cur=-0.12 thr=0.15 margin=-0.27 relax=0.00; ret10 cur=-0.12 thr=0.25 margin=-0.37; ret10_non_positive cur=-0.12
1772084535.000,377300,CLOSE,68700.0000,0.000,6,893100,0.500,0.000,0.000,NO_BUY,reject=ret cur=0.00 thr=0.15 margin=-0.15 relax=0.00 | all=ret cur=0.00 thr=0.15 margin=-0.15 relax=0.00; ret10 cur=0.00 thr=0.25 margin=-0.25; ret10_non_positive cur=0.00
1772084536.000,058470,CLOSE,106100.0000,0.142,64,81735950,0.500,0.000,0.000,NO_BUY,reject=ret cur=0.14 thr=0.15 margin=-0.01 relax=0.00 | all=ret cur=0.14 thr=0.15 margin=-0.01 relax=0.00; ret10 cur=0.14 thr=0.25 margin=-0.11
1772084536.000,310210,CLOSE,316500.0000,0.000,2,632000,0.500,0.000,0.000,NO_BUY,reject=ret cur=0.00 thr=0.15 margin=-0.15 relax=0.00 | all=ret cur=0.00 thr=0.15 margin=-0.15 relax=0.00; ticks cur=2 thr=4 margin=-2; ret10 cur=0.00 thr=0.25 margin=-0.25; ret10_non_positive cur=0.00
1772084537.000,002020,CLOSE,71300.0000,0.000,7,2210300,0.500,0.000,0.000,NO_BUY,reject=ret cur=0.00 thr=0.15 margin=-0.15 relax=0.00 | all=ret cur=0.00 thr=0.15 margin=-0.15 relax=0.00; ret10 cur=0.00 thr=0.25 margin=-0.25; ret10_non_positive cur=0.00
1772084537.000,064760,CLOSE,235000.0000,-0.212,5,5416000,0.500,0.000,0.000,NO_BUY,reject=ret cur=-0.21 thr=0.15 margin=-0.36 relax=0.00 | all=ret cur=-0.21 thr=0.15 margin=-0.36 relax=0.00; ret10 cur=-0.21 thr=0.25 margin=-0.46; ret10_non_positive cur=-0.21
1772084539.000,035420,CLOSE,260000.0000,0.193,56,1567796000,0.537,0.192,0.000,NO_BUY,reject=ret10 cur=0.19 thr=0.25 margin=-0.06 | all=ret10 cur=0.19 thr=0.25 margin=-0.06
1772084539.000,064400,CLOSE,73800.0000,-0.135,10,4135250,0.572,0.135,0.000,NO_BUY,reject=ret cur=-0.14 thr=0.15 margin=-0.29 relax=0.00 | all=ret cur=-0.14 thr=0.15 margin=-0.29 relax=0.00; ret10 cur=-0.14 thr=0.25 margin=-0.39; ret10_non_positive cur=-0.14
1772084539.000,396500,CLOSE,34650.0000,0.014,83,964617321,0.500,0.000,0.000,NO_BUY,reject=ret cur=0.01 thr=0.15 margin=-0.14 relax=0.00 | all=ret cur=0.01 thr=0.15 margin=-0.14 relax=0.00; ret10 cur=0.01 thr=0.25 margin=-0.24
1772084540.000,036810,CLOSE,41750.0000,0.000,6,6638250,0.500,0.000,0.000,NO_BUY,reject=ret cur=0.00 thr=0.15 margin=-0.15 relax=0.00 | all=ret cur=0.00 thr=0.15 margin=-0.15 relax=0.00; ret10 cur=0.00 thr=0.25 margin=-0.25; ret10_non_positive cur=0.00
1772084541.000,233740,CLOSE,20335.0000,0.049,83,430358315,0.500,0.000,0.000,NO_BUY,reject=ret cur=0.05 thr=0.15 margin=-0.10 relax=0.00 | all=ret cur=0.05 thr=0.15 margin=-0.10 relax=0.00; ret10 cur=0.05 thr=0.25 margin=-0.20
1772084543.000,005930,CLOSE,216000.0000,-0.116,158,1670487250,0.477,0.231,0.000,NO_BUY,reject=ret cur=-0.12 thr=0.15 margin=-0.27 relax=0.00 | all=ret cur=-0.12 thr=0.15 margin=-0.27 relax=0.00; ret10 cur=-0.12 thr=0.25 margin=-0.37; ret10_non_positive cur=-0.12
1772084545.000,035720,CLOSE,61500.0000,-0.081,33,59270700,0.175,0.163,0.000,NO_BUY,reject=ret cur=-0.08 thr=0.15 margin=-0.23 relax=0.00 | all=ret cur=-0.08 thr=0.15 margin=-0.23 relax=0.00; ret10 cur=-0.08 thr=0.25 margin=-0.33; ret10_non_positive cur=-0.08
1772084546.000,187660,CLOSE,19320.0000,-0.258,186,298558655,0.500,0.000,0.000,NO_BUY,reject=ret cur=-0.26 thr=0.15 margin=-0.41 relax=0.00 | all=ret cur=-0.26 thr=0.15 margin=-0.41 relax=0.00; ret10 cur=-0.26 thr=0.25 margin=-0.51; ret10_non_positive cur=-0.26
1772084546.000,066570,CLOSE,145900.0000,-0.068,39,45971500,0.500,0.000,0.000,NO_BUY,reject=ret cur=-0.07 thr=0.15 margin=-0.22 relax=0.00 | all=ret cur=-0.07 thr=0.15 margin=-0.22 relax=0.00; ret10 cur=-0.07 thr=0.25 margin=-0.32; ret10_non_positive cur=-0.07
1772084546.000,005830,CLOSE,210000.0000,0.238,9,24410500,0.357,0.238,0.000,NO_BUY,reject=ret10 cur=0.24 thr=0.25 margin=-0.01 | all=ret10 cur=0.24 thr=0.25 margin=-0.01
1772084549.000,001500,CLOSE,13280.0000,0.000,3,5511200,0.500,0.000,0.000,NO_BUY,reject=ret cur=0.00 thr=0.15 margin=-0.15 relax=0.00 | all=ret cur=0.00 thr=0.15 margin=-0.15 relax=0.00; ticks cur=3 thr=4 margin=-1; ret10 cur=0.00 thr=0.25 margin=-0.25; ret10_non_positive cur=0.00
1772084550.000,086520,CLOSE,184000.0000,0.000,60,215086400,0.500,0.000,0.000,NO_BUY,reject=ret cur=0.00 thr=0.15 margin=-0.15 relax=0.00 | all=ret cur=0.00 thr=0.15 margin=-0.15 relax=0.00; ret10 cur=0.00 thr=0.25 margin=-0.25; ret10_non_positive cur=0.00
1772084551.000,124500,CLOSE,60600.0000,-0.165,6,6893750,0.500,0.000,0.000,NO_BUY,reject=ret cur=-0.17 thr=0.15 margin=-0.32 relax=0.00 | all=ret cur=-0.17 thr=0.15 margin=-0.32 relax=0.00; ret10 cur=-0.17 thr=0.25 margin=-0.42; ret10_non_positive cur=-0.17
1772084553.000,229200,CLOSE,20990.0000,0.000,27,124007535,0.500,0.000,0.000,NO_BUY,reject=ret cur=0.00 thr=0.15 margin=-0.15 relax=0.00 | all=ret cur=0.00 thr=0.15 margin=-0.15 relax=0.00; ret10 cur=0.00 thr=0.25 margin=-0.25; ret10_non_positive cur=0.00
1772084553.000,122630,CLOSE,111510.0000,0.013,336,3326074840,0.500,0.000,0.000,NO_BUY,reject=ret cur=0.01 thr=0.15 margin=-0.14 relax=0.00 | all=ret cur=0.01 thr=0.15 margin=-0.14 relax=0.00; ret10 cur=0.01 thr=0.25 margin=-0.24
1772084554.000,009900,CLOSE,11520.0000,0.174,3,5344760,0.500,0.000,0.000,NO_BUY,reject=ticks cur=3 thr=4 margin=-1 | all=ticks cur=3 thr=4 margin=-1; ret10 cur=0.17 thr=0.25 margin=-0.08
1772084554.000,103590,CLOSE,88100.0000,0.000,4,8193400,0.690,0.113,0.000,NO_BUY,reject=ret cur=0.00 thr=0.15 margin=-0.15 relax=0.00 | all=ret cur=0.00 thr=0.15 margin=-0.15 relax=0.00; ret10 cur=0.00 thr=0.25 margin=-0.25; ret10_non_positive cur=0.00
1772084555.000,039030,CLOSE,415000.0000,0.000,3,1245500,0.134,0.121,0.000,NO_BUY,reject=ret cur=0.00 thr=0.15 margin=-0.15 relax=0.00 | all=ret cur=0.00 thr=0.15 margin=-0.15 relax=0.00; ticks cur=3 thr=4 margin=-1; ret10 cur=0.00 thr=0.25 margin=-0.25; ret10_non_positive cur=0.00
1772084555.000,377300,CLOSE,68700.0000,0.146,10,10371900,0.500,0.000,0.000,NO_BUY,reject=ret cur=0.15 thr=0.15 margin=-0.00 relax=0.00 | all=ret cur=0.15 thr=0.15 margin=-0.00 relax=0.00; ret10 cur=0.15 thr=0.25 margin=-0.10
1772084557.000,058470,CLOSE,105900.0000,-0.189,11,22377600,0.500,0.000,0.000,NO_BUY,reject=ret cur=-0.19 thr=0.15 margin=-0.34 relax=0.00 | all=ret cur=-0.19 thr=0.15 margin=-0.34 relax=0.00; ret10 cur=-0.19 thr=0.25 margin=-0.44; ret10_non_positive cur=-0.19
1772084557.000,064760,CLOSE,235000.0000,0.000,4,13416000,0.500,0.000,0.000,NO_BUY,reject=ret cur=0.00 thr=0.15 margin=-0.15 relax=0.00 | all=ret cur=0.00 thr=0.15 margin=-0.15 relax=0.00; ret10 cur=0.00 thr=0.25 margin=-0.25; ret10_non_positive cur=0.00
1772084558.000,310210,CLOSE,315500.0000,0.000,10,12008000,0.500,0.000,0.000,NO_BUY,reject=ret cur=0.00 thr=0.15 margin=-0.15 relax=0.00 | all=ret cur=0.00 thr=0.15 margin=-0.15 relax=0.00; ret10 cur=0.00 thr=0.25 margin=-0.25; ret10_non_positive cur=0.00
1772084559.000,035420,CLOSE,260250.0000,0.096,32,54411250,0.534,0.192,0.000,NO_BUY,reject=ret cur=0.10 thr=0.15 margin=-0.05 relax=0.00 | all=ret cur=0.10 thr=0.15 margin=-0.05 relax=0.00; ret10 cur=0.10 thr=0.25 margin=-0.15
1772084559.000,396500,CLOSE,34670.0000,0.014,67,122583170,0.500,0.000,0.000,NO_BUY,reject=ret cur=0.01 thr=0.15 margin=-0.14 relax=0.00 | all=ret cur=0.01 thr=0.15 margin=-0.14 relax=0.00; ret10 cur=0.01 thr=0.25 margin=-0.24
1772084559.000,002020,CLOSE,71300.0000,0.000,3,2923300,0.500,0.000,0.000,NO_BUY,reject=ret cur=0.00 thr=0.15 margin=-0.15 relax=0.00 | all=ret cur=0.00 thr=0.15 margin=-0.15 relax=0.00; ticks cur=3 thr=4 margin=-1; ret10 cur=0.00 thr=0.25 margin=-0.25; ret10_non_positive cur=0.00
1772084559.000,336260,CLOSE,39900.0000,0.000,2,79900,0.500,0.000,0.000,NO_BUY,reject=ret cur=0.00 thr=0.15 margin=-0.15 relax=0.00 | all=ret cur=0.00 thr=0.15 margin=-0.15 relax=0.00; ticks cur=2 thr=4 margin=-2; ret10 cur=0.00 thr=0.25 margin=-0.25; ret10_non_positive cur=0.00
1772084560.000,064400,CLOSE,73800.0000,0.136,5,9963400,0.574,0.135,0.000,NO_BUY,reject=ret cur=0.14 thr=0.15 margin=-0.01 relax=0.00 | all=ret cur=0.14 thr=0.15 margin=-0.01 relax=0.00; ret10 cur=0.14 thr=0.25 margin=-0.11
1772084560.000,036810,CLOSE,41750.0000,0.000,3,585100,0.500,0.000,0.000,NO_BUY,reject=ret cur=0.00 thr=0.15 margin=-0.15 relax=0.00 | all=ret cur=0.00 thr=0.15 margin=-0.15 relax=0.00; ticks cur=3 thr=4 margin=-1; ret10 cur=0.00 thr=0.25 margin=-0.25; ret10_non_positive cur=0.00
1772084561.000,233740,CLOSE,20335.0000,0.000,26,101607620,0.500,0.000,0.000,NO_BUY,reject=ret cur=0.00 thr=0.15 margin=-0.15 relax=0.00 | all=ret cur=0.00 thr=0.15 margin=-0.15 relax=0.00; ret10 cur=0.00 thr=0.25 margin=-0.25; ret10_non_positive cur=0.00
1772084563.000,005930,CLOSE,216000.0000,0.231,140,1065274500,0.481,0.231,0.000,NO_BUY,reject=ret10 cur=0.23 thr=0.25 margin=-0.02 | all=ret10 cur=0.23 thr=0.25 margin=-0.02
1772084563.000,042520,CLOSE,51000.0000,0.000,2,1323400,0.500,0.000,0.000,NO_BUY,reject=ret cur=0.00 thr=0.15 margin=-0.15 relax=0.00 | all=ret cur=0.00 thr=0.15 margin=-0.15 relax=0.00; ticks cur=2 thr=4 margin=-2; ret10 cur=0.00 thr=0.25 margin=-0.25; ret10_non_positive cur=0.00
1772084565.000,035720,CLOSE,61400.0000,-0.163,37,49156600,0.176,0.163,0.000,NO_BUY,reject=ret cur=-0.16 thr=0.15 margin=-0.31 relax=0.00 | all=ret cur=-0.16 thr=0.15 margin=-0.31 relax=0.00; ret10 cur=-0.16 thr=0.25 margin=-0.41; ret10_non_positive cur=-0.16
1772084566.000,187660,CLOSE,19360.0000,0.259,118,202065945,0.500,0.000,0.000,NO_BUY,confirm_wait 0.1s
1772084566.000,005830,CLOSE,210000.0000,0.000,23,116574000,0.346,0.476,0.000,NO_BUY,reject=ret cur=0.00 thr=0.15 margin=-0.15 relax=0.00 | all=ret cur=0.00 thr=0.15 margin=-0.15 relax=0.00; ret10 cur=0.00 thr=0.25 margin=-0.25; ret10_non_positive cur=0.00
1772084566.000,066570,CLOSE,145900.0000,-0.068,35,54746300,0.500,0.000,0.000,NO_BUY,reject=ret cur=-0.07 thr=0.15 margin=-0.22 relax=0.00 | all=ret cur=-0.07 thr=0.15 margin=-0.22 relax=0.00; ret10 cur=-0.07 thr=0.25 margin=-0.32; ret10_non_positive cur=-0.07
1772084570.000,086520,CLOSE,184000.0000,-0.054,31,57041900,0.500,0.000,0.000,NO_BUY,reject=ret cur=-0.05 thr=0.15 margin=-0.20 relax=0.00 | all=ret cur=-0.05 thr=0.15 margin=-0.20 relax=0.00; ret10 cur=-0.05 thr=0.25 margin=-0.30; ret10_non_positive cur=-0.05
1772084571.000,124500,CLOSE,60500.0000,-0.165,6,25993100,0.500,0.000,0.000,NO_BUY,reject=ret cur=-0.17 thr=0.15 margin=-0.32 relax=0.00 | all=ret cur=-0.17 thr=0.15 margin=-0.32 relax=0.00; ret10 cur=-0.17 thr=0.25 margin=-0.42; ret10_non_positive cur=-0.17
1772084573.000,122630,CLOSE,111585.0000,0.000,116,632058972,0.500,0.000,0.000,NO_BUY,reject=ret cur=0.00 thr=0.15 margin=-0.15 relax=0.00 | all=ret cur=0.00 thr=0.15 margin=-0.15 relax=0.00; ret10 cur=0.00 thr=0.25 margin=-0.25; ret10_non_positive cur=0.00
1772084573.000,229200,CLOSE,20995.0000,0.000,40,285539180,0.500,0.000,0.000,NO_BUY,reject=ret cur=0.00 thr=0.15 margin=-0.15 relax=0.00 | all=ret cur=0.00 thr=0.15 margin=-0.15 relax=0.00; ret10 cur=0.00 thr=0.25 margin=-0.25; ret10_non_positive cur=0.00
1772084573.000,001500,CLOSE,13290.0000,0.000,6,1302420,0.500,0.000,0.000,NO_BUY,reject=ret cur=0.00 thr=0.15 margin=-0.15 relax=0.00 | all=ret cur=0.00 thr=0.15 margin=-0.15 relax=0.00; ret10 cur=0.00 thr=0.25 margin=-0.25; ret10_non_positive cur=0.00
1772084574.000,103590,CLOSE,88100.0000,-0.113,6,10045600,0.705,0.227,0.000,NO_BUY,reject=ret cur=-0.11 thr=0.15 margin=-0.26 relax=0.00 | all=ret cur=-0.11 thr=0.15 margin=-0.26 relax=0.00; ret10 cur=-0.11 thr=0.25 margin=-0.36; ret10_non_positive cur=-0.11
1772084575.000,377300,CLOSE,68600.0000,0.000,24,26696200,0.500,0.000,0.000,NO_BUY,reject=ret cur=0.00 thr=0.15 margin=-0.15 relax=0.00 | all=ret cur=0.00 thr=0.15 margin=-0.15 relax=0.00; ret10 cur=0.00 thr=0.25 margin=-0.25; ret10_non_positive cur=0.00
1772084577.000,039030,CLOSE,414500.0000,0.000,2,1660000,0.140,0.121,0.000,NO_BUY,reject=ret cur=0.00 thr=0.15 margin=-0.15 relax=0.00 | all=ret cur=0.00 thr=0.15 margin=-0.15 relax=0.00; ticks cur=2 thr=4 margin=-2; ret10 cur=0.00 thr=0.25 margin=-0.25; ret10_non_positive cur=0.00
1772084577.000,064760,CLOSE,235500.0000,0.000,7,4704500,0.500,0.000,0.000,NO_BUY,reject=ret cur=0.00 thr=0.15 margin=-0.15 relax=0.00 | all=ret cur=0.00 thr=0.15 margin=-0.15 relax=0.00; ret10 cur=0.00 thr=0.25 margin=-0.25; ret10_non_positive cur=0.00
1772084577.000,058470,CLOSE,106000.0000,0.094,13,13136000,0.500,0.000,0.000,NO_BUY,reject=ret cur=0.09 thr=0.15 margin=-0.06 relax=0.00 | all=ret cur=0.09 thr=0.15 margin=-0.06 relax=0.00; ret10 cur=0.09 thr=0.25 margin=-0.16
1772084579.000,002020,CLOSE,71400.0000,0.000,3,214200,0.500,0.000,0.000,NO_BUY,reject=ret cur=0.00 thr=0.15 margin=-0.15 relax=0.00 | all=ret cur=0.00 thr=0.15 margin=-0.15 relax=0.00; ticks cur=3 thr=4 margin=-1; ret10 cur=0.00 thr=0.25 margin=-0.25; ret10_non_positive cur=0.00
1772084579.000,310210,CLOSE,315500.0000,0.158,4,1263000,0.500,0.000,0.000,NO_BUY,reject=ret10 cur=0.16 thr=0.25 margin=-0.09 | all=ret10 cur=0.16 thr=0.25 margin=-0.09
1772084580.000,102940,CLOSE,65600.0000,0.000,2,1375500,0.500,0.000,0.000,NO_BUY,reject=ret cur=0.00 thr=0.15 margin=-0.15 relax=0.00 | all=ret cur=0.00 thr=0.15 margin=-0.15 relax=0.00; ticks cur=2 thr=4 margin=-2; ret10 cur=0.00 thr=0.25 margin=-0.25; ret10_non_positive cur=0.00
1772084580.000,396500,CLOSE,34655.0000,-0.029,81,188521655,0.500,0.000,0.000,NO_BUY,reject=ret cur=-0.03 thr=0.15 margin=-0.18 relax=0.00 | all=ret cur=-0.03 thr=0.15 margin=-0.18 relax=0.00; ret10 cur=-0.03 thr=0.25 margin=-0.28; ret10_non_positive cur=-0.03
1772084580.000,064400,CLOSE,73800.0000,0.000,7,9521500,0.574,0.135,0.000,NO_BUY,reject=ret cur=0.00 thr=0.15 margin=-0.15 relax=0.00 | all=ret cur=0.00 thr=0.15 margin=-0.15 relax=0.00; ret10 cur=0.00 thr=0.25 margin=-0.25; ret10_non_positive cur=0.00
1772084580.000,336260,CLOSE,39900.0000,-0.125,7,2234950,0.500,0.000,0.000,NO_BUY,reject=ret cur=-0.13 thr=0.15 margin=-0.28 relax=0.00 | all=ret cur=-0.13 thr=0.15 margin=-0.28 relax=0.00; ret10 cur=-0.13 thr=0.25 margin=-0.38; ret10_non_positive cur=-0.13
1772084580.000,036810,CLOSE,41750.0000,0.000,4,1542900,0.500,0.000,0.000,NO_BUY,reject=ret cur=0.00 thr=0.15 margin=-0.15 relax=0.00 | all=ret cur=0.00 thr=0.15 margin=-0.15 relax=0.00; ret10 cur=0.00 thr=0.25 margin=-0.25; ret10_non_positive cur=0.00
1772084580.000,035420,CLOSE,260500.0000,0.000,25,114336000,0.536,0.192,0.000,NO_BUY,reject=ret cur=0.00 thr=0.15 margin=-0.15 relax=0.00 | all=ret cur=0.00 thr=0.15 margin=-0.15 relax=0.00; ret10 cur=0.00 thr=0.25 margin=-0.25; ret10_non_positive cur=0.00
1772084581.000,233740,CLOSE,20330.0000,-0.010,72,516484305,0.500,0.000,0.000,NO_BUY,reject=ret cur=-0.01 thr=0.15 margin=-0.16 relax=0.00 | all=ret cur=-0.01 thr=0.15 margin=-0.16 relax=0.00; ret10 cur=-0.01 thr=0.25 margin=-0.26; ret10_non_positive cur=-0.01
1772084582.000,009900,CLOSE,11520.0000,0.000,2,57600,0.500,0.000,0.000,NO_BUY,reject=ret cur=0.00 thr=0.15 margin=-0.15 relax=0.00 | all=ret cur=0.00 thr=0.15 margin=-0.15 relax=0.00; ticks cur=2 thr=4 margin=-2; ret10 cur=0.00 thr=0.25 margin=-0.25; ret10_non_positive cur=0.00
1772084583.000,005930,CLOSE,216000.0000,0.231,163,2305523250,0.483,0.231,0.000,NO_BUY,reject=ret10 cur=0.23 thr=0.25 margin=-0.02 | all=ret10 cur=0.23 thr=0.25 margin=-0.02
1772084585.000,035720,CLOSE,61400.0000,0.163,35,42976100,0.179,0.163,0.000,NO_BUY,reject=ret10 cur=0.16 thr=0.25 margin=-0.09 | all=ret10 cur=0.16 thr=0.25 margin=-0.09
1772084586.000,005830,CLOSE,210000.0000,-0.238,16,31335500,0.325,0.238,0.000,NO_BUY,reject=ret cur=-0.24 thr=0.15 margin=-0.39 relax=0.00 | all=ret cur=-0.24 thr=0.15 margin=-0.39 relax=0.00; ret10 cur=-0.24 thr=0.25 margin=-0.49; ret10_non_positive cur=-0.24
1772084586.000,187660,CLOSE,19380.0000,0.000,91,102986715,0.500,0.000,0.000,NO_BUY,reject=ret cur=0.00 thr=0.15 margin=-0.15 relax=0.00 | all=ret cur=0.00 thr=0.15 margin=-0.15 relax=0.00; ret10 cur=0.00 thr=0.25 margin=-0.25; ret10_non_positive cur=0.00
1772084586.000,066570,CLOSE,145900.0000,0.069,41,47570300,0.500,0.000,0.000,NO_BUY,reject=ret cur=0.07 thr=0.15 margin=-0.08 relax=0.00 | all=ret cur=0.07 thr=0.15 margin=-0.08 relax=0.00; ret10 cur=0.07 thr=0.25 margin=-0.18
1772084590.000,086520,CLOSE,183800.0000,0.000,31,124857350,0.500,0.000,0.000,NO_BUY,reject=ret cur=0.00 thr=0.15 margin=-0.15 relax=0.00 | all=ret cur=0.00 thr=0.15 margin=-0.15 relax=0.00; ret10 cur=0.00 thr=0.25 margin=-0.25; ret10_non_positive cur=0.00
1772084593.000,229200,CLOSE,21000.0000,0.024,61,176333725,0.500,0.000,0.000,NO_BUY,reject=ret cur=0.02 thr=0.15 margin=-0.13 relax=0.00 | all=ret cur=0.02 thr=0.15 margin=-0.13 relax=0.00; ret10 cur=0.02 thr=0.25 margin=-0.23
1772084593.000,122630,CLOSE,111650.0000,0.049,270,2889047160,0.500,0.000,0.000,NO_BUY,reject=ret cur=0.05 thr=0.15 margin=-0.10 relax=0.00 | all=ret cur=0.05 thr=0.15 margin=-0.10 relax=0.00; ret10 cur=0.05 thr=0.25 margin=-0.20
1772084595.000,377300,CLOSE,68600.0000,0.000,11,19221000,0.500,0.000,0.000,NO_BUY,reject=ret cur=0.00 thr=0.15 margin=-0.15 relax=0.00 | all=ret cur=0.00 thr=0.15 margin=-0.15 relax=0.00; ret10 cur=0.00 thr=0.25 margin=-0.25; ret10_non_positive cur=0.00
1772084595.000,001500,CLOSE,13300.0000,0.075,4,704510,0.500,0.000,0.000,NO_BUY,reject=ret cur=0.08 thr=0.15 margin=-0.07 relax=0.00 | all=ret cur=0.08 thr=0.15 margin=-0.07 relax=0.00; ret10 cur=0.08 thr=0.25 margin=-0.17
1772084595.000,103590,CLOSE,88200.0000,0.000,3,3964500,0.687,0.113,0.000,NO_BUY,reject=ret cur=0.00 thr=0.15 margin=-0.15 relax=0.00 | all=ret cur=0.00 thr=0.15 margin=-0.15 relax=0.00; ticks cur=3 thr=4 margin=-1; ret10 cur=0.00 thr=0.25 margin=-0.25; ret10_non_positive cur=0.00
1772084597.000,058470,CLOSE,105950.0000,0.094,10,28276950,0.500,0.000,0.000,NO_BUY,reject=ret cur=0.09 thr=0.15 margin=-0.06 relax=0.00 | all=ret cur=0.09 thr=0.15 margin=-0.06 relax=0.00; ret10 cur=0.09 thr=0.25 margin=-0.16
1772084598.000,039030,CLOSE,415000.0000,0.000,27,110872000,0.104,0.120,0.000,NO_BUY,reject=ret cur=0.00 thr=0.15 margin=-0.15 relax=0.00 | all=ret cur=0.00 thr=0.15 margin=-0.15 relax=0.00; ret10 cur=0.00 thr=0.25 margin=-0.25; ret10_non_positive cur=0.00
1772084600.000,064400,CLOSE,73900.0000,0.135,88,159185100,0.540,0.135,0.000,NO_BUY,reject=ret cur=0.14 thr=0.15 margin=-0.01 relax=0.00 | all=ret cur=0.14 thr=0.15 margin=-0.01 relax=0.00; ret10 cur=0.14 thr=0.25 margin=-0.11
1772084600.000,396500,CLOSE,34660.0000,0.014,148,1160407380,0.500,0.000,0.000,NO_BUY,reject=ret cur=0.01 thr=0.15 margin=-0.14 relax=0.00 | all=ret cur=0.01 thr=0.15 margin=-0.14 relax=0.00; ret10 cur=0.01 thr=0.25 margin=-0.24
1772084600.000,002020,CLOSE,71200.0000,0.000,4,498400,0.500,0.000,0.000,NO_BUY,reject=ret cur=0.00 thr=0.15 margin=-0.15 relax=0.00 | all=ret cur=0.00 thr=0.15 margin=-0.15 relax=0.00; ret10 cur=0.00 thr=0.25 margin=-0.25; ret10_non_positive cur=0.00
1772084600.000,035420,CLOSE,260000.0000,-0.192,31,220791750,0.536,0.192,0.000,NO_BUY,reject=ret cur=-0.19 thr=0.15 margin=-0.34 relax=0.00 | all=ret cur=-0.19 thr=0.15 margin=-0.34 relax=0.00; ret10 cur=-0.19 thr=0.25 margin=-0.44; ret10_non_positive cur=-0.19
1772084600.000,310210,CLOSE,316000.0000,0.000,6,7269000,0.500,0.000,0.000,NO_BUY,reject=ret cur=0.00 thr=0.15 margin=-0.15 relax=0.00 | all=ret cur=0.00 thr=0.15 margin=-0.15 relax=0.00; ret10 cur=0.00 thr=0.25 margin=-0.25; ret10_non_positive cur=0.00
1772084600.000,064760,CLOSE,235000.0000,0.213,5,6581000,0.500,0.000,0.000,NO_BUY,reject=ret10 cur=0.21 thr=0.25 margin=-0.04 | all=ret10 cur=0.21 thr=0.25 margin=-0.04
1772084601.000,233740,CLOSE,20340.0000,0.025,62,358843895,0.500,0.000,0.000,NO_BUY,reject=ret cur=0.02 thr=0.15 margin=-0.13 relax=0.00 | all=ret cur=0.02 thr=0.15 margin=-0.13 relax=0.00; ret10 cur=0.02 thr=0.25 margin=-0.23
1772084601.000,336260,CLOSE,39850.0000,0.000,5,2869550,0.500,0.000,0.000,NO_BUY,reject=ret cur=0.00 thr=0.15 margin=-0.15 relax=0.00 | all=ret cur=0.00 thr=0.15 margin=-0.15 relax=0.00; ret10 cur=0.00 thr=0.25 margin=-0.25; ret10_non_positive cur=0.00
1772084602.000,009900,CLOSE,11520.0000,0.000,3,3970950,0.500,0.000,0.000,NO_BUY,reject=ret cur=0.00 thr=0.15 margin=-0.15 relax=0.00 | all=ret cur=0.00 thr=0.15 margin=-0.15 relax=0.00; ticks cur=3 thr=4 margin=-1; ret10 cur=0.00 thr=0.25 margin=-0.25; ret10_non_positive cur=0.00
1772084602.000,089890,CLOSE,25500.0000,-0.196,2,2190500,0.500,0.000,0.000,NO_BUY,reject=ret cur=-0.20 thr=0.15 margin=-0.35 relax=0.00 | all=ret cur=-0.20 thr=0.15 margin=-0.35 relax=0.00; ticks cur=2 thr=4 margin=-2; ret10 cur=-0.20 thr=0.25 margin=-0.45; ret10_non_positive cur=-0.20
1772084603.000,005930,CLOSE,216500.0000,-0.231,172,1454232500,0.488,0.231,0.000,NO_BUY,reject=ret cur=-0.23 thr=0.15 margin=-0.38 relax=0.00 | all=ret cur=-0.23 thr=0.15 margin=-0.38 relax=0.00; ret10 cur=-0.23 thr=0.25 margin=-0.48; ret10_non_positive cur=-0.23
1772084605.000,035720,CLOSE,61500.0000,0.000,38,70657350,0.186,0.163,0.000,NO_BUY,reject=ret cur=0.00 thr=0.15 margin=-0.15 relax=0.00 | all=ret cur=0.00 thr=0.15 margin=-0.15 relax=0.00; ret10 cur=0.00 thr=0.25 margin=-0.25; ret10_non_positive cur=0.00
1772084606.000,187660,CLOSE,19420.0000,-0.103,105,161913290,0.500,0.000,0.000,NO_BUY,reject=ret cur=-0.10 thr=0.15 margin=-0.25 relax=0.00 | all=ret cur=-0.10 thr=0.15 margin=-0.25 relax=0.00; ret10 cur=-0.10 thr=0.25 margin=-0.35; ret10_non_positive cur=-0.10
1772084606.000,005830,CLOSE,210500.0000,0.238,11,49224000,0.342,0.238,0.000,NO_BUY,reject=ret10 cur=0.24 thr=0.25 margin=-0.01 | all=ret10 cur=0.24 thr=0.25 margin=-0.01
1772084606.000,066570,CLOSE,145900.0000,0.069,32,40726900,0.500,0.000,0.000,NO_BUY,reject=ret cur=0.07 thr=0.15 margin=-0.08 relax=0.00 | all=ret cur=0.07 thr=0.15 margin=-0.08 relax=0.00; ret10 cur=0.07 thr=0.25 margin=-0.18
1772084610.000,086520,CLOSE,183900.0000,0.000,31,68232300,0.500,0.000,0.000,NO_BUY,reject=ret cur=0.00 thr=0.15 margin=-0.15 relax=0.00 | all=ret cur=0.00 thr=0.15 margin=-0.15 relax=0.00; ret10 cur=0.00 thr=0.25 margin=-0.25; ret10_non_positive cur=0.00
1772084611.000,124500,CLOSE,60600.0000,0.000,2,1149500,0.500,0.000,0.000,NO_BUY,reject=ret cur=0.00 thr=0.15 margin=-0.15 relax=0.00 | all=ret cur=0.00 thr=0.15 margin=-0.15 relax=0.00; ticks cur=2 thr=4 margin=-2; ret10 cur=0.00 thr=0.25 margin=-0.25; ret10_non_positive cur=0.00
1772084613.000,122630,CLOSE,111615.0000,-0.031,153,1722731120,0.500,0.000,0.000,NO_BUY,reject=ret cur=-0.03 thr=0.15 margin=-0.18 relax=0.00 | all=ret cur=-0.03 thr=0.15 margin=-0.18 relax=0.00; ret10 cur=-0.03 thr=0.25 margin=-0.28; ret10_non_positive cur=-0.03
1772084613.000,229200,CLOSE,20995.0000,0.000,113,130782270,0.500,0.000,0.000,NO_BUY,reject=ret cur=0.00 thr=0.15 margin=-0.15 relax=0.00 | all=ret cur=0.00 thr=0.15 margin=-0.15 relax=0.00; ret10 cur=0.00 thr=0.25 margin=-0.25; ret10_non_positive cur=0.00
1772084615.000,103590,CLOSE,88100.0000,0.000,3,705500,0.694,0.113,0.000,NO_BUY,reject=ret cur=0.00 thr=0.15 margin=-0.15 relax=0.00 | all=ret cur=0.00 thr=0.15 margin=-0.15 relax=0.00; ticks cur=3 thr=4 margin=-1; ret10 cur=0.00 thr=0.25 margin=-0.25; ret10_non_positive cur=0.00
1772084616.000,377300,CLOSE,68700.0000,0.000,6,11255300,0.500,0.000,0.000,NO_BUY,reject=ret cur=0.00 thr=0.15 margin=-0.15 relax=0.00 | all=ret cur=0.00 thr=0.15 margin=-0.15 relax=0.00; ret10 cur=0.00 thr=0.25 margin=-0.25; ret10_non_positive cur=0.00
1772084616.000,294570,CLOSE,33700.0000,0.149,2,673500,0.500,0.000,0.000,NO_BUY,reject=ret cur=0.15 thr=0.15 margin=-0.00 relax=0.00 | all=ret cur=0.15 thr=0.15 margin=-0.00 relax=0.00; ticks cur=2 thr=4 margin=-2; ret10 cur=0.15 thr=0.25 margin=-0.10
1772084616.000,001500,CLOSE,13300.0000,0.000,2,79800,0.500,0.000,0.000,NO_BUY,reject=ret cur=0.00 thr=0.15 margin=-0.15 relax=0.00 | all=ret cur=0.00 thr=0.15 margin=-0.15 relax=0.00; ticks cur=2 thr=4 margin=-2; ret10 cur=0.00 thr=0.25 margin=-0.25; ret10_non_positive cur=0.00
1772084617.000,036810,CLOSE,41750.0000,-0.120,2,1002200,0.500,0.000,0.000,NO_BUY,reject=ret cur=-0.12 thr=0.15 margin=-0.27 relax=0.00 | all=ret cur=-0.12 thr=0.15 margin=-0.27 relax=0.00; ticks cur=2 thr=4 margin=-2; ret10 cur=-0.12 thr=0.25 margin=-0.37; ret10_non_positive cur=-0.12
1772084618.000,058470,CLOSE,105950.0000,0.047,15,4981350,0.500,0.000,0.000,NO_BUY,reject=ret cur=0.05 thr=0.15 margin=-0.10 relax=0.00 | all=ret cur=0.05 thr=0.15 margin=-0.10 relax=0.00; ret10 cur=0.05 thr=0.25 margin=-0.20
1772084619.000,039030,CLOSE,414500.0000,0.000,8,31939000,0.128,0.121,0.000,NO_BUY,reject=ret cur=0.00 thr=0.15 margin=-0.15 relax=0.00 | all=ret cur=0.00 thr=0.15 margin=-0.15 relax=0.00; ret10 cur=0.00 thr=0.25 margin=-0.25; ret10_non_positive cur=0.00
1772084620.000,064400,CLOSE,73900.0000,0.000,12,37394100,0.535,0.135,0.000,NO_BUY,reject=ret cur=0.00 thr=0.15 margin=-0.15 relax=0.00 | all=ret cur=0.00 thr=0.15 margin=-0.15 relax=0.00; ret10 cur=0.00 thr=0.25 margin=-0.25; ret10_non_positive cur=0.00
1772084620.000,396500,CLOSE,34665.0000,0.014,54,581642210,0.500,0.000,0.000,NO_BUY,reject=ret cur=0.01 thr=0.15 margin=-0.14 relax=0.00 | all=ret cur=0.01 thr=0.15 margin=-0.14 relax=0.00; ret10 cur=0.01 thr=0.25 margin=-0.24
1772084620.000,035420,CLOSE,260000.0000,0.192,42,351883500,0.537,0.192,0.000,NO_BUY,reject=ret10 cur=0.19 thr=0.25 margin=-0.06 | all=ret10 cur=0.19 thr=0.25 margin=-0.06
1772084620.000,002020,CLOSE,71400.0000,0.281,6,1780600,0.500,0.000,0.000,NO_BUY,pullback_wait cur=71400.00 peak=71400.00 pb_thr=71257.20 reb_thr=71364.30 pulled=0
1772084621.000,233740,CLOSE,20325.0000,0.000,28,91875370,0.500,0.000,0.000,NO_BUY,reject=ret cur=0.00 thr=0.15 margin=-0.15 relax=0.00 | all=ret cur=0.00 thr=0.15 margin=-0.15 relax=0.00; ret10 cur=0.00 thr=0.25 margin=-0.25; ret10_non_positive cur=0.00
1772084621.000,310210,CLOSE,316000.0000,0.000,2,632000,0.500,0.000,0.000,NO_BUY,reject=ret cur=0.00 thr=0.15 margin=-0.15 relax=0.00 | all=ret cur=0.00 thr=0.15 margin=-0.15 relax=0.00; ticks cur=2 thr=4 margin=-2; ret10 cur=0.00 thr=0.25 margin=-0.25; ret10_non_positive cur=0.00
1772084622.000,089890,CLOSE,25550.0000,0.196,4,1939200,0.500,0.000,0.000,NO_BUY,reject=ret10 cur=0.20 thr=0.25 margin=-0.05 | all=ret10 cur=0.20 thr=0.25 margin=-0.05
1772084623.000,005930,CLOSE,216250.0000,-0.115,171,1162813250,0.486,0.231,0.000,NO_BUY,reject=ret cur=-0.12 thr=0.15 margin=-0.27 relax=0.00 | all=ret cur=-0.12 thr=0.15 margin=-0.27 relax=0.00; ret10 cur=-0.12 thr=0.25 margin=-0.37; ret10_non_positive cur=-0.12
1772084623.000,009900,CLOSE,11500.0000,0.000,4,690000,0.500,0.000,0.000,NO_BUY,reject=ret cur=0.00 thr=0.15 margin=-0.15 relax=0.00 | all=ret cur=0.00 thr=0.15 margin=-0.15 relax=0.00; ret10 cur=0.00 thr=0.25 margin=-0.25; ret10_non_positive cur=0.00
1772084624.000,064760,CLOSE,235000.0000,0.000,8,6106500,0.500,0.000,0.000,NO_BUY,reject=ret cur=0.00 thr=0.15 margin=-0.15 relax=0.00 | all=ret cur=0.00 thr=0.15 margin=-0.15 relax=0.00; ret10 cur=0.00 thr=0.25 margin=-0.25; ret10_non_positive cur=0.00
1772084626.000,035720,CLOSE,61500.0000,0.081,24,20659200,0.188,0.163,0.000,NO_BUY,reject=ret cur=0.08 thr=0.15 margin=-0.07 relax=0.00 | all=ret cur=0.08 thr=0.15 margin=-0.07 relax=0.00; ret10 cur=0.08 thr=0.25 margin=-0.17
1772084626.000,005830,CLOSE,211500.0000,-0.236,26,56818250,0.346,0.237,0.000,NO_BUY,reject=ret cur=-0.24 thr=0.15 margin=-0.39 relax=0.00 | all=ret cur=-0.24 thr=0.15 margin=-0.39 relax=0.00; ret10 cur=-0.24 thr=0.25 margin=-0.49; ret10_non_positive cur=-0.24
1772084626.000,066570,CLOSE,146000.0000,0.069,35,22184700,0.500,0.000,0.000,NO_BUY,reject=ret cur=0.07 thr=0.15 margin=-0.08 relax=0.00 | all=ret cur=0.07 thr=0.15 margin=-0.08 relax=0.00; ret10 cur=0.07 thr=0.25 margin=-0.18
1772084626.000,187660,CLOSE,19530.0000,0.051,177,512824950,0.500,0.000,0.000,NO_BUY,reject=ret cur=0.05 thr=0.15 margin=-0.10 relax=0.00 | all=ret cur=0.05 thr=0.15 margin=-0.10 relax=0.00; ret10 cur=0.05 thr=0.25 margin=-0.20
1772084628.000,336260,CLOSE,39850.0000,-0.125,2,1235900,0.500,0.000,0.000,NO_BUY,reject=ret cur=-0.13 thr=0.15 margin=-0.28 relax=0.00 | all=ret cur=-0.13 thr=0.15 margin=-0.28 relax=0.00; ticks cur=2 thr=4 margin=-2; ret10 cur=-0.13 thr=0.25 margin=-0.38; ret10_non_positive cur=-0.13
1772084630.000,086520,CLOSE,183900.0000,0.054,20,77049000,0.500,0.000,0.000,NO_BUY,reject=ret cur=0.05 thr=0.15 margin=-0.10 relax=0.00 | all=ret cur=0.05 thr=0.15 margin=-0.10 relax=0.00; ret10 cur=0.05 thr=0.25 margin=-0.20
1772084632.000,124500,CLOSE,60500.0000,-0.165,5,5624900,0.500,0.000,0.000,NO_BUY,reject=ret cur=-0.17 thr=0.15 margin=-0.32 relax=0.00 | all=ret cur=-0.17 thr=0.15 margin=-0.32 relax=0.00; ret10 cur=-0.17 thr=0.25 margin=-0.42; ret10_non_positive cur=-0.17
1772084633.000,122630,CLOSE,111610.0000,0.040,65,375317985,0.500,0.000,0.000,NO_BUY,reject=ret cur=0.04 thr=0.15 margin=-0.11 relax=0.00 | all=ret cur=0.04 thr=0.15 margin=-0.11 relax=0.00; ret10 cur=0.04 thr=0.25 margin=-0.21
1772084633.000,229200,CLOSE,20980.0000,-0.024,139,820136665,0.500,0.000,0.000,NO_BUY,reject=ret cur=-0.02 thr=0.15 margin=-0.17 relax=0.00 | all=ret cur=-0.02 thr=0.15 margin=-0.17 relax=0.00; ret10 cur=-0.02 thr=0.25 margin=-0.27; ret10_non_positive cur=-0.02
1772084636.000,377300,CLOSE,68600.0000,-0.146,21,40833100,0.500,0.000,0.000,NO_BUY,reject=ret cur=-0.15 thr=0.15 margin=-0.30 relax=0.00 | all=ret cur=-0.15 thr=0.15 margin=-0.30 relax=0.00; ret10 cur=-0.15 thr=0.25 margin=-0.40; ret10_non_positive cur=-0.15
1772084637.000,103590,CLOSE,88200.0000,0.000,2,264600,0.692,0.113,0.000,NO_BUY,reject=ret cur=0.00 thr=0.15 margin=-0.15 relax=0.00 | all=ret cur=0.00 thr=0.15 margin=-0.15 relax=0.00; ticks cur=2 thr=4 margin=-2; ret10 cur=0.00 thr=0.25 margin=-0.25; ret10_non_positive cur=0.00
1772084639.000,058470,CLOSE,105900.0000,0.000,9,8690600,0.500,0.000,0.000,NO_BUY,reject=ret cur=0.00 thr=0.15 margin=-0.15 relax=0.00 | all=ret cur=0.00 thr=0.15 margin=-0.15 relax=0.00; ret10 cur=0.00 thr=0.25 margin=-0.25; ret10_non_positive cur=0.00
1772084639.000,036810,CLOSE,41750.0000,0.000,3,501550,0.500,0.000,0.000,NO_BUY,reject=ret cur=0.00 thr=0.15 margin=-0.15 relax=0.00 | all=ret cur=0.00 thr=0.15 margin=-0.15 relax=0.00; ticks cur=3 thr=4 margin=-1; ret10 cur=0.00 thr=0.25 margin=-0.25; ret10_non_positive cur=0.00
1772084640.000,396500,CLOSE,34665.0000,0.058,61,789861900,0.500,0.000,0.000,NO_BUY,reject=ret cur=0.06 thr=0.15 margin=-0.09 relax=0.00 | all=ret cur=0.06 thr=0.15 margin=-0.09 relax=0.00; ret10 cur=0.06 thr=0.25 margin=-0.19
1772084640.000,035420,CLOSE,260000.0000,0.000,43,135581000,0.530,0.192,0.000,NO_BUY,reject=ret cur=0.00 thr=0.15 margin=-0.15 relax=0.00 | all=ret cur=0.00 thr=0.15 margin=-0.15 relax=0.00; ret10 cur=0.00 thr=0.25 margin=-0.25; ret10_non_positive cur=0.00
1772084641.000,064400,CLOSE,73900.0000,0.000,12,13539400,0.538,0.135,0.000,NO_BUY,reject=ret cur=0.00 thr=0.15 margin=-0.15 relax=0.00 | all=ret cur=0.00 thr=0.15 margin=-0.15 relax=0.00; ret10 cur=0.00 thr=0.25 margin=-0.25; ret10_non_positive cur=0.00
1772084641.000,233740,CLOSE,20330.0000,0.025,28,281795227,0.500,0.000,0.000,NO_BUY,reject=ret cur=0.02 thr=0.15 margin=-0.13 relax=0.00 | all=ret cur=0.02 thr=0.15 margin=-0.13 relax=0.00; ret10 cur=0.02 thr=0.25 margin=-0.23
1772084642.000,039030,CLOSE,414500.0000,0.000,3,1243500,0.141,0.121,0.000,NO_BUY,reject=ret cur=0.00 thr=0.15 margin=-0.15 relax=0.00 | all=ret cur=0.00 thr=0.15 margin=-0.15 relax=0.00; ticks cur=3 thr=4 margin=-1; ret10 cur=0.00 thr=0.25 margin=-0.25; ret10_non_positive cur=0.00
1772084642.000,310210,CLOSE,316000.0000,0.000,2,632000,0.500,0.000,0.000,NO_BUY,reject=ret cur=0.00 thr=0.15 margin=-0.15 relax=0.00 | all=ret cur=0.00 thr=0.15 margin=-0.15 relax=0.00; ticks cur=2 thr=4 margin=-2; ret10 cur=0.00 thr=0.25 margin=-0.25; ret10_non_positive cur=0.00
1772084643.000,005930,CLOSE,216500.0000,0.116,199,1209571500,0.483,0.231,0.000,NO_BUY,reject=ret cur=0.12 thr=0.15 margin=-0.03 relax=0.00 | all=ret cur=0.12 thr=0.15 margin=-0.03 relax=0.00; ret10 cur=0.12 thr=0.25 margin=-0.13
1772084643.000,001500,CLOSE,13310.0000,0.000,3,66500,0.500,0.000,0.000,NO_BUY,reject=ret cur=0.00 thr=0.15 margin=-0.15 relax=0.00 | all=ret cur=0.00 thr=0.15 margin=-0.15 relax=0.00; ticks cur=3 thr=4 margin=-1; ret10 cur=0.00 thr=0.25 margin=-0.25; ret10_non_positive cur=0.00
1772084643.000,002020,CLOSE,71400.0000,-0.140,2,3574900,0.500,0.000,0.000,NO_BUY,reject=ret cur=-0.14 thr=0.15 margin=-0.29 relax=0.00 | all=ret cur=-0.14 thr=0.15 margin=-0.29 relax=0.00; ticks cur=2 thr=4 margin=-2; ret10 cur=-0.14 thr=0.25 margin=-0.39; ret10_non_positive cur=-0.14
1772084644.000,102940,CLOSE,65400.0000,0.000,2,261600,0.500,0.000,0.000,NO_BUY,reject=ret cur=0.00 thr=0.15 margin=-0.15 relax=0.00 | all=ret cur=0.00 thr=0.15 margin=-0.15 relax=0.00; ticks cur=2 thr=4 margin=-2; ret10 cur=0.00 thr=0.25 margin=-0.25; ret10_non_positive cur=0.00
1772084645.000,009900,CLOSE,11490.0000,0.087,5,4954910,0.500,0.000,0.000,NO_BUY,reject=ret cur=0.09 thr=0.15 margin=-0.06 relax=0.00 | all=ret cur=0.09 thr=0.15 margin=-0.06 relax=0.00; ret10 cur=0.09 thr=0.25 margin=-0.16
1772084646.000,035720,CLOSE,61450.0000,-0.081,37,52749950,0.187,0.163,0.000,NO_BUY,reject=ret cur=-0.08 thr=0.15 margin=-0.23 relax=0.00 | all=ret cur=-0.08 thr=0.15 margin=-0.23 relax=0.00; ret10 cur=-0.08 thr=0.25 margin=-0.33; ret10_non_positive cur=-0.08
1772084646.000,187660,CLOSE,19310.0000,-0.822,183,699619170,0.500,0.000,0.000,NO_BUY,reject=ret cur=-0.82 thr=0.15 margin=-0.97 relax=0.00 | all=ret cur=-0.82 thr=0.15 margin=-0.97 relax=0.00; ret10 cur=-0.82 thr=0.25 margin=-1.07; ret10_non_positive cur=-0.82
1772084646.000,066570,CLOSE,146000.0000,-0.068,41,37957000,0.500,0.000,0.000,NO_BUY,reject=ret cur=-0.07 thr=0.15 margin=-0.22 relax=0.00 | all=ret cur=-0.07 thr=0.15 margin=-0.22 relax=0.00; ret10 cur=-0.07 thr=0.25 margin=-0.32; ret10_non_positive cur=-0.07
1772084646.000,005830,CLOSE,211500.0000,0.475,24,91364000,0.322,0.237,0.000,NO_BUY,confirm_wait 0.1s
1772084648.000,336260,CLOSE,39900.0000,0.000,5,10639950,0.500,0.000,0.000,NO_BUY,reject=ret cur=0.00 thr=0.15 margin=-0.15 relax=0.00 | all=ret cur=0.00 thr=0.15 margin=-0.15 relax=0.00; ret10 cur=0.00 thr=0.25 margin=-0.25; ret10_non_positive cur=0.00
1772084651.000,086520,CLOSE,183800.0000,-0.054,27,238240600,0.500,0.000,0.000,NO_BUY,reject=ret cur=-0.05 thr=0.15 margin=-0.20 relax=0.00 | all=ret cur=-0.05 thr=0.15 margin=-0.20 relax=0.00; ret10 cur=-0.05 thr=0.25 margin=-0.30; ret10_non_positive cur=-0.05
1772084652.000,064760,CLOSE,235500.0000,0.426,2,2354000,0.500,0.000,0.000,NO_BUY,reject=ticks cur=2 thr=4 margin=-2 | all=ticks cur=2 thr=4 margin=-2
1772084653.000,122630,CLOSE,111535.0000,-0.022,205,3180608175,0.500,0.000,0.000,NO_BUY,reject=ret cur=-0.02 thr=0.15 margin=-0.17 relax=0.00 | all=ret cur=-0.02 thr=0.15 margin=-0.17 relax=0.00; ret10 cur=-0.02 thr=0.25 margin=-0.27; ret10_non_positive cur=-0.02
1772084653.000,229200,CLOSE,20985.0000,0.014,104,229874205,0.500,0.000,0.000,NO_BUY,reject=ret cur=0.01 thr=0.15 margin=-0.14 relax=0.00 | all=ret cur=0.01 thr=0.15 margin=-0.14 relax=0.00; ret10 cur=0.01 thr=0.25 margin=-0.24
1772084655.000,124500,CLOSE,60600.0000,0.000,2,121000,0.500,0.000,0.000,NO_BUY,reject=ret cur=0.00 thr=0.15 margin=-0.15 relax=0.00 | all=ret cur=0.00 thr=0.15 margin=-0.15 relax=0.00; ticks cur=2 thr=4 margin=-2; ret10 cur=0.00 thr=0.25 margin=-0.25; ret10_non_positive cur=0.00
1772084659.000,058470,CLOSE,105900.0000,0.000,6,62804000,0.500,0.000,0.000,NO_BUY,reject=ret cur=0.00 thr=0.15 margin=-0.15 relax=0.00 | all=ret cur=0.00 thr=0.15 margin=-0.15 relax=0.00; ret10 cur=0.00 thr=0.25 margin=-0.25; ret10_non_positive cur=0.00
1772084660.000,396500,CLOSE,34670.0000,0.014,77,117776120,0.500,0.000,0.000,NO_BUY,reject=ret cur=0.01 thr=0.15 margin=-0.14 relax=0.00 | all=ret cur=0.01 thr=0.15 margin=-0.14 relax=0.00; ret10 cur=0.01 thr=0.25 margin=-0.24
1772084660.000,035420,CLOSE,260000.0000,0.000,38,389925500,0.523,0.192,0.000,NO_BUY,reject=ret cur=0.00 thr=0.15 margin=-0.15 relax=0.00 | all=ret cur=0.00 thr=0.15 margin=-0.15 relax=0.00; ret10 cur=0.00 thr=0.25 margin=-0.25; ret10_non_positive cur=0.00
1772084660.000,377300,CLOSE,68500.0000,0.000,8,2744000,0.500,0.000,0.000,NO_BUY,reject=ret cur=0.00 thr=0.15 margin=-0.15 relax=0.00 | all=ret cur=0.00 thr=0.15 margin=-0.15 relax=0.00; ret10 cur=0.00 thr=0.25 margin=-0.25; ret10_non_positive cur=0.00
1772084661.000,064400,CLOSE,73900.0000,0.000,12,3697600,0.533,0.135,0.000,NO_BUY,reject=ret cur=0.00 thr=0.15 margin=-0.15 relax=0.00 | all=ret cur=0.00 thr=0.15 margin=-0.15 relax=0.00; ret10 cur=0.00 thr=0.25 margin=-0.25; ret10_non_positive cur=0.00
1772084661.000,233740,CLOSE,20320.0000,0.049,32,111128752,0.500,0.000,0.000,NO_BUY,reject=ret cur=0.05 thr=0.15 margin=-0.10 relax=0.00 | all=ret cur=0.05 thr=0.15 margin=-0.10 relax=0.00; ret10 cur=0.05 thr=0.25 margin=-0.20
1772084662.000,310210,CLOSE,316500.0000,0.000,3,948000,0.500,0.000,0.000,NO_BUY,reject=ret cur=0.00 thr=0.15 margin=-0.15 relax=0.00 | all=ret cur=0.00 thr=0.15 margin=-0.15 relax=0.00; ticks cur=3 thr=4 margin=-1; ret10 cur=0.00 thr=0.25 margin=-0.25; ret10_non_positive cur=0.00
1772084662.000,039030,CLOSE,414500.0000,0.121,12,13677000,0.153,0.121,0.000,NO_BUY,reject=ret cur=0.12 thr=0.15 margin=-0.03 relax=0.00 | all=ret cur=0.12 thr=0.15 margin=-0.03 relax=0.00; ret10 cur=0.12 thr=0.25 margin=-0.13
1772084663.000,005930,CLOSE,216500.0000,0.000,183,1238623000,0.483,0.231,0.000,NO_BUY,reject=ret cur=0.00 thr=0.15 margin=-0.15 relax=0.00 | all=ret cur=0.00 thr=0.15 margin=-0.15 relax=0.00; ret10 cur=0.00 thr=0.25 margin=-0.25; ret10_non_positive cur=0.00
1772084663.000,002020,CLOSE,71400.0000,0.140,9,1858200,0.500,0.000,0.000,NO_BUY,reject=ret cur=0.14 thr=0.15 margin=-0.01 relax=0.00 | all=ret cur=0.14 thr=0.15 margin=-0.01 relax=0.00; ret10 cur=0.14 thr=0.25 margin=-0.11
1772084665.000,009900,CLOSE,11460.0000,-0.436,13,37271330,0.500,0.000,0.000,NO_BUY,reject=ret cur=-0.44 thr=0.15 margin=-0.59 relax=0.00 | all=ret cur=-0.44 thr=0.15 margin=-0.59 relax=0.00; ret10 cur=-0.44 thr=0.25 margin=-0.69; ret10_non_positive cur=-0.44
1772084666.000,035720,CLOSE,61400.0000,0.000,37,96335000,0.188,0.163,0.000,NO_BUY,reject=ret cur=0.00 thr=0.15 margin=-0.15 relax=0.00 | all=ret cur=0.00 thr=0.15 margin=-0.15 relax=0.00; ret10 cur=0.00 thr=0.25 margin=-0.25; ret10_non_positive cur=0.00
1772084666.000,294570,CLOSE,33650.0000,-0.148,2,1247600,0.500,0.000,0.000,NO_BUY,reject=ret cur=-0.15 thr=0.15 margin=-0.30 relax=0.00 | all=ret cur=-0.15 thr=0.15 margin=-0.30 relax=0.00; ticks cur=2 thr=4 margin=-2; ret10 cur=-0.15 thr=0.25 margin=-0.40; ret10_non_positive cur=-0.15
1772084666.000,187660,CLOSE,19380.0000,0.207,86,177236750,0.500,0.000,0.000,NO_BUY,reject=ret10 cur=0.21 thr=0.25 margin=-0.04 | all=ret10 cur=0.21 thr=0.25 margin=-0.04
1772084666.000,066570,CLOSE,146000.0000,-0.068,31,24230700,0.500,0.000,0.000,NO_BUY,reject=ret cur=-0.07 thr=0.15 margin=-0.22 relax=0.00 | all=ret cur=-0.07 thr=0.15 margin=-0.22 relax=0.00; ret10 cur=-0.07 thr=0.25 margin=-0.32; ret10_non_positive cur=-0.07
1772084666.000,005830,CLOSE,211000.0000,-0.236,27,199418000,0.341,0.237,0.000,NO_BUY,reject=ret cur=-0.24 thr=0.15 margin=-0.39 relax=0.00 | all=ret cur=-0.24 thr=0.15 margin=-0.39 relax=0.00; ret10 cur=-0.24 thr=0.25 margin=-0.49; ret10_non_positive cur=-0.24
1772084668.000,103590,CLOSE,88100.0000,0.000,4,5990800,0.707,0.227,0.000,NO_BUY,reject=ret cur=0.00 thr=0.15 margin=-0.15 relax=0.00 | all=ret cur=0.00 thr=0.15 margin=-0.15 relax=0.00; ret10 cur=0.00 thr=0.25 margin=-0.25; ret10_non_positive cur=0.00
1772084670.000,336260,CLOSE,39850.0000,0.125,10,9966200,0.500,0.000,0.000,NO_BUY,reject=ret cur=0.13 thr=0.15 margin=-0.02 relax=0.00 | all=ret cur=0.13 thr=0.15 margin=-0.02 relax=0.00; ret10 cur=0.13 thr=0.25 margin=-0.12
1772084670.000,036810,CLOSE,41800.0000,0.000,2,250800,0.500,0.000,0.000,NO_BUY,reject=ret cur=0.00 thr=0.15 margin=-0.15 relax=0.00 | all=ret cur=0.00 thr=0.15 margin=-0.15 relax=0.00; ticks cur=2 thr=4 margin=-2; ret10 cur=0.00 thr=0.25 margin=-0.25; ret10_non_positive cur=0.00
1772084671.000,089890,CLOSE,25450.0000,-0.196,3,2141200,0.500,0.000,0.000,NO_BUY,reject=ret cur=-0.20 thr=0.15 margin=-0.35 relax=0.00 | all=ret cur=-0.20 thr=0.15 margin=-0.35 relax=0.00; ticks cur=3 thr=4 margin=-1; ret10 cur=-0.20 thr=0.25 margin=-0.45; ret10_non_positive cur=-0.20
1772084671.000,086520,CLOSE,183800.0000,0.000,39,130863200,0.500,0.000,0.000,NO_BUY,reject=ret cur=0.00 thr=0.15 margin=-0.15 relax=0.00 | all=ret cur=0.00 thr=0.15 margin=-0.15 relax=0.00; ret10 cur=0.00 thr=0.25 margin=-0.25; ret10_non_positive cur=0.00
1772084672.000,064760,CLOSE,234500.0000,-0.212,5,7528000,0.500,0.000,0.000,NO_BUY,reject=ret cur=-0.21 thr=0.15 margin=-0.36 relax=0.00 | all=ret cur=-0.21 thr=0.15 margin=-0.36 relax=0.00; ret10 cur=-0.21 thr=0.25 margin=-0.46; ret10_non_positive cur=-0.21
1772084673.000,122630,CLOSE,111555.0000,0.022,48,208139092,0.500,0.000,0.000,NO_BUY,reject=ret cur=0.02 thr=0.15 margin=-0.13 relax=0.00 | all=ret cur=0.02 thr=0.15 margin=-0.13 relax=0.00; ret10 cur=0.02 thr=0.25 margin=-0.23
1772084673.000,229200,CLOSE,20985.0000,-0.048,55,230717990,0.500,0.000,0.000,NO_BUY,reject=ret cur=-0.05 thr=0.15 margin=-0.20 relax=0.00 | all=ret cur=-0.05 thr=0.15 margin=-0.20 relax=0.00; ret10 cur=-0.05 thr=0.25 margin=-0.30; ret10_non_positive cur=-0.05
1772084676.000,124500,CLOSE,60600.0000,0.000,2,13068000,0.500,0.000,0.000,NO_BUY,reject=ret cur=0.00 thr=0.15 margin=-0.15 relax=0.00 | all=ret cur=0.00 thr=0.15 margin=-0.15 relax=0.00; ticks cur=2 thr=4 margin=-2; ret10 cur=0.00 thr=0.25 margin=-0.25; ret10_non_positive cur=0.00
1772084680.000,035420,CLOSE,260500.0000,0.000,31,31763000,0.523,0.192,0.000,NO_BUY,reject=ret cur=0.00 thr=0.15 margin=-0.15 relax=0.00 | all=ret cur=0.00 thr=0.15 margin=-0.15 relax=0.00; ret10 cur=0.00 thr=0.25 margin=-0.25; ret10_non_positive cur=0.00
1772084680.000,396500,CLOSE,34685.0000,0.000,46,200241140,0.500,0.000,0.000,NO_BUY,reject=ret cur=0.00 thr=0.15 margin=-0.15 relax=0.00 | all=ret cur=0.00 thr=0.15 margin=-0.15 relax=0.00; ret10 cur=0.00 thr=0.25 margin=-0.25; ret10_non_positive cur=0.00
1772084680.000,058470,CLOSE,106000.0000,0.094,8,34735300,0.500,0.000,0.000,NO_BUY,reject=ret cur=0.09 thr=0.15 margin=-0.06 relax=0.00 | all=ret cur=0.09 thr=0.15 margin=-0.06 relax=0.00; ret10 cur=0.09 thr=0.25 margin=-0.16
1772084680.000,377300,CLOSE,68600.0000,-0.146,8,6720600,0.500,0.000,0.000,NO_BUY,reject=ret cur=-0.15 thr=0.15 margin=-0.30 relax=0.00 | all=ret cur=-0.15 thr=0.15 margin=-0.30 relax=0.00; ret10 cur=-0.15 thr=0.25 margin=-0.40; ret10_non_positive cur=-0.15
1772084680.000,001500,CLOSE,13320.0000,0.000,2,226270,0.500,0.000,0.000,NO_BUY,reject=ret cur=0.00 thr=0.15 margin=-0.15 relax=0.00 | all=ret cur=0.00 thr=0.15 margin=-0.15 relax=0.00; ticks cur=2 thr=4 margin=-2; ret10 cur=0.00 thr=0.25 margin=-0.25; ret10_non_positive cur=0.00
1772084681.000,064400,CLOSE,73900.0000,0.000,11,19581800,0.528,0.135,0.000,NO_BUY,reject=ret cur=0.00 thr=0.15 margin=-0.15 relax=0.00 | all=ret cur=0.00 thr=0.15 margin=-0.15 relax=0.00; ret10 cur=0.00 thr=0.25 margin=-0.25; ret10_non_positive cur=0.00
1772084681.000,233740,CLOSE,20320.0000,0.000,47,418118797,0.500,0.000,0.000,NO_BUY,reject=ret cur=0.00 thr=0.15 margin=-0.15 relax=0.00 | all=ret cur=0.00 thr=0.15 margin=-0.15 relax=0.00; ret10 cur=0.00 thr=0.25 margin=-0.25; ret10_non_positive cur=0.00
1772084682.000,310210,CLOSE,316000.0000,0.000,26,22456000,0.500,0.000,0.000,NO_BUY,reject=ret cur=0.00 thr=0.15 margin=-0.15 relax=0.00 | all=ret cur=0.00 thr=0.15 margin=-0.15 relax=0.00; ret10 cur=0.00 thr=0.25 margin=-0.25; ret10_non_positive cur=0.00
1772084682.000,039030,CLOSE,415000.0000,0.000,4,4146000,0.147,0.121,0.000,NO_BUY,reject=ret cur=0.00 thr=0.15 margin=-0.15 relax=0.00 | all=ret cur=0.00 thr=0.15 margin=-0.15 relax=0.00; ret10 cur=0.00 thr=0.25 margin=-0.25; ret10_non_positive cur=0.00
1772084683.000,005930,CLOSE,216000.0000,0.000,176,1206271750,0.484,0.231,0.000,NO_BUY,reject=ret cur=0.00 thr=0.15 margin=-0.15 relax=0.00 | all=ret cur=0.00 thr=0.15 margin=-0.15 relax=0.00; ret10 cur=0.00 thr=0.25 margin=-0.25; ret10_non_positive cur=0.00
1772084684.000,002020,CLOSE,71200.0000,0.000,2,142600,0.500,0.000,0.000,NO_BUY,reject=ret cur=0.00 thr=0.15 margin=-0.15 relax=0.00 | all=ret cur=0.00 thr=0.15 margin=-0.15 relax=0.00; ticks cur=2 thr=4 margin=-2; ret10 cur=0.00 thr=0.25 margin=-0.25; ret10_non_positive cur=0.00
1772084686.000,066570,CLOSE,146000.0000,-0.068,28,28753600,0.500,0.000,0.000,NO_BUY,reject=ret cur=-0.07 thr=0.15 margin=-0.22 relax=0.00 | all=ret cur=-0.07 thr=0.15 margin=-0.22 relax=0.00; ret10 cur=-0.07 thr=0.25 margin=-0.32; ret10_non_positive cur=-0.07
1772084686.000,187660,CLOSE,19355.0000,-0.155,132,343168630,0.500,0.000,0.000,NO_BUY,reject=ret cur=-0.15 thr=0.15 margin=-0.30 relax=0.00 | all=ret cur=-0.15 thr=0.15 margin=-0.30 relax=0.00; ret10 cur=-0.15 thr=0.25 margin=-0.40; ret10_non_positive cur=-0.15
1772084686.000,035720,CLOSE,61500.0000,0.163,45,50902600,0.150,0.162,0.000,NO_BUY,reject=ret10 cur=0.16 thr=0.25 margin=-0.09 | all=ret10 cur=0.16 thr=0.25 margin=-0.09
1772084688.000,005830,CLOSE,211500.0000,0.000,24,67962000,0.385,0.236,0.000,NO_BUY,reject=ret cur=0.00 thr=0.15 margin=-0.15 relax=0.00 | all=ret cur=0.00 thr=0.15 margin=-0.15 relax=0.00; ret10 cur=0.00 thr=0.25 margin=-0.25; ret10_non_positive cur=0.00
1772084688.000,009900,CLOSE,11480.0000,0.175,9,5024240,0.500,0.000,0.000,NO_BUY,reject=ret10 cur=0.17 thr=0.25 margin=-0.08 | all=ret10 cur=0.17 thr=0.25 margin=-0.08
1772084691.000,086520,CLOSE,183700.0000,0.000,33,289181550,0.500,0.000,0.000,NO_BUY,reject=ret cur=0.00 thr=0.15 margin=-0.15 relax=0.00 | all=ret cur=0.00 thr=0.15 margin=-0.15 relax=0.00; ret10 cur=0.00 thr=0.25 margin=-0.25; ret10_non_positive cur=0.00
1772084691.000,036810,CLOSE,41700.0000,0.000,7,11940800,0.500,0.000,0.000,NO_BUY,reject=ret cur=0.00 thr=0.15 margin=-0.15 relax=0.00 | all=ret cur=0.00 thr=0.15 margin=-0.15 relax=0.00; ret10 cur=0.00 thr=0.25 margin=-0.25; ret10_non_positive cur=0.00
1772084692.000,336260,CLOSE,39850.0000,0.000,2,9842950,0.500,0.000,0.000,NO_BUY,reject=ret cur=0.00 thr=0.15 margin=-0.15 relax=0.00 | all=ret cur=0.00 thr=0.15 margin=-0.15 relax=0.00; ticks cur=2 thr=4 margin=-2; ret10 cur=0.00 thr=0.25 margin=-0.25; ret10_non_positive cur=0.00
1772084692.000,064760,CLOSE,235000.0000,0.000,4,3524000,0.500,0.000,0.000,NO_BUY,reject=ret cur=0.00 thr=0.15 margin=-0.15 relax=0.00 | all=ret cur=0.00 thr=0.15 margin=-0.15 relax=0.00; ret10 cur=0.00 thr=0.25 margin=-0.25; ret10_non_positive cur=0.00
1772084692.000,089890,CLOSE,25450.0000,0.000,2,3003100,0.500,0.000,0.000,NO_BUY,reject=ret cur=0.00 thr=0.15 margin=-0.15 relax=0.00 | all=ret cur=0.00 thr=0.15 margin=-0.15 relax=0.00; ticks cur=2 thr=4 margin=-2; ret10 cur=0.00 thr=0.25 margin=-0.25; ret10_non_positive cur=0.00
1772084693.000,122630,CLOSE,111645.0000,0.040,129,848308460,0.500,0.000,0.000,NO_BUY,reject=ret cur=0.04 thr=0.15 margin=-0.11 relax=0.00 | all=ret cur=0.04 thr=0.15 margin=-0.11 relax=0.00; ret10 cur=0.04 thr=0.25 margin=-0.21
1772084693.000,229200,CLOSE,20985.0000,0.000,54,103300035,0.500,0.000,0.000,NO_BUY,reject=ret cur=0.00 thr=0.15 margin=-0.15 relax=0.00 | all=ret cur=0.00 thr=0.15 margin=-0.15 relax=0.00; ret10 cur=0.00 thr=0.25 margin=-0.25; ret10_non_positive cur=0.00
1772084693.000,103590,CLOSE,88200.0000,0.000,3,6078900,0.708,0.227,0.000,NO_BUY,reject=ret cur=0.00 thr=0.15 margin=-0.15 relax=0.00 | all=ret cur=0.00 thr=0.15 margin=-0.15 relax=0.00; ticks cur=3 thr=4 margin=-1; ret10 cur=0.00 thr=0.25 margin=-0.25; ret10_non_positive cur=0.00
1772084700.000,035420,CLOSE,260500.0000,-0.192,27,92714750,0.526,0.192,0.000,NO_BUY,reject=ret cur=-0.19 thr=0.15 margin=-0.34 relax=0.00 | all=ret cur=-0.19 thr=0.15 margin=-0.34 relax=0.00; ret10 cur=-0.19 thr=0.25 margin=-0.44; ret10_non_positive cur=-0.19
1772084700.000,396500,CLOSE,34690.0000,0.014,58,93103335,0.500,0.000,0.000,NO_BUY,reject=ret cur=0.01 thr=0.15 margin=-0.14 relax=0.00 | all=ret cur=0.01 thr=0.15 margin=-0.14 relax=0.00; ret10 cur=0.01 thr=0.25 margin=-0.24
1772084700.000,042520,CLOSE,50700.0000,0.000,2,608400,0.500,0.000,0.000,NO_BUY,reject=ret cur=0.00 thr=0.15 margin=-0.15 relax=0.00 | all=ret cur=0.00 thr=0.15 margin=-0.15 relax=0.00; ticks cur=2 thr=4 margin=-2; ret10 cur=0.00 thr=0.25 margin=-0.25; ret10_non_positive cur=0.00
1772084700.000,058470,CLOSE,106000.0000,0.047,7,19917400,0.500,0.000,0.000,NO_BUY,reject=ret cur=0.05 thr=0.15 margin=-0.10 relax=0.00 | all=ret cur=0.05 thr=0.15 margin=-0.10 relax=0.00; ret10 cur=0.05 thr=0.25 margin=-0.20
1772084700.000,377300,CLOSE,68600.0000,0.000,7,11730300,0.500,0.000,0.000,NO_BUY,reject=ret cur=0.00 thr=0.15 margin=-0.15 relax=0.00 | all=ret cur=0.00 thr=0.15 margin=-0.15 relax=0.00; ret10 cur=0.00 thr=0.25 margin=-0.25; ret10_non_positive cur=0.00
1772084701.000,233740,CLOSE,20310.0000,0.025,32,380060105,0.500,0.000,0.000,NO_BUY,reject=ret cur=0.02 thr=0.15 margin=-0.13 relax=0.00 | all=ret cur=0.02 thr=0.15 margin=-0.13 relax=0.00; ret10 cur=0.02 thr=0.25 margin=-0.23
1772084702.000,064400,CLOSE,73800.0000,0.000,8,2438000,0.573,0.135,0.000,NO_BUY,reject=ret cur=0.00 thr=0.15 margin=-0.15 relax=0.00 | all=ret cur=0.00 thr=0.15 margin=-0.15 relax=0.00; ret10 cur=0.00 thr=0.25 margin=-0.25; ret10_non_positive cur=0.00
1772084703.000,005930,CLOSE,216500.0000,0.231,126,1244424250,0.486,0.231,0.000,NO_BUY,reject=ret10 cur=0.23 thr=0.25 margin=-0.02 | all=ret10 cur=0.23 thr=0.25 margin=-0.02
1772084703.000,039030,CLOSE,415000.0000,0.000,5,2905000,0.145,0.121,0.000,NO_BUY,reject=ret cur=0.00 thr=0.15 margin=-0.15 relax=0.00 | all=ret cur=0.00 thr=0.15 margin=-0.15 relax=0.00; ret10 cur=0.00 thr=0.25 margin=-0.25; ret10_non_positive cur=0.00
1772084704.000,002020,CLOSE,71500.0000,0.000,5,4004000,0.500,0.000,0.000,NO_BUY,reject=ret cur=0.00 thr=0.15 margin=-0.15 relax=0.00 | all=ret cur=0.00 thr=0.15 margin=-0.15 relax=0.00; ret10 cur=0.00 thr=0.25 margin=-0.25; ret10_non_positive cur=0.00
1772084705.000,124500,CLOSE,60500.0000,0.000,2,11797500,0.500,0.000,0.000,NO_BUY,reject=ret cur=0.00 thr=0.15 margin=-0.15 relax=0.00 | all=ret cur=0.00 thr=0.15 margin=-0.15 relax=0.00; ticks cur=2 thr=4 margin=-2; ret10 cur=0.00 thr=0.25 margin=-0.25; ret10_non_positive cur=0.00
1772084706.000,066570,CLOSE,146100.0000,-0.068,30,47017450,0.500,0.000,0.000,NO_BUY,reject=ret cur=-0.07 thr=0.15 margin=-0.22 relax=0.00 | all=ret cur=-0.07 thr=0.15 margin=-0.22 relax=0.00; ret10 cur=-0.07 thr=0.25 margin=-0.32; ret10_non_positive cur=-0.07
1772084706.000,187660,CLOSE,19310.0000,-0.103,125,329060405,0.500,0.000,0.000,NO_BUY,reject=ret cur=-0.10 thr=0.15 margin=-0.25 relax=0.00 | all=ret cur=-0.10 thr=0.15 margin=-0.25 relax=0.00; ret10 cur=-0.10 thr=0.25 margin=-0.35; ret10_non_positive cur=-0.10
1772084706.000,035720,CLOSE,61400.0000,-0.325,67,462339500,0.175,0.163,0.000,NO_BUY,reject=ret cur=-0.32 thr=0.15 margin=-0.47 relax=0.00 | all=ret cur=-0.32 thr=0.15 margin=-0.47 relax=0.00; ret10 cur=-0.32 thr=0.25 margin=-0.57; ret10_non_positive cur=-0.32
1772084708.000,005830,CLOSE,213000.0000,0.236,21,91968000,0.355,0.235,0.000,NO_BUY,reject=ret10 cur=0.24 thr=0.25 margin=-0.01 | all=ret10 cur=0.24 thr=0.25 margin=-0.01
1772084708.000,310210,CLOSE,316000.0000,0.000,3,948000,0.500,0.000,0.000,NO_BUY,reject=ret cur=0.00 thr=0.15 margin=-0.15 relax=0.00 | all=ret cur=0.00 thr=0.15 margin=-0.15 relax=0.00; ticks cur=3 thr=4 margin=-1; ret10 cur=0.00 thr=0.25 margin=-0.25; ret10_non_positive cur=0.00
1772084711.000,086520,CLOSE,183700.0000,0.027,23,125897400,0.500,0.000,0.000,NO_BUY,reject=ret cur=0.03 thr=0.15 margin=-0.12 relax=0.00 | all=ret cur=0.03 thr=0.15 margin=-0.12 relax=0.00; ret10 cur=0.03 thr=0.25 margin=-0.22
1772084711.000,036810,CLOSE,41700.0000,-0.239,2,959300,0.500,0.000,0.000,NO_BUY,reject=ret cur=-0.24 thr=0.15 margin=-0.39 relax=0.00 | all=ret cur=-0.24 thr=0.15 margin=-0.39 relax=0.00; ticks cur=2 thr=4 margin=-2; ret10 cur=-0.24 thr=0.25 margin=-0.49; ret10_non_positive cur=-0.24
1772084712.000,001500,CLOSE,13350.0000,0.000,2,2641320,0.500,0.000,0.000,NO_BUY,reject=ret cur=0.00 thr=0.15 margin=-0.15 relax=0.00 | all=ret cur=0.00 thr=0.15 margin=-0.15 relax=0.00; ticks cur=2 thr=4 margin=-2; ret10 cur=0.00 thr=0.25 margin=-0.25; ret10_non_positive cur=0.00
1772084713.000,122630,CLOSE,111810.0000,0.067,237,1528790255,0.500,0.000,0.000,NO_BUY,reject=ret cur=0.07 thr=0.15 margin=-0.08 relax=0.00 | all=ret cur=0.07 thr=0.15 margin=-0.08 relax=0.00; ret10 cur=0.07 thr=0.25 margin=-0.18
1772084713.000,229200,CLOSE,20985.0000,0.048,62,271957884,0.500,0.000,0.000,NO_BUY,reject=ret cur=0.05 thr=0.15 margin=-0.10 relax=0.00 | all=ret cur=0.05 thr=0.15 margin=-0.10 relax=0.00; ret10 cur=0.05 thr=0.25 margin=-0.20
1772084713.000,064760,CLOSE,235000.0000,0.213,8,3757500,0.500,0.000,0.000,NO_BUY,reject=ret10 cur=0.21 thr=0.25 margin=-0.04 | all=ret10 cur=0.21 thr=0.25 margin=-0.04
1772084714.000,103590,CLOSE,88000.0000,-0.227,3,264200,0.733,0.114,0.000,NO_BUY,reject=ret cur=-0.23 thr=0.15 margin=-0.38 relax=0.00 | all=ret cur=-0.23 thr=0.15 margin=-0.38 relax=0.00; ticks cur=3 thr=4 margin=-1; ret10 cur=-0.23 thr=0.25 margin=-0.48; ret10_non_positive cur=-0.23
1772084715.000,009900,CLOSE,11510.0000,0.000,2,2380500,0.500,0.000,0.000,NO_BUY,reject=ret cur=0.00 thr=0.15 margin=-0.15 relax=0.00 | all=ret cur=0.00 thr=0.15 margin=-0.15 relax=0.00; ticks cur=2 thr=4 margin=-2; ret10 cur=0.00 thr=0.25 margin=-0.25; ret10_non_positive cur=0.00
1772084720.000,035420,CLOSE,260000.0000,0.000,31,46856000,0.520,0.192,0.000,NO_BUY,reject=ret cur=0.00 thr=0.15 margin=-0.15 relax=0.00 | all=ret cur=0.00 thr=0.15 margin=-0.15 relax=0.00; ret10 cur=0.00 thr=0.25 margin=-0.25; ret10_non_positive cur=0.00
1772084720.000,058470,CLOSE,105900.0000,-0.094,8,7415900,0.500,0.000,0.000,NO_BUY,reject=ret cur=-0.09 thr=0.15 margin=-0.24 relax=0.00 | all=ret cur=-0.09 thr=0.15 margin=-0.24 relax=0.00; ret10 cur=-0.09 thr=0.25 margin=-0.34; ret10_non_positive cur=-0.09
1772084720.000,377300,CLOSE,68700.0000,0.146,19,84934800,0.500,0.000,0.000,NO_BUY,reject=ret cur=0.15 thr=0.15 margin=-0.00 relax=0.00 | all=ret cur=0.15 thr=0.15 margin=-0.00 relax=0.00; ret10 cur=0.15 thr=0.25 margin=-0.10
1772084720.000,336260,CLOSE,39850.0000,-0.063,2,6017375,0.500,0.000,0.000,NO_BUY,reject=ret cur=-0.06 thr=0.15 margin=-0.21 relax=0.00 | all=ret cur=-0.06 thr=0.15 margin=-0.21 relax=0.00; ticks cur=2 thr=4 margin=-2; ret10 cur=-0.06 thr=0.25 margin=-0.31; ret10_non_positive cur=-0.06
1772084720.000,396500,CLOSE,34720.0000,0.086,70,839432140,0.500,0.000,0.000,NO_BUY,reject=ret cur=0.09 thr=0.15 margin=-0.06 relax=0.00 | all=ret cur=0.09 thr=0.15 margin=-0.06 relax=0.00; ret10 cur=0.09 thr=0.25 margin=-0.16
1772084720.000,042520,CLOSE,50800.0000,0.197,3,4210700,0.500,0.000,0.000,NO_BUY,reject=ticks cur=3 thr=4 margin=-1 | all=ticks cur=3 thr=4 margin=-1; ret10 cur=0.20 thr=0.25 margin=-0.05
1772084721.000,233740,CLOSE,20325.0000,0.074,96,914654518,0.500,0.000,0.000,NO_BUY,reject=ret cur=0.07 thr=0.15 margin=-0.08 relax=0.00 | all=ret cur=0.07 thr=0.15 margin=-0.08 relax=0.00; ret10 cur=0.07 thr=0.25 margin=-0.18
1772084723.000,005930,CLOSE,216000.0000,-0.231,145,1688320500,0.485,0.231,0.000,NO_BUY,reject=ret cur=-0.23 thr=0.15 margin=-0.38 relax=0.00 | all=ret cur=-0.23 thr=0.15 margin=-0.38 relax=0.00; ret10 cur=-0.23 thr=0.25 margin=-0.48; ret10_non_positive cur=-0.23
1772084724.000,039030,CLOSE,415000.0000,0.000,6,4150000,0.111,0.121,0.000,NO_BUY,reject=ret cur=0.00 thr=0.15 margin=-0.15 relax=0.00 | all=ret cur=0.00 thr=0.15 margin=-0.15 relax=0.00; ret10 cur=0.00 thr=0.25 margin=-0.25; ret10_non_positive cur=0.00
1772084724.000,064400,CLOSE,73800.0000,0.000,8,3398500,0.573,0.135,0.000,NO_BUY,reject=ret cur=0.00 thr=0.15 margin=-0.15 relax=0.00 | all=ret cur=0.00 thr=0.15 margin=-0.15 relax=0.00; ret10 cur=0.00 thr=0.25 margin=-0.25; ret10_non_positive cur=0.00
1772084725.000,002020,CLOSE,71400.0000,-0.557,9,4225500,0.500,0.000,0.000,NO_BUY,reject=ret cur=-0.56 thr=0.15 margin=-0.71 relax=0.00 | all=ret cur=-0.56 thr=0.15 margin=-0.71 relax=0.00; ret10 cur=-0.56 thr=0.25 margin=-0.81; ret10_non_positive cur=-0.56
1772084726.000,066570,CLOSE,146100.0000,0.068,29,33445600,0.500,0.000,0.000,NO_BUY,reject=ret cur=0.07 thr=0.15 margin=-0.08 relax=0.00 | all=ret cur=0.07 thr=0.15 margin=-0.08 relax=0.00; ret10 cur=0.07 thr=0.25 margin=-0.18
1772084726.000,187660,CLOSE,19235.0000,-0.311,176,592940145,0.500,0.000,0.000,NO_BUY,reject=ret cur=-0.31 thr=0.15 margin=-0.46 relax=0.00 | all=ret cur=-0.31 thr=0.15 margin=-0.46 relax=0.00; ret10 cur=-0.31 thr=0.25 margin=-0.56; ret10_non_positive cur=-0.31
1772084726.000,035720,CLOSE,61500.0000,0.000,29,75744700,0.178,0.163,0.000,NO_BUY,reject=ret cur=0.00 thr=0.15 margin=-0.15 relax=0.00 | all=ret cur=0.00 thr=0.15 margin=-0.15 relax=0.00; ret10 cur=0.00 thr=0.25 margin=-0.25; ret10_non_positive cur=0.00
1772084728.000,005830,CLOSE,213000.0000,0.000,31,109187000,0.377,0.234,0.000,NO_BUY,reject=ret cur=0.00 thr=0.15 margin=-0.15 relax=0.00 | all=ret cur=0.00 thr=0.15 margin=-0.15 relax=0.00; ret10 cur=0.00 thr=0.25 margin=-0.25; ret10_non_positive cur=0.00
1772084729.000,310210,CLOSE,316500.0000,0.158,6,2851500,0.500,0.000,0.000,NO_BUY,reject=ret10 cur=0.16 thr=0.25 margin=-0.09 | all=ret10 cur=0.16 thr=0.25 margin=-0.09
1772084731.000,086520,CLOSE,183600.0000,-0.054,41,187323500,0.500,0.000,0.000,NO_BUY,reject=ret cur=-0.05 thr=0.15 margin=-0.20 relax=0.00 | all=ret cur=-0.05 thr=0.15 margin=-0.20 relax=0.00; ret10 cur=-0.05 thr=0.25 margin=-0.30; ret10_non_positive cur=-0.05
1772084733.000,122630,CLOSE,111885.0000,0.031,196,2323296282,0.500,0.000,0.000,NO_BUY,reject=ret cur=0.03 thr=0.15 margin=-0.12 relax=0.00 | all=ret cur=0.03 thr=0.15 margin=-0.12 relax=0.00; ret10 cur=0.03 thr=0.25 margin=-0.22
1772084733.000,229200,CLOSE,20985.0000,-0.024,50,524460660,0.500,0.000,0.000,NO_BUY,reject=ret cur=-0.02 thr=0.15 margin=-0.17 relax=0.00 | all=ret cur=-0.02 thr=0.15 margin=-0.17 relax=0.00; ret10 cur=-0.02 thr=0.25 margin=-0.27; ret10_non_positive cur=-0.02
1772084733.000,064760,CLOSE,235000.0000,-0.426,4,14287500,0.500,0.000,0.000,NO_BUY,reject=ret cur=-0.43 thr=0.15 margin=-0.58 relax=0.00 | all=ret cur=-0.43 thr=0.15 margin=-0.58 relax=0.00; ret10 cur=-0.43 thr=0.25 margin=-0.68; ret10_non_positive cur=-0.43
1772084734.000,036810,CLOSE,41700.0000,0.240,3,375800,0.500,0.000,0.000,NO_BUY,reject=ticks cur=3 thr=4 margin=-1 | all=ticks cur=3 thr=4 margin=-1; ret10 cur=0.24 thr=0.25 margin=-0.01
1772084734.000,103590,CLOSE,88100.0000,0.000,4,12069700,0.734,0.114,0.000,NO_BUY,reject=ret cur=0.00 thr=0.15 margin=-0.15 relax=0.00 | all=ret cur=0.00 thr=0.15 margin=-0.15 relax=0.00; ret10 cur=0.00 thr=0.25 margin=-0.25; ret10_non_positive cur=0.00
1772084735.000,009900,CLOSE,11530.0000,0.000,3,4008960,0.500,0.000,0.000,NO_BUY,reject=ret cur=0.00 thr=0.15 margin=-0.15 relax=0.00 | all=ret cur=0.00 thr=0.15 margin=-0.15 relax=0.00; ticks cur=3 thr=4 margin=-1; ret10 cur=0.00 thr=0.25 margin=-0.25; ret10_non_positive cur=0.00
1772084736.000,124500,CLOSE,60500.0000,0.000,3,1151400,0.500,0.000,0.000,NO_BUY,reject=ret cur=0.00 thr=0.15 margin=-0.15 relax=0.00 | all=ret cur=0.00 thr=0.15 margin=-0.15 relax=0.00; ticks cur=3 thr=4 margin=-1; ret10 cur=0.00 thr=0.25 margin=-0.25; ret10_non_positive cur=0.00
1772084738.000,089890,CLOSE,25475.0000,0.098,2,5904825,0.500,0.000,0.000,NO_BUY,reject=ret cur=0.10 thr=0.15 margin=-0.05 relax=0.00 | all=ret cur=0.10 thr=0.15 margin=-0.05 relax=0.00; ticks cur=2 thr=4 margin=-2; ret10 cur=0.10 thr=0.25 margin=-0.15
1772084740.000,058470,CLOSE,105800.0000,0.000,27,50131400,0.500,0.000,0.000,NO_BUY,reject=ret cur=0.00 thr=0.15 margin=-0.15 relax=0.00 | all=ret cur=0.00 thr=0.15 margin=-0.15 relax=0.00; ret10 cur=0.00 thr=0.25 margin=-0.25; ret10_non_positive cur=0.00
1772084740.000,396500,CLOSE,34730.0000,0.029,130,1730417860,0.500,0.000,0.000,NO_BUY,reject=ret cur=0.03 thr=0.15 margin=-0.12 relax=0.00 | all=ret cur=0.03 thr=0.15 margin=-0.12 relax=0.00; ret10 cur=0.03 thr=0.25 margin=-0.22
1772084740.000,336260,CLOSE,39800.0000,0.126,5,1673525,0.500,0.000,0.000,NO_BUY,reject=ret cur=0.13 thr=0.15 margin=-0.02 relax=0.00 | all=ret cur=0.13 thr=0.15 margin=-0.02 relax=0.00; ret10 cur=0.13 thr=0.25 margin=-0.12
1772084740.000,377300,CLOSE,68700.0000,0.000,19,7623000,0.500,0.000,0.000,NO_BUY,reject=ret cur=0.00 thr=0.15 margin=-0.15 relax=0.00 | all=ret cur=0.00 thr=0.15 margin=-0.15 relax=0.00; ret10 cur=0.00 thr=0.25 margin=-0.25; ret10_non_positive cur=0.00
1772084740.000,035420,CLOSE,260000.0000,0.000,33,33568250,0.522,0.192,0.000,NO_BUY,reject=ret cur=0.00 thr=0.15 margin=-0.15 relax=0.00 | all=ret cur=0.00 thr=0.15 margin=-0.15 relax=0.00; ret10 cur=0.00 thr=0.25 margin=-0.25; ret10_non_positive cur=0.00
1772084741.000,233740,CLOSE,20315.0000,0.015,45,452397330,0.500,0.000,0.000,NO_BUY,reject=ret cur=0.01 thr=0.15 margin=-0.14 relax=0.00 | all=ret cur=0.01 thr=0.15 margin=-0.14 relax=0.00; ret10 cur=0.01 thr=0.25 margin=-0.24
1772084741.000,001500,CLOSE,13370.0000,0.000,2,8570700,0.500,0.000,0.000,NO_BUY,reject=ret cur=0.00 thr=0.15 margin=-0.15 relax=0.00 | all=ret cur=0.00 thr=0.15 margin=-0.15 relax=0.00; ticks cur=2 thr=4 margin=-2; ret10 cur=0.00 thr=0.25 margin=-0.25; ret10_non_positive cur=0.00
1772084743.000,005930,CLOSE,216500.0000,0.231,163,1663039000,0.488,0.231,0.000,NO_BUY,reject=ret10 cur=0.23 thr=0.25 margin=-0.02 | all=ret10 cur=0.23 thr=0.25 margin=-0.02
1772084745.000,064400,CLOSE,73900.0000,0.000,31,57121300,0.577,0.135,0.000,NO_BUY,reject=ret cur=0.00 thr=0.15 margin=-0.15 relax=0.00 | all=ret cur=0.00 thr=0.15 margin=-0.15 relax=0.00; ret10 cur=0.00 thr=0.25 margin=-0.25; ret10_non_positive cur=0.00
1772084746.000,187660,CLOSE,19010.0000,-0.627,288,599473955,0.500,0.000,0.000,NO_BUY,reject=ret cur=-0.63 thr=0.15 margin=-0.78 relax=0.00 | all=ret cur=-0.63 thr=0.15 margin=-0.78 relax=0.00; ret10 cur=-0.63 thr=0.25 margin=-0.88; ret10_non_positive cur=-0.63
1772084746.000,002020,CLOSE,71200.0000,0.000,4,498700,0.500,0.000,0.000,NO_BUY,reject=ret cur=0.00 thr=0.15 margin=-0.15 relax=0.00 | all=ret cur=0.00 thr=0.15 margin=-0.15 relax=0.00; ret10 cur=0.00 thr=0.25 margin=-0.25; ret10_non_positive cur=0.00
1772084746.000,066570,CLOSE,146100.0000,-0.068,30,38266700,0.500,0.000,0.000,NO_BUY,reject=ret cur=-0.07 thr=0.15 margin=-0.22 relax=0.00 | all=ret cur=-0.07 thr=0.15 margin=-0.22 relax=0.00; ret10 cur=-0.07 thr=0.25 margin=-0.32; ret10_non_positive cur=-0.07
1772084746.000,039030,CLOSE,414500.0000,0.000,3,1658500,0.152,0.121,0.000,NO_BUY,reject=ret cur=0.00 thr=0.15 margin=-0.15 relax=0.00 | all=ret cur=0.00 thr=0.15 margin=-0.15 relax=0.00; ticks cur=3 thr=4 margin=-1; ret10 cur=0.00 thr=0.25 margin=-0.25; ret10_non_positive cur=0.00
1772084746.000,035720,CLOSE,61500.0000,-0.081,44,75942450,0.180,0.163,0.000,NO_BUY,reject=ret cur=-0.08 thr=0.15 margin=-0.23 relax=0.00 | all=ret cur=-0.08 thr=0.15 margin=-0.23 relax=0.00; ret10 cur=-0.08 thr=0.25 margin=-0.33; ret10_non_positive cur=-0.08
1772084749.000,005830,CLOSE,212000.0000,-0.235,49,261382000,0.398,0.236,0.000,NO_BUY,reject=ret cur=-0.23 thr=0.15 margin=-0.38 relax=0.00 | all=ret cur=-0.23 thr=0.15 margin=-0.38 relax=0.00; ret10 cur=-0.23 thr=0.25 margin=-0.48; ret10_non_positive cur=-0.23
1772084751.000,310210,CLOSE,316500.0000,0.158,7,10762000,0.500,0.000,0.000,NO_BUY,reject=ret10 cur=0.16 thr=0.25 margin=-0.09 | all=ret10 cur=0.16 thr=0.25 margin=-0.09
1772084751.000,086520,CLOSE,184100.0000,0.163,73,809879800,0.500,0.000,0.000,NO_BUY,reject=ret10 cur=0.16 thr=0.25 margin=-0.09 | all=ret10 cur=0.16 thr=0.25 margin=-0.09
1772084753.000,122630,CLOSE,112040.0000,0.022,243,1849188110,0.500,0.000,0.000,NO_BUY,reject=ret cur=0.02 thr=0.15 margin=-0.13 relax=0.00 | all=ret cur=0.02 thr=0.15 margin=-0.13 relax=0.00; ret10 cur=0.02 thr=0.25 margin=-0.23
1772084753.000,229200,CLOSE,20980.0000,0.024,72,57539056,0.500,0.000,0.000,NO_BUY,reject=ret cur=0.02 thr=0.15 margin=-0.13 relax=0.00 | all=ret cur=0.02 thr=0.15 margin=-0.13 relax=0.00; ret10 cur=0.02 thr=0.25 margin=-0.23
1772084754.000,064760,CLOSE,235000.0000,0.000,4,5639000,0.500,0.000,0.000,NO_BUY,reject=ret cur=0.00 thr=0.15 margin=-0.15 relax=0.00 | all=ret cur=0.00 thr=0.15 margin=-0.15 relax=0.00; ret10 cur=0.00 thr=0.25 margin=-0.25; ret10_non_positive cur=0.00
1772084756.000,294570,CLOSE,33650.0000,0.000,2,1346000,0.500,0.000,0.000,NO_BUY,reject=ret cur=0.00 thr=0.15 margin=-0.15 relax=0.00 | all=ret cur=0.00 thr=0.15 margin=-0.15 relax=0.00; ticks cur=2 thr=4 margin=-2; ret10 cur=0.00 thr=0.25 margin=-0.25; ret10_non_positive cur=0.00
1772084756.000,103590,CLOSE,88100.0000,0.114,4,8370000,0.702,0.227,0.000,NO_BUY,reject=ret cur=0.11 thr=0.15 margin=-0.04 relax=0.00 | all=ret cur=0.11 thr=0.15 margin=-0.04 relax=0.00; ret10 cur=0.11 thr=0.25 margin=-0.14
1772084756.000,009900,CLOSE,11540.0000,0.173,11,4671390,0.500,0.000,0.000,NO_BUY,reject=ret10 cur=0.17 thr=0.25 margin=-0.08 | all=ret10 cur=0.17 thr=0.25 margin=-0.08
1772084757.000,036810,CLOSE,41800.0000,0.000,2,125400,0.500,0.000,0.000,NO_BUY,reject=ret cur=0.00 thr=0.15 margin=-0.15 relax=0.00 | all=ret cur=0.00 thr=0.15 margin=-0.15 relax=0.00; ticks cur=2 thr=4 margin=-2; ret10 cur=0.00 thr=0.25 margin=-0.25; ret10_non_positive cur=0.00
1772084757.000,124500,CLOSE,60500.0000,-0.165,4,47615500,0.500,0.000,0.000,NO_BUY,reject=ret cur=-0.17 thr=0.15 margin=-0.32 relax=0.00 | all=ret cur=-0.17 thr=0.15 margin=-0.32 relax=0.00; ret10 cur=-0.17 thr=0.25 margin=-0.42; ret10_non_positive cur=-0.17
1772084760.000,035420,CLOSE,260000.0000,0.000,24,127775000,0.521,0.192,0.000,NO_BUY,reject=ret cur=0.00 thr=0.15 margin=-0.15 relax=0.00 | all=ret cur=0.00 thr=0.15 margin=-0.15 relax=0.00; ret10 cur=0.00 thr=0.25 margin=-0.25; ret10_non_positive cur=0.00
1772084760.000,058470,CLOSE,105600.0000,0.000,35,66573400,0.500,0.000,0.000,NO_BUY,reject=ret cur=0.00 thr=0.15 margin=-0.15 relax=0.00 | all=ret cur=0.00 thr=0.15 margin=-0.15 relax=0.00; ret10 cur=0.00 thr=0.25 margin=-0.25; ret10_non_positive cur=0.00
1772084760.000,396500,CLOSE,34725.0000,0.058,68,736634250,0.500,0.000,0.000,NO_BUY,reject=ret cur=0.06 thr=0.15 margin=-0.09 relax=0.00 | all=ret cur=0.06 thr=0.15 margin=-0.09 relax=0.00; ret10 cur=0.06 thr=0.25 margin=-0.19
1772084760.000,377300,CLOSE,68700.0000,0.000,6,2473200,0.500,0.000,0.000,NO_BUY,reject=ret cur=0.00 thr=0.15 margin=-0.15 relax=0.00 | all=ret cur=0.00 thr=0.15 margin=-0.15 relax=0.00; ret10 cur=0.00 thr=0.25 margin=-0.25; ret10_non_positive cur=0.00
1772084761.000,233740,CLOSE,20325.0000,0.025,34,248570560,0.500,0.000,0.000,NO_BUY,reject=ret cur=0.02 thr=0.15 margin=-0.13 relax=0.00 | all=ret cur=0.02 thr=0.15 margin=-0.13 relax=0.00; ret10 cur=0.02 thr=0.25 margin=-0.23
1772084763.000,005930,CLOSE,217000.0000,-0.230,137,3066225000,0.449,0.231,0.000,NO_BUY,reject=ret cur=-0.23 thr=0.15 margin=-0.38 relax=0.00 | all=ret cur=-0.23 thr=0.15 margin=-0.38 relax=0.00; ret10 cur=-0.23 thr=0.25 margin=-0.48; ret10_non_positive cur=-0.23
1772084764.000,042520,CLOSE,50500.0000,-0.394,6,29755800,0.500,0.000,0.000,NO_BUY,reject=ret cur=-0.39 thr=0.15 margin=-0.54 relax=0.00 | all=ret cur=-0.39 thr=0.15 margin=-0.54 relax=0.00; ret10 cur=-0.39 thr=0.25 margin=-0.64; ret10_non_positive cur=-0.39
1772084765.000,336260,CLOSE,39800.0000,0.000,2,12871550,0.500,0.000,0.000,NO_BUY,reject=ret cur=0.00 thr=0.15 margin=-0.15 relax=0.00 | all=ret cur=0.00 thr=0.15 margin=-0.15 relax=0.00; ticks cur=2 thr=4 margin=-2; ret10 cur=0.00 thr=0.25 margin=-0.25; ret10_non_positive cur=0.00
1772084766.000,035720,CLOSE,61500.0000,-0.163,31,21204900,0.182,0.163,0.000,NO_BUY,reject=ret cur=-0.16 thr=0.15 margin=-0.31 relax=0.00 | all=ret cur=-0.16 thr=0.15 margin=-0.31 relax=0.00; ret10 cur=-0.16 thr=0.25 margin=-0.41; ret10_non_positive cur=-0.16
1772084766.000,187660,CLOSE,18970.0000,0.000,384,1171759815,0.500,0.000,0.000,NO_BUY,reject=ret cur=0.00 thr=0.15 margin=-0.15 relax=0.00 | all=ret cur=0.00 thr=0.15 margin=-0.15 relax=0.00; ret10 cur=0.00 thr=0.25 margin=-0.25; ret10_non_positive cur=0.00
1772084766.000,064400,CLOSE,73900.0000,0.000,15,16404300,0.573,0.135,0.000,NO_BUY,reject=ret cur=0.00 thr=0.15 margin=-0.15 relax=0.00 | all=ret cur=0.00 thr=0.15 margin=-0.15 relax=0.00; ret10 cur=0.00 thr=0.25 margin=-0.25; ret10_non_positive cur=0.00
1772084768.000,001500,CLOSE,13370.0000,0.000,2,12487580,0.500,0.000,0.000,NO_BUY,reject=ret cur=0.00 thr=0.15 margin=-0.15 relax=0.00 | all=ret cur=0.00 thr=0.15 margin=-0.15 relax=0.00; ticks cur=2 thr=4 margin=-2; ret10 cur=0.00 thr=0.25 margin=-0.25; ret10_non_positive cur=0.00
1772084768.000,066570,CLOSE,146100.0000,-0.068,25,15045350,0.500,0.000,0.000,NO_BUY,reject=ret cur=-0.07 thr=0.15 margin=-0.22 relax=0.00 | all=ret cur=-0.07 thr=0.15 margin=-0.22 relax=0.00; ret10 cur=-0.07 thr=0.25 margin=-0.32; ret10_non_positive cur=-0.07
1772084769.000,005830,CLOSE,211500.0000,0.000,14,41659500,0.374,0.236,0.000,NO_BUY,reject=ret cur=0.00 thr=0.15 margin=-0.15 relax=0.00 | all=ret cur=0.00 thr=0.15 margin=-0.15 relax=0.00; ret10 cur=0.00 thr=0.25 margin=-0.25; ret10_non_positive cur=0.00
1772084769.000,002020,CLOSE,71300.0000,0.000,3,641700,0.500,0.000,0.000,NO_BUY,reject=ret cur=0.00 thr=0.15 margin=-0.15 relax=0.00 | all=ret cur=0.00 thr=0.15 margin=-0.15 relax=0.00; ticks cur=3 thr=4 margin=-1; ret10 cur=0.00 thr=0.25 margin=-0.25; ret10_non_positive cur=0.00
1772084771.000,086520,CLOSE,184400.0000,0.000,32,189824100,0.500,0.000,0.000,NO_BUY,reject=ret cur=0.00 thr=0.15 margin=-0.15 relax=0.00 | all=ret cur=0.00 thr=0.15 margin=-0.15 relax=0.00; ret10 cur=0.00 thr=0.25 margin=-0.25; ret10_non_positive cur=0.00
1772084771.000,039030,CLOSE,414500.0000,0.000,40,78463000,0.107,0.121,0.000,NO_BUY,reject=ret cur=0.00 thr=0.15 margin=-0.15 relax=0.00 | all=ret cur=0.00 thr=0.15 margin=-0.15 relax=0.00; ret10 cur=0.00 thr=0.25 margin=-0.25; ret10_non_positive cur=0.00
1772084772.000,310210,CLOSE,316000.0000,-0.158,7,11393500,0.500,0.000,0.000,NO_BUY,reject=ret cur=-0.16 thr=0.15 margin=-0.31 relax=0.00 | all=ret cur=-0.16 thr=0.15 margin=-0.31 relax=0.00; ret10 cur=-0.16 thr=0.25 margin=-0.41; ret10_non_positive cur=-0.16
1772084773.000,122630,CLOSE,112040.0000,-0.004,148,2223083235,0.500,0.000,0.000,NO_BUY,reject=ret cur=-0.00 thr=0.15 margin=-0.15 relax=0.00 | all=ret cur=-0.00 thr=0.15 margin=-0.15 relax=0.00; ret10 cur=-0.00 thr=0.25 margin=-0.25; ret10_non_positive cur=-0.00
1772084773.000,229200,CLOSE,20990.0000,0.000,50,878824922,0.500,0.000,0.000,NO_BUY,reject=ret cur=0.00 thr=0.15 margin=-0.15 relax=0.00 | all=ret cur=0.00 thr=0.15 margin=-0.15 relax=0.00; ret10 cur=0.00 thr=0.25 margin=-0.25; ret10_non_positive cur=0.00
1772084776.000,064760,CLOSE,234500.0000,0.000,6,10083000,0.500,0.000,0.000,NO_BUY,reject=ret cur=0.00 thr=0.15 margin=-0.15 relax=0.00 | all=ret cur=0.00 thr=0.15 margin=-0.15 relax=0.00; ret10 cur=0.00 thr=0.25 margin=-0.25; ret10_non_positive cur=0.00
1772084777.000,036810,CLOSE,41650.0000,-0.120,12,25396200,0.500,0.000,0.000,NO_BUY,reject=ret cur=-0.12 thr=0.15 margin=-0.27 relax=0.00 | all=ret cur=-0.12 thr=0.15 margin=-0.27 relax=0.00; ret10 cur=-0.12 thr=0.25 margin=-0.37; ret10_non_positive cur=-0.12
1772084778.000,009900,CLOSE,11550.0000,-0.087,12,15546900,0.500,0.000,0.000,NO_BUY,reject=ret cur=-0.09 thr=0.15 margin=-0.24 relax=0.00 | all=ret cur=-0.09 thr=0.15 margin=-0.24 relax=0.00; ret10 cur=-0.09 thr=0.25 margin=-0.34; ret10_non_positive cur=-0.09
1772084780.000,035420,CLOSE,260250.0000,0.096,24,72040500,0.522,0.192,0.000,NO_BUY,reject=ret cur=0.10 thr=0.15 margin=-0.05 relax=0.00 | all=ret cur=0.10 thr=0.15 margin=-0.05 relax=0.00; ret10 cur=0.10 thr=0.25 margin=-0.15
1772084780.000,396500,CLOSE,34700.0000,-0.072,149,391957755,0.500,0.000,0.000,NO_BUY,reject=ret cur=-0.07 thr=0.15 margin=-0.22 relax=0.00 | all=ret cur=-0.07 thr=0.15 margin=-0.22 relax=0.00; ret10 cur=-0.07 thr=0.25 margin=-0.32; ret10_non_positive cur=-0.07
1772084781.000,233740,CLOSE,20320.0000,-0.025,41,255740160,0.500,0.000,0.000,NO_BUY,reject=ret cur=-0.02 thr=0.15 margin=-0.17 relax=0.00 | all=ret cur=-0.02 thr=0.15 margin=-0.17 relax=0.00; ret10 cur=-0.02 thr=0.25 margin=-0.27; ret10_non_positive cur=-0.02
1772084781.000,377300,CLOSE,68700.0000,0.146,11,31700800,0.500,0.000,0.000,NO_BUY,reject=ret cur=0.15 thr=0.15 margin=-0.00 relax=0.00 | all=ret cur=0.15 thr=0.15 margin=-0.00 relax=0.00; ret10 cur=0.15 thr=0.25 margin=-0.10
1772084781.000,058470,CLOSE,105300.0000,-0.284,47,232342050,0.500,0.000,0.000,NO_BUY,reject=ret cur=-0.28 thr=0.15 margin=-0.43 relax=0.00 | all=ret cur=-0.28 thr=0.15 margin=-0.43 relax=0.00; ret10 cur=-0.28 thr=0.25 margin=-0.53; ret10_non_positive cur=-0.28
1772084781.000,103590,CLOSE,88100.0000,-0.113,7,12953400,0.690,0.113,0.000,NO_BUY,reject=ret cur=-0.11 thr=0.15 margin=-0.26 relax=0.00 | all=ret cur=-0.11 thr=0.15 margin=-0.26 relax=0.00; ret10 cur=-0.11 thr=0.25 margin=-0.36; ret10_non_positive cur=-0.11
1772084783.000,005930,CLOSE,216500.0000,0.000,154,1832882750,0.449,0.231,0.000,NO_BUY,reject=ret cur=0.00 thr=0.15 margin=-0.15 relax=0.00 | all=ret cur=0.00 thr=0.15 margin=-0.15 relax=0.00; ret10 cur=0.00 thr=0.25 margin=-0.25; ret10_non_positive cur=0.00
1772084785.000,336260,CLOSE,39800.0000,0.000,21,28167750,0.500,0.000,0.000,NO_BUY,reject=ret cur=0.00 thr=0.15 margin=-0.15 relax=0.00 | all=ret cur=0.00 thr=0.15 margin=-0.15 relax=0.00; ret10 cur=0.00 thr=0.25 margin=-0.25; ret10_non_positive cur=0.00
1772084786.000,035720,CLOSE,61450.0000,0.163,40,53550300,0.182,0.163,0.000,NO_BUY,reject=ret10 cur=0.16 thr=0.25 margin=-0.09 | all=ret10 cur=0.16 thr=0.25 margin=-0.09
1772084786.000,187660,CLOSE,18750.0000,0.911,472,1302376645,0.500,0.000,0.000,NO_BUY,confirm_wait 0.1s
1772084786.000,064400,CLOSE,73800.0000,0.000,11,103137100,0.572,0.135,0.000,NO_BUY,reject=ret cur=0.00 thr=0.15 margin=-0.15 relax=0.00 | all=ret cur=0.00 thr=0.15 margin=-0.15 relax=0.00; ret10 cur=0.00 thr=0.25 margin=-0.25; ret10_non_positive cur=0.00
1772084786.000,294570,CLOSE,33650.0000,0.000,2,370150,0.500,0.000,0.000,NO_BUY,reject=ret cur=0.00 thr=0.15 margin=-0.15 relax=0.00 | all=ret cur=0.00 thr=0.15 margin=-0.15 relax=0.00; ticks cur=2 thr=4 margin=-2; ret10 cur=0.00 thr=0.25 margin=-0.25; ret10_non_positive cur=0.00
1772084788.000,066570,CLOSE,146000.0000,0.068,37,319887200,0.500,0.000,0.000,NO_BUY,reject=ret cur=0.07 thr=0.15 margin=-0.08 relax=0.00 | all=ret cur=0.07 thr=0.15 margin=-0.08 relax=0.00; ret10 cur=0.07 thr=0.25 margin=-0.18
1772084789.000,005830,CLOSE,211500.0000,0.000,15,86903000,0.394,0.236,0.000,NO_BUY,reject=ret cur=0.00 thr=0.15 margin=-0.15 relax=0.00 | all=ret cur=0.00 thr=0.15 margin=-0.15 relax=0.00; ret10 cur=0.00 thr=0.25 margin=-0.25; ret10_non_positive cur=0.00
1772084790.000,002020,CLOSE,71200.0000,-0.140,26,11762300,0.500,0.000,0.000,NO_BUY,reject=ret cur=-0.14 thr=0.15 margin=-0.29 relax=0.00 | all=ret cur=-0.14 thr=0.15 margin=-0.29 relax=0.00; ret10 cur=-0.14 thr=0.25 margin=-0.39; ret10_non_positive cur=-0.14
1772084791.000,086520,CLOSE,184500.0000,0.000,33,62692300,0.500,0.000,0.000,NO_BUY,reject=ret cur=0.00 thr=0.15 margin=-0.15 relax=0.00 | all=ret cur=0.00 thr=0.15 margin=-0.15 relax=0.00; ret10 cur=0.00 thr=0.25 margin=-0.25; ret10_non_positive cur=0.00
1772084791.000,042520,CLOSE,50900.0000,0.593,2,253600,0.500,0.000,0.000,NO_BUY,reject=ticks cur=2 thr=4 margin=-2 | all=ticks cur=2 thr=4 margin=-2
1772084791.000,039030,CLOSE,415500.0000,0.000,11,76759500,0.119,0.120,0.000,NO_BUY,reject=ret cur=0.00 thr=0.15 margin=-0.15 relax=0.00 | all=ret cur=0.00 thr=0.15 margin=-0.15 relax=0.00; ret10 cur=0.00 thr=0.25 margin=-0.25; ret10_non_positive cur=0.00
1772084791.000,001500,CLOSE,13360.0000,0.000,4,13383370,0.500,0.000,0.000,NO_BUY,reject=ret cur=0.00 thr=0.15 margin=-0.15 relax=0.00 | all=ret cur=0.00 thr=0.15 margin=-0.15 relax=0.00; ret10 cur=0.00 thr=0.25 margin=-0.25; ret10_non_positive cur=0.00
1772084793.000,310210,CLOSE,316000.0000,0.000,6,8848000,0.500,0.000,0.000,NO_BUY,reject=ret cur=0.00 thr=0.15 margin=-0.15 relax=0.00 | all=ret cur=0.00 thr=0.15 margin=-0.15 relax=0.00; ret10 cur=0.00 thr=0.25 margin=-0.25; ret10_non_positive cur=0.00
1772084793.000,229200,CLOSE,20990.0000,0.048,79,87700188,0.500,0.000,0.000,NO_BUY,reject=ret cur=0.05 thr=0.15 margin=-0.10 relax=0.00 | all=ret cur=0.05 thr=0.15 margin=-0.10 relax=0.00; ret10 cur=0.05 thr=0.25 margin=-0.20
1772084793.000,089890,CLOSE,25450.0000,0.000,2,3302000,0.500,0.000,0.000,NO_BUY,reject=ret cur=0.00 thr=0.15 margin=-0.15 relax=0.00 | all=ret cur=0.00 thr=0.15 margin=-0.15 relax=0.00; ticks cur=2 thr=4 margin=-2; ret10 cur=0.00 thr=0.25 margin=-0.25; ret10_non_positive cur=0.00
1772084793.000,122630,CLOSE,111970.0000,0.076,159,1575402505,0.500,0.000,0.000,NO_BUY,reject=ret cur=0.08 thr=0.15 margin=-0.07 relax=0.00 | all=ret cur=0.08 thr=0.15 margin=-0.07 relax=0.00; ret10 cur=0.08 thr=0.25 margin=-0.17
1772084795.000,124500,CLOSE,60500.0000,-0.165,2,605800,0.500,0.000,0.000,NO_BUY,reject=ret cur=-0.17 thr=0.15 margin=-0.32 relax=0.00 | all=ret cur=-0.17 thr=0.15 margin=-0.32 relax=0.00; ticks cur=2 thr=4 margin=-2; ret10 cur=-0.17 thr=0.25 margin=-0.42; ret10_non_positive cur=-0.17
1772084796.000,064760,CLOSE,234500.0000,0.000,4,6795000,0.500,0.000,0.000,NO_BUY,reject=ret cur=0.00 thr=0.15 margin=-0.15 relax=0.00 | all=ret cur=0.00 thr=0.15 margin=-0.15 relax=0.00; ret10 cur=0.00 thr=0.25 margin=-0.25; ret10_non_positive cur=0.00
1772084798.000,009900,CLOSE,11530.0000,-0.087,8,6733550,0.500,0.000,0.000,NO_BUY,reject=ret cur=-0.09 thr=0.15 margin=-0.24 relax=0.00 | all=ret cur=-0.09 thr=0.15 margin=-0.24 relax=0.00; ret10 cur=-0.09 thr=0.25 margin=-0.34; ret10_non_positive cur=-0.09
1772084800.000,035420,CLOSE,260500.0000,0.192,28,54890500,0.522,0.192,0.000,NO_BUY,reject=ret10 cur=0.19 thr=0.25 margin=-0.06 | all=ret10 cur=0.19 thr=0.25 margin=-0.06
1772084800.000,396500,CLOSE,34725.0000,0.058,57,638687415,0.500,0.000,0.000,NO_BUY,reject=ret cur=0.06 thr=0.15 margin=-0.09 relax=0.00 | all=ret cur=0.06 thr=0.15 margin=-0.09 relax=0.00; ret10 cur=0.06 thr=0.25 margin=-0.19
1772084801.000,233740,CLOSE,20330.0000,0.049,122,1637824550,0.500,0.000,0.000,NO_BUY,reject=ret cur=0.05 thr=0.15 margin=-0.10 relax=0.00 | all=ret cur=0.05 thr=0.15 margin=-0.10 relax=0.00; ret10 cur=0.05 thr=0.25 margin=-0.20
1772084801.000,377300,CLOSE,68600.0000,0.146,19,15314200,0.500,0.000,0.000,NO_BUY,reject=ret cur=0.15 thr=0.15 margin=-0.00 relax=0.00 | all=ret cur=0.15 thr=0.15 margin=-0.00 relax=0.00; ret10 cur=0.15 thr=0.25 margin=-0.10
1772084801.000,058470,CLOSE,105500.0000,0.285,20,45890700,0.500,0.000,0.000,NO_BUY,confirm_wait 0.1s
1772084801.000,036810,CLOSE,41700.0000,0.000,5,1334350,0.500,0.000,0.000,NO_BUY,reject=ret cur=0.00 thr=0.15 margin=-0.15 relax=0.00 | all=ret cur=0.00 thr=0.15 margin=-0.15 relax=0.00; ret10 cur=0.00 thr=0.25 margin=-0.25; ret10_non_positive cur=0.00
1772084803.000,005930,CLOSE,216500.0000,0.000,175,2250288750,0.451,0.231,0.000,NO_BUY,reject=ret cur=0.00 thr=0.15 margin=-0.15 relax=0.00 | all=ret cur=0.00 thr=0.15 margin=-0.15 relax=0.00; ret10 cur=0.00 thr=0.25 margin=-0.25; ret10_non_positive cur=0.00
1772084806.000,187660,CLOSE,18880.0000,0.000,196,235075955,0.500,0.000,0.000,NO_BUY,reject=ret cur=0.00 thr=0.15 margin=-0.15 relax=0.00 | all=ret cur=0.00 thr=0.15 margin=-0.15 relax=0.00; ret10 cur=0.00 thr=0.25 margin=-0.25; ret10_non_positive cur=0.00
1772084806.000,035720,CLOSE,61450.0000,0.000,38,69366650,0.185,0.163,0.000,NO_BUY,reject=ret cur=0.00 thr=0.15 margin=-0.15 relax=0.00 | all=ret cur=0.00 thr=0.15 margin=-0.15 relax=0.00; ret10 cur=0.00 thr=0.25 margin=-0.25; ret10_non_positive cur=0.00
1772084807.000,064400,CLOSE,73900.0000,0.135,14,4363300,0.520,0.135,0.000,NO_BUY,reject=ret cur=0.14 thr=0.15 margin=-0.01 relax=0.00 | all=ret cur=0.14 thr=0.15 margin=-0.01 relax=0.00; ret10 cur=0.14 thr=0.25 margin=-0.11
1772084807.000,336260,CLOSE,39850.0000,0.000,3,996250,0.500,0.000,0.000,NO_BUY,reject=ret cur=0.00 thr=0.15 margin=-0.15 relax=0.00 | all=ret cur=0.00 thr=0.15 margin=-0.15 relax=0.00; ticks cur=3 thr=4 margin=-1; ret10 cur=0.00 thr=0.25 margin=-0.25; ret10_non_positive cur=0.00
1772084808.000,066570,CLOSE,145900.0000,0.000,23,48755200,0.500,0.000,0.000,NO_BUY,reject=ret cur=0.00 thr=0.15 margin=-0.15 relax=0.00 | all=ret cur=0.00 thr=0.15 margin=-0.15 relax=0.00; ret10 cur=0.00 thr=0.25 margin=-0.25; ret10_non_positive cur=0.00
1772084809.000,005830,CLOSE,211000.0000,-0.472,14,56516000,0.377,0.473,0.000,NO_BUY,reject=ret cur=-0.47 thr=0.15 margin=-0.62 relax=0.00 | all=ret cur=-0.47 thr=0.15 margin=-0.62 relax=0.00; ret10 cur=-0.47 thr=0.25 margin=-0.72; ret10_non_positive cur=-0.47
1772084811.000,039030,CLOSE,414500.0000,0.120,15,21996500,0.130,0.241,0.000,NO_BUY,reject=ret cur=0.12 thr=0.15 margin=-0.03 relax=0.00 | all=ret cur=0.12 thr=0.15 margin=-0.03 relax=0.00; ret10 cur=0.12 thr=0.25 margin=-0.13
1772084811.000,086520,CLOSE,184400.0000,0.000,47,206061500,0.500,0.000,0.000,NO_BUY,reject=ret cur=0.00 thr=0.15 margin=-0.15 relax=0.00 | all=ret cur=0.00 thr=0.15 margin=-0.15 relax=0.00; ret10 cur=0.00 thr=0.25 margin=-0.25; ret10_non_positive cur=0.00
1772084813.000,122630,CLOSE,111925.0000,-0.009,89,1291089420,0.500,0.000,0.000,NO_BUY,reject=ret cur=-0.01 thr=0.15 margin=-0.16 relax=0.00 | all=ret cur=-0.01 thr=0.15 margin=-0.16 relax=0.00; ret10 cur=-0.01 thr=0.25 margin=-0.26; ret10_non_positive cur=-0.01
1772084813.000,229200,CLOSE,20992.0000,0.014,34,212777599,0.500,0.000,0.000,NO_BUY,reject=ret cur=0.01 thr=0.15 margin=-0.14 relax=0.00 | all=ret cur=0.01 thr=0.15 margin=-0.14 relax=0.00; ret10 cur=0.01 thr=0.25 margin=-0.24
1772084814.000,310210,CLOSE,316500.0000,0.000,4,8229000,0.500,0.000,0.000,NO_BUY,reject=ret cur=0.00 thr=0.15 margin=-0.15 relax=0.00 | all=ret cur=0.00 thr=0.15 margin=-0.15 relax=0.00; ret10 cur=0.00 thr=0.25 margin=-0.25; ret10_non_positive cur=0.00
1772084815.000,089890,CLOSE,25400.0000,0.197,5,3766550,0.500,0.000,0.000,NO_BUY,reject=ret10 cur=0.20 thr=0.25 margin=-0.05 | all=ret10 cur=0.20 thr=0.25 margin=-0.05
1772084815.000,124500,CLOSE,60400.0000,0.000,3,6352500,0.500,0.000,0.000,NO_BUY,reject=ret cur=0.00 thr=0.15 margin=-0.15 relax=0.00 | all=ret cur=0.00 thr=0.15 margin=-0.15 relax=0.00; ticks cur=3 thr=4 margin=-1; ret10 cur=0.00 thr=0.25 margin=-0.25; ret10_non_positive cur=0.00
1772084815.000,001500,CLOSE,13375.0000,0.000,12,27104030,0.500,0.000,0.000,NO_BUY,reject=ret cur=0.00 thr=0.15 margin=-0.15 relax=0.00 | all=ret cur=0.00 thr=0.15 margin=-0.15 relax=0.00; ret10 cur=0.00 thr=0.25 margin=-0.25; ret10_non_positive cur=0.00
1772084816.000,064760,CLOSE,234000.0000,0.000,7,22966000,0.500,0.000,0.000,NO_BUY,reject=ret cur=0.00 thr=0.15 margin=-0.15 relax=0.00 | all=ret cur=0.00 thr=0.15 margin=-0.15 relax=0.00; ret10 cur=0.00 thr=0.25 margin=-0.25; ret10_non_positive cur=0.00
1772084816.000,103590,CLOSE,88200.0000,-0.113,3,7931100,0.696,0.113,0.000,NO_BUY,reject=ret cur=-0.11 thr=0.15 margin=-0.26 relax=0.00 | all=ret cur=-0.11 thr=0.15 margin=-0.26 relax=0.00; ticks cur=3 thr=4 margin=-1; ret10 cur=-0.11 thr=0.25 margin=-0.36; ret10_non_positive cur=-0.11
1772084820.000,035420,CLOSE,260000.0000,0.000,24,116749000,0.523,0.192,0.000,NO_BUY,reject=ret cur=0.00 thr=0.15 margin=-0.15 relax=0.00 | all=ret cur=0.00 thr=0.15 margin=-0.15 relax=0.00; ret10 cur=0.00 thr=0.25 margin=-0.25; ret10_non_positive cur=0.00
1772084820.000,396500,CLOSE,34740.0000,0.043,85,1222456540,0.500,0.000,0.000,NO_BUY,reject=ret cur=0.04 thr=0.15 margin=-0.11 relax=0.00 | all=ret cur=0.04 thr=0.15 margin=-0.11 relax=0.00; ret10 cur=0.04 thr=0.25 margin=-0.21
1772084821.000,233740,CLOSE,20335.0000,0.049,48,284486310,0.500,0.000,0.000,NO_BUY,reject=ret cur=0.05 thr=0.15 margin=-0.10 relax=0.00 | all=ret cur=0.05 thr=0.15 margin=-0.10 relax=0.00; ret10 cur=0.05 thr=0.25 margin=-0.20
1772084821.000,377300,CLOSE,68900.0000,0.000,23,37355300,0.500,0.000,0.000,NO_BUY,reject=ret cur=0.00 thr=0.15 margin=-0.15 relax=0.00 | all=ret cur=0.00 thr=0.15 margin=-0.15 relax=0.00; ret10 cur=0.00 thr=0.25 margin=-0.25; ret10_non_positive cur=0.00
1772084821.000,009900,CLOSE,11540.0000,0.000,2,23060,0.500,0.000,0.000,NO_BUY,reject=ret cur=0.00 thr=0.15 margin=-0.15 relax=0.00 | all=ret cur=0.00 thr=0.15 margin=-0.15 relax=0.00; ticks cur=2 thr=4 margin=-2; ret10 cur=0.00 thr=0.25 margin=-0.25; ret10_non_positive cur=0.00
1772084822.000,036810,CLOSE,41600.0000,0.120,5,38644500,0.500,0.000,0.000,NO_BUY,reject=ret cur=0.12 thr=0.15 margin=-0.03 relax=0.00 | all=ret cur=0.12 thr=0.15 margin=-0.03 relax=0.00; ret10 cur=0.12 thr=0.25 margin=-0.13
1772084822.000,058470,CLOSE,105400.0000,0.000,26,79492000,0.500,0.000,0.000,NO_BUY,reject=ret cur=0.00 thr=0.15 margin=-0.15 relax=0.00 | all=ret cur=0.00 thr=0.15 margin=-0.15 relax=0.00; ret10 cur=0.00 thr=0.25 margin=-0.25; ret10_non_positive cur=0.00
1772084823.000,005930,CLOSE,216750.0000,0.000,178,1068623500,0.461,0.231,0.000,NO_BUY,reject=ret cur=0.00 thr=0.15 margin=-0.15 relax=0.00 | all=ret cur=0.00 thr=0.15 margin=-0.15 relax=0.00; ret10 cur=0.00 thr=0.25 margin=-0.25; ret10_non_positive cur=0.00
1772084825.000,002020,CLOSE,71400.0000,0.281,2,214000,0.500,0.000,0.000,NO_BUY,reject=ticks cur=2 thr=4 margin=-2 | all=ticks cur=2 thr=4 margin=-2
1772084826.000,035720,CLOSE,61500.0000,0.000,54,78093900,0.186,0.163,0.000,NO_BUY,reject=ret cur=0.00 thr=0.15 margin=-0.15 relax=0.00 | all=ret cur=0.00 thr=0.15 margin=-0.15 relax=0.00; ret10 cur=0.00 thr=0.25 margin=-0.25; ret10_non_positive cur=0.00
1772084826.000,187660,CLOSE,18870.0000,-0.053,169,328999265,0.500,0.000,0.000,NO_BUY,reject=ret cur=-0.05 thr=0.15 margin=-0.20 relax=0.00 | all=ret cur=-0.05 thr=0.15 margin=-0.20 relax=0.00; ret10 cur=-0.05 thr=0.25 margin=-0.30; ret10_non_positive cur=-0.05
1772084827.000,064400,CLOSE,74000.0000,0.135,11,4361800,0.523,0.135,0.000,NO_BUY,reject=ret cur=0.14 thr=0.15 margin=-0.01 relax=0.00 | all=ret cur=0.14 thr=0.15 margin=-0.01 relax=0.00; ret10 cur=0.14 thr=0.25 margin=-0.11
1772084828.000,066570,CLOSE,146000.0000,0.000,25,50952000,0.500,0.000,0.000,NO_BUY,reject=ret cur=0.00 thr=0.15 margin=-0.15 relax=0.00 | all=ret cur=0.00 thr=0.15 margin=-0.15 relax=0.00; ret10 cur=0.00 thr=0.25 margin=-0.25; ret10_non_positive cur=0.00
1772084830.000,005830,CLOSE,210500.0000,-0.237,25,102101000,0.363,0.237,0.000,NO_BUY,reject=ret cur=-0.24 thr=0.15 margin=-0.39 relax=0.00 | all=ret cur=-0.24 thr=0.15 margin=-0.39 relax=0.00; ret10 cur=-0.24 thr=0.25 margin=-0.49; ret10_non_positive cur=-0.24
1772084830.000,336260,CLOSE,39800.0000,-0.125,2,1991000,0.500,0.000,0.000,NO_BUY,reject=ret cur=-0.13 thr=0.15 margin=-0.28 relax=0.00 | all=ret cur=-0.13 thr=0.15 margin=-0.28 relax=0.00; ticks cur=2 thr=4 margin=-2; ret10 cur=-0.13 thr=0.25 margin=-0.38; ret10_non_positive cur=-0.13
1772084831.000,039030,CLOSE,414000.0000,-0.120,15,126005500,0.121,0.362,0.000,NO_BUY,reject=ret cur=-0.12 thr=0.15 margin=-0.27 relax=0.00 | all=ret cur=-0.12 thr=0.15 margin=-0.27 relax=0.00; ret10 cur=-0.12 thr=0.25 margin=-0.37; ret10_non_positive cur=-0.12
1772084831.000,086520,CLOSE,184400.0000,0.054,41,201547400,0.500,0.000,0.000,NO_BUY,reject=ret cur=0.05 thr=0.15 margin=-0.10 relax=0.00 | all=ret cur=0.05 thr=0.15 margin=-0.10 relax=0.00; ret10 cur=0.05 thr=0.25 margin=-0.20
1772084833.000,122630,CLOSE,112230.0000,0.013,229,1803786135,0.500,0.000,0.000,NO_BUY,reject=ret cur=0.01 thr=0.15 margin=-0.14 relax=0.00 | all=ret cur=0.01 thr=0.15 margin=-0.14 relax=0.00; ret10 cur=0.01 thr=0.25 margin=-0.24
1772084833.000,229200,CLOSE,20995.0000,0.014,54,207282211,0.500,0.000,0.000,NO_BUY,reject=ret cur=0.01 thr=0.15 margin=-0.14 relax=0.00 | all=ret cur=0.01 thr=0.15 margin=-0.14 relax=0.00; ret10 cur=0.01 thr=0.25 margin=-0.24
1772084835.000,310210,CLOSE,316500.0000,0.316,3,2852000,0.500,0.000,0.000,NO_BUY,reject=ticks cur=3 thr=4 margin=-1 | all=ticks cur=3 thr=4 margin=-1
1772084836.000,064760,CLOSE,235000.0000,0.000,5,10103000,0.500,0.000,0.000,NO_BUY,reject=ret cur=0.00 thr=0.15 margin=-0.15 relax=0.00 | all=ret cur=0.00 thr=0.15 margin=-0.15 relax=0.00; ret10 cur=0.00 thr=0.25 margin=-0.25; ret10_non_positive cur=0.00
1772084836.000,115180,CLOSE,33850.0000,0.000,2,406200,0.500,0.000,0.000,NO_BUY,reject=ret cur=0.00 thr=0.15 margin=-0.15 relax=0.00 | all=ret cur=0.00 thr=0.15 margin=-0.15 relax=0.00; ticks cur=2 thr=4 margin=-2; ret10 cur=0.00 thr=0.25 margin=-0.25; ret10_non_positive cur=0.00
1772084838.000,103590,CLOSE,88200.0000,0.113,7,9264000,0.691,0.113,0.000,NO_BUY,reject=ret cur=0.11 thr=0.15 margin=-0.04 relax=0.00 | all=ret cur=0.11 thr=0.15 margin=-0.04 relax=0.00; ret10 cur=0.11 thr=0.25 margin=-0.14
1772084840.000,396500,CLOSE,34760.0000,0.043,138,1177810932,0.500,0.000,0.000,NO_BUY,reject=ret cur=0.04 thr=0.15 margin=-0.11 relax=0.00 | all=ret cur=0.04 thr=0.15 margin=-0.11 relax=0.00; ret10 cur=0.04 thr=0.25 margin=-0.21
1772084840.000,035420,CLOSE,260000.0000,0.192,49,153676500,0.527,0.192,0.000,NO_BUY,reject=ret10 cur=0.19 thr=0.25 margin=-0.06 | all=ret10 cur=0.19 thr=0.25 margin=-0.06
1772084841.000,009900,CLOSE,11530.0000,0.000,5,4784950,0.500,0.000,0.000,NO_BUY,reject=ret cur=0.00 thr=0.15 margin=-0.15 relax=0.00 | all=ret cur=0.00 thr=0.15 margin=-0.15 relax=0.00; ret10 cur=0.00 thr=0.25 margin=-0.25; ret10_non_positive cur=0.00
1772084841.000,233740,CLOSE,20340.0000,-0.025,43,374933270,0.500,0.000,0.000,NO_BUY,reject=ret cur=-0.02 thr=0.15 margin=-0.17 relax=0.00 | all=ret cur=-0.02 thr=0.15 margin=-0.17 relax=0.00; ret10 cur=-0.02 thr=0.25 margin=-0.27; ret10_non_positive cur=-0.02
1772084842.000,036810,CLOSE,41600.0000,0.120,5,5033400,0.500,0.000,0.000,NO_BUY,reject=ret cur=0.12 thr=0.15 margin=-0.03 relax=0.00 | all=ret cur=0.12 thr=0.15 margin=-0.03 relax=0.00; ret10 cur=0.12 thr=0.25 margin=-0.13
1772084842.000,377300,CLOSE,68900.0000,-0.145,19,49605700,0.500,0.000,0.000,NO_BUY,reject=ret cur=-0.15 thr=0.15 margin=-0.30 relax=0.00 | all=ret cur=-0.15 thr=0.15 margin=-0.30 relax=0.00; ret10 cur=-0.15 thr=0.25 margin=-0.40; ret10_non_positive cur=-0.15
1772084842.000,058470,CLOSE,105200.0000,0.095,90,1025301900,0.500,0.000,0.000,NO_BUY,reject=ret cur=0.10 thr=0.15 margin=-0.05 relax=0.00 | all=ret cur=0.10 thr=0.15 margin=-0.05 relax=0.00; ret10 cur=0.10 thr=0.25 margin=-0.15
1772084843.000,005930,CLOSE,216500.0000,0.000,156,3859028000,0.462,0.231,0.000,NO_BUY,reject=ret cur=0.00 thr=0.15 margin=-0.15 relax=0.00 | all=ret cur=0.00 thr=0.15 margin=-0.15 relax=0.00; ret10 cur=0.00 thr=0.25 margin=-0.25; ret10_non_positive cur=0.00
1772084845.000,002020,CLOSE,71400.0000,0.000,8,2284800,0.500,0.000,0.000,NO_BUY,reject=ret cur=0.00 thr=0.15 margin=-0.15 relax=0.00 | all=ret cur=0.00 thr=0.15 margin=-0.15 relax=0.00; ret10 cur=0.00 thr=0.25 margin=-0.25; ret10_non_positive cur=0.00
1772084846.000,035720,CLOSE,61500.0000,0.000,32,77856150,0.188,0.163,0.000,NO_BUY,reject=ret cur=0.00 thr=0.15 margin=-0.15 relax=0.00 | all=ret cur=0.00 thr=0.15 margin=-0.15 relax=0.00; ret10 cur=0.00 thr=0.25 margin=-0.25; ret10_non_positive cur=0.00
1772084846.000,187660,CLOSE,18920.0000,-0.158,235,398196800,0.500,0.000,0.000,NO_BUY,reject=ret cur=-0.16 thr=0.15 margin=-0.31 relax=0.00 | all=ret cur=-0.16 thr=0.15 margin=-0.31 relax=0.00; ret10 cur=-0.16 thr=0.25 margin=-0.41; ret10_non_positive cur=-0.16
1772084847.000,064400,CLOSE,74000.0000,0.000,11,1997200,0.521,0.135,0.000,NO_BUY,reject=ret cur=0.00 thr=0.15 margin=-0.15 relax=0.00 | all=ret cur=0.00 thr=0.15 margin=-0.15 relax=0.00; ret10 cur=0.00 thr=0.25 margin=-0.25; ret10_non_positive cur=0.00
1772084848.000,001500,CLOSE,13370.0000,0.000,3,12727520,0.500,0.000,0.000,NO_BUY,reject=ret cur=0.00 thr=0.15 margin=-0.15 relax=0.00 | all=ret cur=0.00 thr=0.15 margin=-0.15 relax=0.00; ticks cur=3 thr=4 margin=-1; ret10 cur=0.00 thr=0.25 margin=-0.25; ret10_non_positive cur=0.00
1772084848.000,066570,CLOSE,146000.0000,0.000,59,432437500,0.500,0.000,0.000,NO_BUY,reject=ret cur=0.00 thr=0.15 margin=-0.15 relax=0.00 | all=ret cur=0.00 thr=0.15 margin=-0.15 relax=0.00; ret10 cur=0.00 thr=0.25 margin=-0.25; ret10_non_positive cur=0.00
1772084851.000,005830,CLOSE,210500.0000,-0.237,13,23831500,0.401,0.237,0.000,NO_BUY,reject=ret cur=-0.24 thr=0.15 margin=-0.39 relax=0.00 | all=ret cur=-0.24 thr=0.15 margin=-0.39 relax=0.00; ret10 cur=-0.24 thr=0.25 margin=-0.49; ret10_non_positive cur=-0.24
1772084851.000,086520,CLOSE,184600.0000,-0.054,33,250860600,0.500,0.000,0.000,NO_BUY,reject=ret cur=-0.05 thr=0.15 margin=-0.20 relax=0.00 | all=ret cur=-0.05 thr=0.15 margin=-0.20 relax=0.00; ret10 cur=-0.05 thr=0.25 margin=-0.30; ret10_non_positive cur=-0.05
1772084851.000,039030,CLOSE,414500.0000,0.000,7,38134000,0.157,0.121,0.000,NO_BUY,reject=ret cur=0.00 thr=0.15 margin=-0.15 relax=0.00 | all=ret cur=0.00 thr=0.15 margin=-0.15 relax=0.00; ret10 cur=0.00 thr=0.25 margin=-0.25; ret10_non_positive cur=0.00
1772084853.000,122630,CLOSE,112265.0000,-0.004,134,978128995,0.500,0.000,0.000,NO_BUY,reject=ret cur=-0.00 thr=0.15 margin=-0.15 relax=0.00 | all=ret cur=-0.00 thr=0.15 margin=-0.15 relax=0.00; ret10 cur=-0.00 thr=0.25 margin=-0.25; ret10_non_positive cur=-0.00
1772084854.000,229200,CLOSE,20995.0000,0.000,29,28409827,0.500,0.000,0.000,NO_BUY,reject=ret cur=0.00 thr=0.15 margin=-0.15 relax=0.00 | all=ret cur=0.00 thr=0.15 margin=-0.15 relax=0.00; ret10 cur=0.00 thr=0.25 margin=-0.25; ret10_non_positive cur=0.00
1772084855.000,336260,CLOSE,39850.0000,0.000,2,398000,0.500,0.000,0.000,NO_BUY,reject=ret cur=0.00 thr=0.15 margin=-0.15 relax=0.00 | all=ret cur=0.00 thr=0.15 margin=-0.15 relax=0.00; ticks cur=2 thr=4 margin=-2; ret10 cur=0.00 thr=0.25 margin=-0.25; ret10_non_positive cur=0.00
1772084857.000,310210,CLOSE,317000.0000,0.158,4,3169000,0.500,0.000,0.000,NO_BUY,reject=ret10 cur=0.16 thr=0.25 margin=-0.09 | all=ret10 cur=0.16 thr=0.25 margin=-0.09
1772084859.000,064760,CLOSE,234500.0000,0.000,2,2115000,0.500,0.000,0.000,NO_BUY,reject=ret cur=0.00 thr=0.15 margin=-0.15 relax=0.00 | all=ret cur=0.00 thr=0.15 margin=-0.15 relax=0.00; ticks cur=2 thr=4 margin=-2; ret10 cur=0.00 thr=0.25 margin=-0.25; ret10_non_positive cur=0.00
1772084859.000,103590,CLOSE,88400.0000,-0.113,9,12717500,0.709,0.113,0.000,NO_BUY,reject=ret cur=-0.11 thr=0.15 margin=-0.26 relax=0.00 | all=ret cur=-0.11 thr=0.15 margin=-0.26 relax=0.00; ret10 cur=-0.11 thr=0.25 margin=-0.36; ret10_non_positive cur=-0.11
1772084860.000,035420,CLOSE,260000.0000,-0.192,44,213025500,0.526,0.192,0.000,NO_BUY,reject=ret cur=-0.19 thr=0.15 margin=-0.34 relax=0.00 | all=ret cur=-0.19 thr=0.15 margin=-0.34 relax=0.00; ret10 cur=-0.19 thr=0.25 margin=-0.44; ret10_non_positive cur=-0.19
1772084860.000,396500,CLOSE,34765.0000,0.014,51,288698360,0.500,0.000,0.000,NO_BUY,reject=ret cur=0.01 thr=0.15 margin=-0.14 relax=0.00 | all=ret cur=0.01 thr=0.15 margin=-0.14 relax=0.00; ret10 cur=0.01 thr=0.25 margin=-0.24
1772084861.000,233740,CLOSE,20335.0000,0.000,136,473205601,0.500,0.000,0.000,NO_BUY,reject=ret cur=0.00 thr=0.15 margin=-0.15 relax=0.00 | all=ret cur=0.00 thr=0.15 margin=-0.15 relax=0.00; ret10 cur=0.00 thr=0.25 margin=-0.25; ret10_non_positive cur=0.00
1772084862.000,058470,CLOSE,105400.0000,0.095,33,130673350,0.500,0.000,0.000,NO_BUY,reject=ret cur=0.10 thr=0.15 margin=-0.05 relax=0.00 | all=ret cur=0.10 thr=0.15 margin=-0.05 relax=0.00; ret10 cur=0.10 thr=0.25 margin=-0.15
1772084862.000,036810,CLOSE,41600.0000,-0.120,7,1289800,0.500,0.000,0.000,NO_BUY,reject=ret cur=-0.12 thr=0.15 margin=-0.27 relax=0.00 | all=ret cur=-0.12 thr=0.15 margin=-0.27 relax=0.00; ret10 cur=-0.12 thr=0.25 margin=-0.37; ret10_non_positive cur=-0.12
1772084862.000,124500,CLOSE,60300.0000,0.166,3,10190800,0.500,0.000,0.000,NO_BUY,reject=ticks cur=3 thr=4 margin=-1 | all=ticks cur=3 thr=4 margin=-1; ret10 cur=0.17 thr=0.25 margin=-0.08
1772084863.000,005930,CLOSE,216750.0000,0.231,213,1281285250,0.462,0.231,0.000,NO_BUY,reject=ret10 cur=0.23 thr=0.25 margin=-0.02 | all=ret10 cur=0.23 thr=0.25 margin=-0.02
1772084863.000,009900,CLOSE,11530.0000,0.087,3,818880,0.500,0.000,0.000,NO_BUY,reject=ret cur=0.09 thr=0.15 margin=-0.06 relax=0.00 | all=ret cur=0.09 thr=0.15 margin=-0.06 relax=0.00; ticks cur=3 thr=4 margin=-1; ret10 cur=0.09 thr=0.25 margin=-0.16
1772084863.000,377300,CLOSE,68900.0000,0.073,8,8336400,0.500,0.000,0.000,NO_BUY,reject=ret cur=0.07 thr=0.15 margin=-0.08 relax=0.00 | all=ret cur=0.07 thr=0.15 margin=-0.08 relax=0.00; ret10 cur=0.07 thr=0.25 margin=-0.18
1772084866.000,035720,CLOSE,61450.0000,0.081,28,39774400,0.187,0.163,0.000,NO_BUY,reject=ret cur=0.08 thr=0.15 margin=-0.07 relax=0.00 | all=ret cur=0.08 thr=0.15 margin=-0.07 relax=0.00; ret10 cur=0.08 thr=0.25 margin=-0.17
1772084866.000,187660,CLOSE,18700.0000,-0.691,240,626295725,0.500,0.000,0.000,NO_BUY,reject=ret cur=-0.69 thr=0.15 margin=-0.84 relax=0.00 | all=ret cur=-0.69 thr=0.15 margin=-0.84 relax=0.00; ret10 cur=-0.69 thr=0.25 margin=-0.94; ret10_non_positive cur=-0.69
1772084866.000,002020,CLOSE,71400.0000,0.000,6,857200,0.500,0.000,0.000,NO_BUY,reject=ret cur=0.00 thr=0.15 margin=-0.15 relax=0.00 | all=ret cur=0.00 thr=0.15 margin=-0.15 relax=0.00; ret10 cur=0.00 thr=0.25 margin=-0.25; ret10_non_positive cur=0.00
1772084867.000,064400,CLOSE,74000.0000,0.000,5,4365100,0.523,0.135,0.000,NO_BUY,reject=ret cur=0.00 thr=0.15 margin=-0.15 relax=0.00 | all=ret cur=0.00 thr=0.15 margin=-0.15 relax=0.00; ret10 cur=0.00 thr=0.25 margin=-0.25; ret10_non_positive cur=0.00
1772084868.000,001500,CLOSE,13370.0000,0.000,7,5815950,0.500,0.000,0.000,NO_BUY,reject=ret cur=0.00 thr=0.15 margin=-0.15 relax=0.00 | all=ret cur=0.00 thr=0.15 margin=-0.15 relax=0.00; ret10 cur=0.00 thr=0.25 margin=-0.25; ret10_non_positive cur=0.00
1772084868.000,066570,CLOSE,146000.0000,0.000,38,57673600,0.500,0.000,0.000,NO_BUY,reject=ret cur=0.00 thr=0.15 margin=-0.15 relax=0.00 | all=ret cur=0.00 thr=0.15 margin=-0.15 relax=0.00; ret10 cur=0.00 thr=0.25 margin=-0.25; ret10_non_positive cur=0.00
1772084871.000,005830,CLOSE,210500.0000,-0.237,12,26116000,0.405,0.237,0.000,NO_BUY,reject=ret cur=-0.24 thr=0.15 margin=-0.39 relax=0.00 | all=ret cur=-0.24 thr=0.15 margin=-0.39 relax=0.00; ret10 cur=-0.24 thr=0.25 margin=-0.49; ret10_non_positive cur=-0.24
1772084871.000,086520,CLOSE,184700.0000,-0.054,51,463066700,0.500,0.000,0.000,NO_BUY,reject=ret cur=-0.05 thr=0.15 margin=-0.20 relax=0.00 | all=ret cur=-0.05 thr=0.15 margin=-0.20 relax=0.00; ret10 cur=-0.05 thr=0.25 margin=-0.30; ret10_non_positive cur=-0.05
1772084871.000,039030,CLOSE,415500.0000,0.120,18,106695500,0.141,0.241,0.000,NO_BUY,reject=ret cur=0.12 thr=0.15 margin=-0.03 relax=0.00 | all=ret cur=0.12 thr=0.15 margin=-0.03 relax=0.00; ret10 cur=0.12 thr=0.25 margin=-0.13
1772084873.000,122630,CLOSE,112290.0000,0.027,186,2294450212,0.500,0.000,0.000,NO_BUY,reject=ret cur=0.03 thr=0.15 margin=-0.12 relax=0.00 | all=ret cur=0.03 thr=0.15 margin=-0.12 relax=0.00; ret10 cur=0.03 thr=0.25 margin=-0.22
1772084874.000,229200,CLOSE,20995.0000,-0.014,40,297332321,0.500,0.000,0.000,NO_BUY,reject=ret cur=-0.01 thr=0.15 margin=-0.16 relax=0.00 | all=ret cur=-0.01 thr=0.15 margin=-0.16 relax=0.00; ret10 cur=-0.01 thr=0.25 margin=-0.26; ret10_non_positive cur=-0.01
1772084877.000,336260,CLOSE,39850.0000,0.126,3,717200,0.500,0.000,0.000,NO_BUY,reject=ret cur=0.13 thr=0.15 margin=-0.02 relax=0.00 | all=ret cur=0.13 thr=0.15 margin=-0.02 relax=0.00; ticks cur=3 thr=4 margin=-1; ret10 cur=0.13 thr=0.25 margin=-0.12
1772084878.000,310210,CLOSE,316500.0000,-0.158,4,1901000,0.500,0.000,0.000,NO_BUY,reject=ret cur=-0.16 thr=0.15 margin=-0.31 relax=0.00 | all=ret cur=-0.16 thr=0.15 margin=-0.31 relax=0.00; ret10 cur=-0.16 thr=0.25 margin=-0.41; ret10_non_positive cur=-0.16
1772084879.000,089890,CLOSE,25450.0000,0.000,2,152700,0.500,0.000,0.000,NO_BUY,reject=ret cur=0.00 thr=0.15 margin=-0.15 relax=0.00 | all=ret cur=0.00 thr=0.15 margin=-0.15 relax=0.00; ticks cur=2 thr=4 margin=-2; ret10 cur=0.00 thr=0.25 margin=-0.25; ret10_non_positive cur=0.00
1772084879.000,103590,CLOSE,88200.0000,0.000,6,20684700,0.721,0.113,0.000,NO_BUY,reject=ret cur=0.00 thr=0.15 margin=-0.15 relax=0.00 | all=ret cur=0.00 thr=0.15 margin=-0.15 relax=0.00; ret10 cur=0.00 thr=0.25 margin=-0.25; ret10_non_positive cur=0.00
1772084880.000,035420,CLOSE,260000.0000,-0.192,26,65596500,0.486,0.384,0.000,NO_BUY,reject=ret cur=-0.19 thr=0.15 margin=-0.34 relax=0.00 | all=ret cur=-0.19 thr=0.15 margin=-0.34 relax=0.00; ret10 cur=-0.19 thr=0.25 margin=-0.44; ret10_non_positive cur=-0.19
1772084880.000,064760,CLOSE,235500.0000,0.000,7,37851000,0.500,0.000,0.000,NO_BUY,reject=ret cur=0.00 thr=0.15 margin=-0.15 relax=0.00 | all=ret cur=0.00 thr=0.15 margin=-0.15 relax=0.00; ret10 cur=0.00 thr=0.25 margin=-0.25; ret10_non_positive cur=0.00
1772084880.000,396500,CLOSE,34780.0000,0.000,97,1063344080,0.500,0.000,0.000,NO_BUY,reject=ret cur=0.00 thr=0.15 margin=-0.15 relax=0.00 | all=ret cur=0.00 thr=0.15 margin=-0.15 relax=0.00; ret10 cur=0.00 thr=0.25 margin=-0.25; ret10_non_positive cur=0.00
1772084881.000,233740,CLOSE,20330.0000,-0.049,82,531909095,0.500,0.000,0.000,NO_BUY,reject=ret cur=-0.05 thr=0.15 margin=-0.20 relax=0.00 | all=ret cur=-0.05 thr=0.15 margin=-0.20 relax=0.00; ret10 cur=-0.05 thr=0.25 margin=-0.30; ret10_non_positive cur=-0.05
1772084881.000,294570,CLOSE,33650.0000,0.000,2,4441800,0.500,0.000,0.000,NO_BUY,reject=ret cur=0.00 thr=0.15 margin=-0.15 relax=0.00 | all=ret cur=0.00 thr=0.15 margin=-0.15 relax=0.00; ticks cur=2 thr=4 margin=-2; ret10 cur=0.00 thr=0.25 margin=-0.25; ret10_non_positive cur=0.00
1772084882.000,058470,CLOSE,105600.0000,0.095,27,230282000,0.500,0.000,0.000,NO_BUY,reject=ret cur=0.09 thr=0.15 margin=-0.06 relax=0.00 | all=ret cur=0.09 thr=0.15 margin=-0.06 relax=0.00; ret10 cur=0.09 thr=0.25 margin=-0.16
1772084883.000,005930,CLOSE,216500.0000,-0.115,231,4149932250,0.459,0.231,0.000,NO_BUY,reject=ret cur=-0.12 thr=0.15 margin=-0.27 relax=0.00 | all=ret cur=-0.12 thr=0.15 margin=-0.27 relax=0.00; ret10 cur=-0.12 thr=0.25 margin=-0.37; ret10_non_positive cur=-0.12
1772084883.000,377300,CLOSE,68900.0000,-0.145,13,7576300,0.500,0.000,0.000,NO_BUY,reject=ret cur=-0.15 thr=0.15 margin=-0.30 relax=0.00 | all=ret cur=-0.15 thr=0.15 margin=-0.30 relax=0.00; ret10 cur=-0.15 thr=0.25 margin=-0.40; ret10_non_positive cur=-0.15
1772084886.000,187660,CLOSE,18780.0000,0.751,145,451823735,0.500,0.000,0.000,NO_BUY,pullback_wait cur=18780.00 peak=18850.00 pb_thr=18812.30 reb_thr=18840.58 pulled=1
1772084886.000,009900,CLOSE,11520.0000,-0.087,3,368670,0.500,0.000,0.000,NO_BUY,reject=ret cur=-0.09 thr=0.15 margin=-0.24 relax=0.00 | all=ret cur=-0.09 thr=0.15 margin=-0.24 relax=0.00; ticks cur=3 thr=4 margin=-1; ret10 cur=-0.09 thr=0.25 margin=-0.34; ret10_non_positive cur=-0.09
1772084886.000,036810,CLOSE,41650.0000,0.120,3,789700,0.500,0.000,0.000,NO_BUY,reject=ret cur=0.12 thr=0.15 margin=-0.03 relax=0.00 | all=ret cur=0.12 thr=0.15 margin=-0.03 relax=0.00; ticks cur=3 thr=4 margin=-1; ret10 cur=0.12 thr=0.25 margin=-0.13
1772084886.000,035720,CLOSE,61500.0000,0.000,43,24471350,0.187,0.163,0.000,NO_BUY,reject=ret cur=0.00 thr=0.15 margin=-0.15 relax=0.00 | all=ret cur=0.00 thr=0.15 margin=-0.15 relax=0.00; ret10 cur=0.00 thr=0.25 margin=-0.25; ret10_non_positive cur=0.00
1772084887.000,064400,CLOSE,73900.0000,0.000,10,32602400,0.524,0.135,0.000,NO_BUY,reject=ret cur=0.00 thr=0.15 margin=-0.15 relax=0.00 | all=ret cur=0.00 thr=0.15 margin=-0.15 relax=0.00; ret10 cur=0.00 thr=0.25 margin=-0.25; ret10_non_positive cur=0.00
1772084888.000,066570,CLOSE,145900.0000,0.000,24,51535450,0.500,0.000,0.000,NO_BUY,reject=ret cur=0.00 thr=0.15 margin=-0.15 relax=0.00 | all=ret cur=0.00 thr=0.15 margin=-0.15 relax=0.00; ret10 cur=0.00 thr=0.25 margin=-0.25; ret10_non_positive cur=0.00
1772084889.000,002020,CLOSE,71400.0000,0.000,2,357000,0.500,0.000,0.000,NO_BUY,reject=ret cur=0.00 thr=0.15 margin=-0.15 relax=0.00 | all=ret cur=0.00 thr=0.15 margin=-0.15 relax=0.00; ticks cur=2 thr=4 margin=-2; ret10 cur=0.00 thr=0.25 margin=-0.25; ret10_non_positive cur=0.00
1772084890.000,124500,CLOSE,60300.0000,0.166,2,7830300,0.500,0.000,0.000,NO_BUY,reject=ticks cur=2 thr=4 margin=-2 | all=ticks cur=2 thr=4 margin=-2; ret10 cur=0.17 thr=0.25 margin=-0.08
1772084891.000,086520,CLOSE,184700.0000,0.000,34,137573550,0.500,0.000,0.000,NO_BUY,reject=ret cur=0.00 thr=0.15 margin=-0.15 relax=0.00 | all=ret cur=0.00 thr=0.15 margin=-0.15 relax=0.00; ret10 cur=0.00 thr=0.25 margin=-0.25; ret10_non_positive cur=0.00
1772084892.000,005830,CLOSE,210000.0000,0.000,13,9666500,0.386,0.238,0.000,NO_BUY,reject=ret cur=0.00 thr=0.15 margin=-0.15 relax=0.00 | all=ret cur=0.00 thr=0.15 margin=-0.15 relax=0.00; ret10 cur=0.00 thr=0.25 margin=-0.25; ret10_non_positive cur=0.00
1772084892.000,115180,CLOSE,33850.0000,0.000,2,135400,0.500,0.000,0.000,NO_BUY,reject=ret cur=0.00 thr=0.15 margin=-0.15 relax=0.00 | all=ret cur=0.00 thr=0.15 margin=-0.15 relax=0.00; ticks cur=2 thr=4 margin=-2; ret10 cur=0.00 thr=0.25 margin=-0.25; ret10_non_positive cur=0.00
1772084893.000,122630,CLOSE,112450.0000,0.142,253,1787474795,0.500,0.000,0.000,NO_BUY,reject=ret cur=0.14 thr=0.15 margin=-0.01 relax=0.00 | all=ret cur=0.14 thr=0.15 margin=-0.01 relax=0.00; ret10 cur=0.14 thr=0.25 margin=-0.11
1772084893.000,039030,CLOSE,415000.0000,0.000,3,4568000,0.130,0.120,0.000,NO_BUY,reject=ret cur=0.00 thr=0.15 margin=-0.15 relax=0.00 | all=ret cur=0.00 thr=0.15 margin=-0.15 relax=0.00; ticks cur=3 thr=4 margin=-1; ret10 cur=0.00 thr=0.25 margin=-0.25; ret10_non_positive cur=0.00
1772084894.000,229200,CLOSE,20995.0000,0.000,33,54017105,0.500,0.000,0.000,NO_BUY,reject=ret cur=0.00 thr=0.15 margin=-0.15 relax=0.00 | all=ret cur=0.00 thr=0.15 margin=-0.15 relax=0.00; ret10 cur=0.00 thr=0.25 margin=-0.25; ret10_non_positive cur=0.00
1772084899.000,336260,CLOSE,39800.0000,0.000,2,437800,0.500,0.000,0.000,NO_BUY,reject=ret cur=0.00 thr=0.15 margin=-0.15 relax=0.00 | all=ret cur=0.00 thr=0.15 margin=-0.15 relax=0.00; ticks cur=2 thr=4 margin=-2; ret10 cur=0.00 thr=0.25 margin=-0.25; ret10_non_positive cur=0.00
1772084899.000,310210,CLOSE,316500.0000,-0.158,3,5070000,0.500,0.000,0.000,NO_BUY,reject=ret cur=-0.16 thr=0.15 margin=-0.31 relax=0.00 | all=ret cur=-0.16 thr=0.15 margin=-0.31 relax=0.00; ticks cur=3 thr=4 margin=-1; ret10 cur=-0.16 thr=0.25 margin=-0.41; ret10_non_positive cur=-0.16
1772084900.000,103590,CLOSE,88400.0000,0.000,27,42168000,0.699,0.113,0.000,NO_BUY,reject=ret cur=0.00 thr=0.15 margin=-0.15 relax=0.00 | all=ret cur=0.00 thr=0.15 margin=-0.15 relax=0.00; ret10 cur=0.00 thr=0.25 margin=-0.25; ret10_non_positive cur=0.00
1772084900.000,035420,CLOSE,260500.0000,-0.096,44,67508500,0.492,0.192,0.000,NO_BUY,reject=ret cur=-0.10 thr=0.15 margin=-0.25 relax=0.00 | all=ret cur=-0.10 thr=0.15 margin=-0.25 relax=0.00; ret10 cur=-0.10 thr=0.25 margin=-0.35; ret10_non_positive cur=-0.10
1772084900.000,396500,CLOSE,34795.0000,0.014,60,823405055,0.500,0.000,0.000,NO_BUY,reject=ret cur=0.01 thr=0.15 margin=-0.14 relax=0.00 | all=ret cur=0.01 thr=0.15 margin=-0.14 relax=0.00; ret10 cur=0.01 thr=0.25 margin=-0.24
1772084901.000,233740,CLOSE,20330.0000,0.000,28,125303120,0.500,0.000,0.000,NO_BUY,reject=ret cur=0.00 thr=0.15 margin=-0.15 relax=0.00 | all=ret cur=0.00 thr=0.15 margin=-0.15 relax=0.00; ret10 cur=0.00 thr=0.25 margin=-0.25; ret10_non_positive cur=0.00
1772084902.000,064760,CLOSE,235000.0000,0.000,7,6120500,0.500,0.000,0.000,NO_BUY,reject=ret cur=0.00 thr=0.15 margin=-0.15 relax=0.00 | all=ret cur=0.00 thr=0.15 margin=-0.15 relax=0.00; ret10 cur=0.00 thr=0.25 margin=-0.25; ret10_non_positive cur=0.00
1772084902.000,058470,CLOSE,105400.0000,-0.095,27,179331700,0.500,0.000,0.000,NO_BUY,reject=ret cur=-0.09 thr=0.15 margin=-0.24 relax=0.00 | all=ret cur=-0.09 thr=0.15 margin=-0.24 relax=0.00; ret10 cur=-0.09 thr=0.25 margin=-0.34; ret10_non_positive cur=-0.09
1772084902.000,001500,CLOSE,13370.0000,0.000,2,2633890,0.500,0.000,0.000,NO_BUY,reject=ret cur=0.00 thr=0.15 margin=-0.15 relax=0.00 | all=ret cur=0.00 thr=0.15 margin=-0.15 relax=0.00; ticks cur=2 thr=4 margin=-2; ret10 cur=0.00 thr=0.25 margin=-0.25; ret10_non_positive cur=0.00
1772084903.000,005930,CLOSE,216500.0000,0.000,221,2859493000,0.460,0.231,0.000,NO_BUY,reject=ret cur=0.00 thr=0.15 margin=-0.15 relax=0.00 | all=ret cur=0.00 thr=0.15 margin=-0.15 relax=0.00; ret10 cur=0.00 thr=0.25 margin=-0.25; ret10_non_positive cur=0.00
1772084904.000,377300,CLOSE,69000.0000,0.000,27,13863550,0.500,0.000,0.000,NO_BUY,reject=ret cur=0.00 thr=0.15 margin=-0.15 relax=0.00 | all=ret cur=0.00 thr=0.15 margin=-0.15 relax=0.00; ret10 cur=0.00 thr=0.25 margin=-0.25; ret10_non_positive cur=0.00
1772084906.000,035720,CLOSE,61600.0000,-0.081,52,256780950,0.151,0.162,0.000,NO_BUY,reject=ret cur=-0.08 thr=0.15 margin=-0.23 relax=0.00 | all=ret cur=-0.08 thr=0.15 margin=-0.23 relax=0.00; ret10 cur=-0.08 thr=0.25 margin=-0.33; ret10_non_positive cur=-0.08
1772084906.000,187660,CLOSE,18710.0000,-0.452,149,579462370,0.500,0.000,0.000,NO_BUY,reject=ret cur=-0.45 thr=0.15 margin=-0.60 relax=0.00 | all=ret cur=-0.45 thr=0.15 margin=-0.60 relax=0.00; ret10 cur=-0.45 thr=0.25 margin=-0.70; ret10_non_positive cur=-0.45
1772084906.000,009900,CLOSE,11510.0000,-0.087,7,9733730,0.500,0.000,0.000,NO_BUY,reject=ret cur=-0.09 thr=0.15 margin=-0.24 relax=0.00 | all=ret cur=-0.09 thr=0.15 margin=-0.24 relax=0.00; ret10 cur=-0.09 thr=0.25 margin=-0.34; ret10_non_positive cur=-0.09
1772084906.000,036810,CLOSE,41650.0000,0.240,5,8002200,0.500,0.000,0.000,NO_BUY,reject=ret10 cur=0.24 thr=0.25 margin=-0.01 | all=ret10 cur=0.24 thr=0.25 margin=-0.01
1772084907.000,064400,CLOSE,73900.0000,-0.068,8,1627150,0.525,0.135,0.000,NO_BUY,reject=ret cur=-0.07 thr=0.15 margin=-0.22 relax=0.00 | all=ret cur=-0.07 thr=0.15 margin=-0.22 relax=0.00; ret10 cur=-0.07 thr=0.25 margin=-0.32; ret10_non_positive cur=-0.07
1772084908.000,066570,CLOSE,146000.0000,0.000,31,77632350,0.500,0.000,0.000,NO_BUY,reject=ret cur=0.00 thr=0.15 margin=-0.15 relax=0.00 | all=ret cur=0.00 thr=0.15 margin=-0.15 relax=0.00; ret10 cur=0.00 thr=0.25 margin=-0.25; ret10_non_positive cur=0.00
1772084910.000,002020,CLOSE,71400.0000,0.000,3,285600,0.500,0.000,0.000,NO_BUY,reject=ret cur=0.00 thr=0.15 margin=-0.15 relax=0.00 | all=ret cur=0.00 thr=0.15 margin=-0.15 relax=0.00; ticks cur=3 thr=4 margin=-1; ret10 cur=0.00 thr=0.25 margin=-0.25; ret10_non_positive cur=0.00
1772084911.000,086520,CLOSE,184900.0000,0.054,27,279459800,0.500,0.000,0.000,NO_BUY,reject=ret cur=0.05 thr=0.15 margin=-0.10 relax=0.00 | all=ret cur=0.05 thr=0.15 margin=-0.10 relax=0.00; ret10 cur=0.05 thr=0.25 margin=-0.20
1772084912.000,005830,CLOSE,210500.0000,0.238,16,24811500,0.400,0.238,0.000,NO_BUY,reject=ret10 cur=0.24 thr=0.25 margin=-0.01 | all=ret10 cur=0.24 thr=0.25 margin=-0.01
1772084912.000,124500,CLOSE,60300.0000,0.000,3,23577300,0.500,0.000,0.000,NO_BUY,reject=ret cur=0.00 thr=0.15 margin=-0.15 relax=0.00 | all=ret cur=0.00 thr=0.15 margin=-0.15 relax=0.00; ticks cur=3 thr=4 margin=-1; ret10 cur=0.00 thr=0.25 margin=-0.25; ret10_non_positive cur=0.00
1772084913.000,122630,CLOSE,112490.0000,0.027,116,1289398820,0.500,0.000,0.000,NO_BUY,reject=ret cur=0.03 thr=0.15 margin=-0.12 relax=0.00 | all=ret cur=0.03 thr=0.15 margin=-0.12 relax=0.00; ret10 cur=0.03 thr=0.25 margin=-0.22
1772084913.000,039030,CLOSE,416000.0000,0.000,14,67726500,0.127,0.120,0.000,NO_BUY,reject=ret cur=0.00 thr=0.15 margin=-0.15 relax=0.00 | all=ret cur=0.00 thr=0.15 margin=-0.15 relax=0.00; ret10 cur=0.00 thr=0.25 margin=-0.25; ret10_non_positive cur=0.00
1772084914.000,241770,CLOSE,28550.0000,-0.698,7,48719850,0.500,0.000,0.000,NO_BUY,reject=ret cur=-0.70 thr=0.15 margin=-0.85 relax=0.00 | all=ret cur=-0.70 thr=0.15 margin=-0.85 relax=0.00; ret10 cur=-0.70 thr=0.25 margin=-0.95; ret10_non_positive cur=-0.70
1772084914.000,115180,CLOSE,33800.0000,-0.148,2,101450,0.500,0.000,0.000,NO_BUY,reject=ret cur=-0.15 thr=0.15 margin=-0.30 relax=0.00 | all=ret cur=-0.15 thr=0.15 margin=-0.30 relax=0.00; ticks cur=2 thr=4 margin=-2; ret10 cur=-0.15 thr=0.25 margin=-0.40; ret10_non_positive cur=-0.15
1772084914.000,229200,CLOSE,20990.0000,0.000,96,2203712425,0.500,0.000,0.000,NO_BUY,reject=ret cur=0.00 thr=0.15 margin=-0.15 relax=0.00 | all=ret cur=0.00 thr=0.15 margin=-0.15 relax=0.00; ret10 cur=0.00 thr=0.25 margin=-0.25; ret10_non_positive cur=0.00
1772084920.000,035420,CLOSE,261000.0000,0.192,30,40380500,0.508,0.192,0.000,NO_BUY,reject=ret10 cur=0.19 thr=0.25 margin=-0.06 | all=ret10 cur=0.19 thr=0.25 margin=-0.06
1772084920.000,396500,CLOSE,34820.0000,0.057,102,2176074945,0.500,0.000,0.000,NO_BUY,reject=ret cur=0.06 thr=0.15 margin=-0.09 relax=0.00 | all=ret cur=0.06 thr=0.15 margin=-0.09 relax=0.00; ret10 cur=0.06 thr=0.25 margin=-0.19
1772084921.000,233740,CLOSE,20315.0000,-0.049,138,516125815,0.500,0.000,0.000,NO_BUY,reject=ret cur=-0.05 thr=0.15 margin=-0.20 relax=0.00 | all=ret cur=-0.05 thr=0.15 margin=-0.20 relax=0.00; ret10 cur=-0.05 thr=0.25 margin=-0.30; ret10_non_positive cur=-0.05
1772084922.000,058470,CLOSE,105400.0000,-0.189,39,62909400,0.500,0.000,0.000,NO_BUY,reject=ret cur=-0.19 thr=0.15 margin=-0.34 relax=0.00 | all=ret cur=-0.19 thr=0.15 margin=-0.34 relax=0.00; ret10 cur=-0.19 thr=0.25 margin=-0.44; ret10_non_positive cur=-0.19
1772084923.000,005930,CLOSE,217000.0000,0.000,179,14666585750,0.469,0.231,0.000,NO_BUY,reject=ret cur=0.00 thr=0.15 margin=-0.15 relax=0.00 | all=ret cur=0.00 thr=0.15 margin=-0.15 relax=0.00; ret10 cur=0.00 thr=0.25 margin=-0.25; ret10_non_positive cur=0.00
1772084923.000,103590,CLOSE,88400.0000,0.113,4,1238100,0.700,0.113,0.000,NO_BUY,reject=ret cur=0.11 thr=0.15 margin=-0.04 relax=0.00 | all=ret cur=0.11 thr=0.15 margin=-0.04 relax=0.00; ret10 cur=0.11 thr=0.25 margin=-0.14
1772084924.000,377300,CLOSE,69000.0000,0.145,30,32084800,0.500,0.000,0.000,NO_BUY,reject=ret cur=0.15 thr=0.15 margin=-0.00 relax=0.00 | all=ret cur=0.15 thr=0.15 margin=-0.00 relax=0.00; ret10 cur=0.15 thr=0.25 margin=-0.10
1772084925.000,310210,CLOSE,316500.0000,0.000,2,634000,0.500,0.000,0.000,NO_BUY,reject=ret cur=0.00 thr=0.15 margin=-0.15 relax=0.00 | all=ret cur=0.00 thr=0.15 margin=-0.15 relax=0.00; ticks cur=2 thr=4 margin=-2; ret10 cur=0.00 thr=0.25 margin=-0.25; ret10_non_positive cur=0.00
1772084925.000,336260,CLOSE,39825.0000,0.000,2,1235350,0.500,0.000,0.000,NO_BUY,reject=ret cur=0.00 thr=0.15 margin=-0.15 relax=0.00 | all=ret cur=0.00 thr=0.15 margin=-0.15 relax=0.00; ticks cur=2 thr=4 margin=-2; ret10 cur=0.00 thr=0.25 margin=-0.25; ret10_non_positive cur=0.00
1772084925.000,064760,CLOSE,235500.0000,0.000,4,943000,0.500,0.000,0.000,NO_BUY,reject=ret cur=0.00 thr=0.15 margin=-0.15 relax=0.00 | all=ret cur=0.00 thr=0.15 margin=-0.15 relax=0.00; ret10 cur=0.00 thr=0.25 margin=-0.25; ret10_non_positive cur=0.00
1772084926.000,187660,CLOSE,18620.0000,-0.268,198,495252185,0.500,0.000,0.000,NO_BUY,reject=ret cur=-0.27 thr=0.15 margin=-0.42 relax=0.00 | all=ret cur=-0.27 thr=0.15 margin=-0.42 relax=0.00; ret10 cur=-0.27 thr=0.25 margin=-0.52; ret10_non_positive cur=-0.27
1772084926.000,035720,CLOSE,61600.0000,0.163,48,57869200,0.155,0.162,0.000,NO_BUY,reject=ret10 cur=0.16 thr=0.25 margin=-0.09 | all=ret10 cur=0.16 thr=0.25 margin=-0.09
1772084926.000,036810,CLOSE,41750.0000,-0.240,10,16739000,0.500,0.000,0.000,NO_BUY,reject=ret cur=-0.24 thr=0.15 margin=-0.39 relax=0.00 | all=ret cur=-0.24 thr=0.15 margin=-0.39 relax=0.00; ret10 cur=-0.24 thr=0.25 margin=-0.49; ret10_non_positive cur=-0.24
1772084927.000,009900,CLOSE,11520.0000,-0.087,2,1902350,0.500,0.000,0.000,NO_BUY,reject=ret cur=-0.09 thr=0.15 margin=-0.24 relax=0.00 | all=ret cur=-0.09 thr=0.15 margin=-0.24 relax=0.00; ticks cur=2 thr=4 margin=-2; ret10 cur=-0.09 thr=0.25 margin=-0.34; ret10_non_positive cur=-0.09
1772084927.000,064400,CLOSE,73900.0000,0.135,9,5770450,0.523,0.135,0.000,NO_BUY,reject=ret cur=0.14 thr=0.15 margin=-0.01 relax=0.00 | all=ret cur=0.14 thr=0.15 margin=-0.01 relax=0.00; ret10 cur=0.14 thr=0.25 margin=-0.11
1772084928.000,066570,CLOSE,146000.0000,0.000,47,185999100,0.500,0.000,0.000,NO_BUY,reject=ret cur=0.00 thr=0.15 margin=-0.15 relax=0.00 | all=ret cur=0.00 thr=0.15 margin=-0.15 relax=0.00; ret10 cur=0.00 thr=0.25 margin=-0.25; ret10_non_positive cur=0.00
1772084928.000,042520,CLOSE,50700.0000,0.000,2,607200,0.500,0.000,0.000,NO_BUY,reject=ret cur=0.00 thr=0.15 margin=-0.15 relax=0.00 | all=ret cur=0.00 thr=0.15 margin=-0.15 relax=0.00; ticks cur=2 thr=4 margin=-2; ret10 cur=0.00 thr=0.25 margin=-0.25; ret10_non_positive cur=0.00
1772084931.000,086520,CLOSE,184800.0000,-0.054,35,153383700,0.500,0.000,0.000,NO_BUY,reject=ret cur=-0.05 thr=0.15 margin=-0.20 relax=0.00 | all=ret cur=-0.05 thr=0.15 margin=-0.20 relax=0.00; ret10 cur=-0.05 thr=0.25 margin=-0.30; ret10_non_positive cur=-0.05
1772084932.000,005830,CLOSE,210500.0000,0.238,35,377315500,0.396,0.237,0.000,NO_BUY,reject=ret10 cur=0.24 thr=0.25 margin=-0.01 | all=ret10 cur=0.24 thr=0.25 margin=-0.01
1772084932.000,002020,CLOSE,71200.0000,-0.280,4,18991200,0.500,0.000,0.000,NO_BUY,reject=ret cur=-0.28 thr=0.15 margin=-0.43 relax=0.00 | all=ret cur=-0.28 thr=0.15 margin=-0.43 relax=0.00; ret10 cur=-0.28 thr=0.25 margin=-0.53; ret10_non_positive cur=-0.28
1772084933.000,124500,CLOSE,60300.0000,-0.166,2,2957600,0.500,0.000,0.000,NO_BUY,reject=ret cur=-0.17 thr=0.15 margin=-0.32 relax=0.00 | all=ret cur=-0.17 thr=0.15 margin=-0.32 relax=0.00; ticks cur=2 thr=4 margin=-2; ret10 cur=-0.17 thr=0.25 margin=-0.42; ret10_non_positive cur=-0.17
1772084933.000,039030,CLOSE,416000.0000,0.000,3,4160000,0.114,0.120,0.000,NO_BUY,reject=ret cur=0.00 thr=0.15 margin=-0.15 relax=0.00 | all=ret cur=0.00 thr=0.15 margin=-0.15 relax=0.00; ticks cur=3 thr=4 margin=-1; ret10 cur=0.00 thr=0.25 margin=-0.25; ret10_non_positive cur=0.00
1772084933.000,122630,CLOSE,112505.0000,-0.009,190,5321301529,0.500,0.000,0.000,NO_BUY,reject=ret cur=-0.01 thr=0.15 margin=-0.16 relax=0.00 | all=ret cur=-0.01 thr=0.15 margin=-0.16 relax=0.00; ret10 cur=-0.01 thr=0.25 margin=-0.26; ret10_non_positive cur=-0.01
1772084934.000,229200,CLOSE,20982.0000,0.010,95,34754214,0.500,0.000,0.000,NO_BUY,reject=ret cur=0.01 thr=0.15 margin=-0.14 relax=0.00 | all=ret cur=0.01 thr=0.15 margin=-0.14 relax=0.00; ret10 cur=0.01 thr=0.25 margin=-0.24
1772084934.000,089890,CLOSE,25400.0000,0.592,2,736800,0.500,0.000,0.000,NO_BUY,reject=ticks cur=2 thr=4 margin=-2 | all=ticks cur=2 thr=4 margin=-2
1772084940.000,396500,CLOSE,34820.0000,0.043,95,483065335,0.500,0.000,0.000,NO_BUY,reject=ret cur=0.04 thr=0.15 margin=-0.11 relax=0.00 | all=ret cur=0.04 thr=0.15 margin=-0.11 relax=0.00; ret10 cur=0.04 thr=0.25 margin=-0.21
1772084940.000,035420,CLOSE,261000.0000,0.192,36,338197500,0.520,0.192,0.000,NO_BUY,reject=ret10 cur=0.19 thr=0.25 margin=-0.06 | all=ret10 cur=0.19 thr=0.25 margin=-0.06
1772084941.000,233740,CLOSE,20310.0000,-0.010,35,130983674,0.500,0.000,0.000,NO_BUY,reject=ret cur=-0.01 thr=0.15 margin=-0.16 relax=0.00 | all=ret cur=-0.01 thr=0.15 margin=-0.16 relax=0.00; ret10 cur=-0.01 thr=0.25 margin=-0.26; ret10_non_positive cur=-0.01
1772084942.000,058470,CLOSE,105400.0000,0.000,17,46822900,0.500,0.000,0.000,NO_BUY,reject=ret cur=0.00 thr=0.15 margin=-0.15 relax=0.00 | all=ret cur=0.00 thr=0.15 margin=-0.15 relax=0.00; ret10 cur=0.00 thr=0.25 margin=-0.25; ret10_non_positive cur=0.00
1772084943.000,005930,CLOSE,217000.0000,0.231,191,1612555500,0.471,0.231,0.000,NO_BUY,reject=ret10 cur=0.23 thr=0.25 margin=-0.02 | all=ret10 cur=0.23 thr=0.25 margin=-0.02
1772084943.000,103590,CLOSE,88600.0000,0.113,5,55489400,0.706,0.226,0.000,NO_BUY,reject=ret cur=0.11 thr=0.15 margin=-0.04 relax=0.00 | all=ret cur=0.11 thr=0.15 margin=-0.04 relax=0.00; ret10 cur=0.11 thr=0.25 margin=-0.14
1772084944.000,377300,CLOSE,69100.0000,0.145,26,62869550,0.500,0.000,0.000,NO_BUY,reject=ret cur=0.14 thr=0.15 margin=-0.01 relax=0.00 | all=ret cur=0.14 thr=0.15 margin=-0.01 relax=0.00; ret10 cur=0.14 thr=0.25 margin=-0.11
1772084946.000,035720,CLOSE,61500.0000,0.163,28,76686750,0.158,0.162,0.000,NO_BUY,reject=ret10 cur=0.16 thr=0.25 margin=-0.09 | all=ret10 cur=0.16 thr=0.25 margin=-0.09
1772084946.000,064760,CLOSE,235000.0000,0.000,5,3537500,0.500,0.000,0.000,NO_BUY,reject=ret cur=0.00 thr=0.15 margin=-0.15 relax=0.00 | all=ret cur=0.00 thr=0.15 margin=-0.15 relax=0.00; ret10 cur=0.00 thr=0.25 margin=-0.25; ret10_non_positive cur=0.00
1772084946.000,187660,CLOSE,18800.0000,0.642,115,252073690,0.500,0.000,0.000,NO_BUY,pullback_wait cur=18800.00 peak=18810.00 pb_thr=18772.38 reb_thr=18800.60 pulled=1
1772084948.000,066570,CLOSE,146700.0000,0.411,180,3180622100,0.500,0.000,0.000,NO_BUY,pullback_wait cur=146700.00 peak=146700.00 pb_thr=146406.60 reb_thr=146626.65 pulled=0
1772084949.000,009900,CLOSE,11520.0000,-0.087,5,4573420,0.500,0.000,0.000,NO_BUY,reject=ret cur=-0.09 thr=0.15 margin=-0.24 relax=0.00 | all=ret cur=-0.09 thr=0.15 margin=-0.24 relax=0.00; ret10 cur=-0.09 thr=0.25 margin=-0.34; ret10_non_positive cur=-0.09
1772084949.000,064400,CLOSE,73900.0000,0.000,10,11909400,0.511,0.135,0.000,NO_BUY,reject=ret cur=0.00 thr=0.15 margin=-0.15 relax=0.00 | all=ret cur=0.00 thr=0.15 margin=-0.15 relax=0.00; ret10 cur=0.00 thr=0.25 margin=-0.25; ret10_non_positive cur=0.00
1772084950.000,036810,CLOSE,41750.0000,0.000,2,918500,0.500,0.000,0.000,NO_BUY,reject=ret cur=0.00 thr=0.15 margin=-0.15 relax=0.00 | all=ret cur=0.00 thr=0.15 margin=-0.15 relax=0.00; ticks cur=2 thr=4 margin=-2; ret10 cur=0.00 thr=0.25 margin=-0.25; ret10_non_positive cur=0.00
1772084951.000,086520,CLOSE,184800.0000,-0.054,33,116979500,0.500,0.000,0.000,NO_BUY,reject=ret cur=-0.05 thr=0.15 margin=-0.20 relax=0.00 | all=ret cur=-0.05 thr=0.15 margin=-0.20 relax=0.00; ret10 cur=-0.05 thr=0.25 margin=-0.30; ret10_non_positive cur=-0.05
1772084953.000,122630,CLOSE,112465.0000,-0.084,340,3435840480,0.500,0.000,0.000,NO_BUY,reject=ret cur=-0.08 thr=0.15 margin=-0.23 relax=0.00 | all=ret cur=-0.08 thr=0.15 margin=-0.23 relax=0.00; ret10 cur=-0.08 thr=0.25 margin=-0.33; ret10_non_positive cur=-0.08
1772084953.000,005830,CLOSE,211000.0000,-0.472,18,169132000,0.409,0.237,0.000,NO_BUY,reject=ret cur=-0.47 thr=0.15 margin=-0.62 relax=0.00 | all=ret cur=-0.47 thr=0.15 margin=-0.62 relax=0.00; ret10 cur=-0.47 thr=0.25 margin=-0.72; ret10_non_positive cur=-0.47
1772084953.000,336260,CLOSE,39850.0000,-0.125,2,79650,0.500,0.000,0.000,NO_BUY,reject=ret cur=-0.13 thr=0.15 margin=-0.28 relax=0.00 | all=ret cur=-0.13 thr=0.15 margin=-0.28 relax=0.00; ticks cur=2 thr=4 margin=-2; ret10 cur=-0.13 thr=0.25 margin=-0.38; ret10_non_positive cur=-0.13
1772084954.000,229200,CLOSE,20980.0000,-0.024,158,1887707651,0.500,0.000,0.000,NO_BUY,reject=ret cur=-0.02 thr=0.15 margin=-0.17 relax=0.00 | all=ret cur=-0.02 thr=0.15 margin=-0.17 relax=0.00; ret10 cur=-0.02 thr=0.25 margin=-0.27; ret10_non_positive cur=-0.02
1772084954.000,039030,CLOSE,415000.0000,-0.120,8,75632500,0.124,0.120,0.000,NO_BUY,reject=ret cur=-0.12 thr=0.15 margin=-0.27 relax=0.00 | all=ret cur=-0.12 thr=0.15 margin=-0.27 relax=0.00; ret10 cur=-0.12 thr=0.25 margin=-0.37; ret10_non_positive cur=-0.12
1772084954.000,002020,CLOSE,71400.0000,0.140,7,4925600,0.500,0.000,0.000,NO_BUY,reject=ret cur=0.14 thr=0.15 margin=-0.01 relax=0.00 | all=ret cur=0.14 thr=0.15 margin=-0.01 relax=0.00; ret10 cur=0.14 thr=0.25 margin=-0.11
1772084954.000,124500,CLOSE,60200.0000,0.166,7,17727400,0.500,0.000,0.000,NO_BUY,reject=ret10 cur=0.17 thr=0.25 margin=-0.08 | all=ret10 cur=0.17 thr=0.25 margin=-0.08
1772084956.000,042520,CLOSE,50600.0000,0.198,5,6496300,0.500,0.000,0.000,NO_BUY,reject=ret10 cur=0.20 thr=0.25 margin=-0.05 | all=ret10 cur=0.20 thr=0.25 margin=-0.05
1772084960.000,396500,CLOSE,34775.0000,0.043,143,1751549505,0.500,0.000,0.000,NO_BUY,reject=ret cur=0.04 thr=0.15 margin=-0.11 relax=0.00 | all=ret cur=0.04 thr=0.15 margin=-0.11 relax=0.00; ret10 cur=0.04 thr=0.25 margin=-0.21
1772084960.000,035420,CLOSE,261000.0000,0.000,43,189545000,0.448,0.191,0.000,NO_BUY,reject=ret cur=0.00 thr=0.15 margin=-0.15 relax=0.00 | all=ret cur=0.00 thr=0.15 margin=-0.15 relax=0.00; ret10 cur=0.00 thr=0.25 margin=-0.25; ret10_non_positive cur=0.00
1772084960.000,310210,CLOSE,316000.0000,-0.158,2,24015000,0.500,0.000,0.000,NO_BUY,reject=ret cur=-0.16 thr=0.15 margin=-0.31 relax=0.00 | all=ret cur=-0.16 thr=0.15 margin=-0.31 relax=0.00; ticks cur=2 thr=4 margin=-2; ret10 cur=-0.16 thr=0.25 margin=-0.41; ret10_non_positive cur=-0.16
1772084961.000,233740,CLOSE,20300.0000,0.025,48,482838010,0.500,0.000,0.000,NO_BUY,reject=ret cur=0.02 thr=0.15 margin=-0.13 relax=0.00 | all=ret cur=0.02 thr=0.15 margin=-0.13 relax=0.00; ret10 cur=0.02 thr=0.25 margin=-0.23
1772084962.000,001500,CLOSE,13370.0000,0.000,2,2941400,0.500,0.000,0.000,NO_BUY,reject=ret cur=0.00 thr=0.15 margin=-0.15 relax=0.00 | all=ret cur=0.00 thr=0.15 margin=-0.15 relax=0.00; ticks cur=2 thr=4 margin=-2; ret10 cur=0.00 thr=0.25 margin=-0.25; ret10_non_positive cur=0.00
1772084962.000,058470,CLOSE,105500.0000,0.000,70,101503400,0.500,0.000,0.000,NO_BUY,reject=ret cur=0.00 thr=0.15 margin=-0.15 relax=0.00 | all=ret cur=0.00 thr=0.15 margin=-0.15 relax=0.00; ret10 cur=0.00 thr=0.25 margin=-0.25; ret10_non_positive cur=0.00
1772084963.000,005930,CLOSE,216750.0000,-0.115,240,1763087250,0.467,0.231,0.000,NO_BUY,reject=ret cur=-0.12 thr=0.15 margin=-0.27 relax=0.00 | all=ret cur=-0.12 thr=0.15 margin=-0.27 relax=0.00; ret10 cur=-0.12 thr=0.25 margin=-0.37; ret10_non_positive cur=-0.12
1772084964.000,103590,CLOSE,88600.0000,-0.113,6,4690700,0.594,0.113,0.000,NO_BUY,reject=ret cur=-0.11 thr=0.15 margin=-0.26 relax=0.00 | all=ret cur=-0.11 thr=0.15 margin=-0.26 relax=0.00; ret10 cur=-0.11 thr=0.25 margin=-0.36; ret10_non_positive cur=-0.11
1772084964.000,377300,CLOSE,69100.0000,0.000,25,14570850,0.500,0.000,0.000,NO_BUY,reject=ret cur=0.00 thr=0.15 margin=-0.15 relax=0.00 | all=ret cur=0.00 thr=0.15 margin=-0.15 relax=0.00; ret10 cur=0.00 thr=0.25 margin=-0.25; ret10_non_positive cur=0.00
1772084966.000,187660,CLOSE,18690.0000,-0.585,114,189598920,0.500,0.000,0.000,NO_BUY,reject=ret cur=-0.59 thr=0.15 margin=-0.74 relax=0.00 | all=ret cur=-0.59 thr=0.15 margin=-0.74 relax=0.00; ret10 cur=-0.59 thr=0.25 margin=-0.84; ret10_non_positive cur=-0.59
1772084966.000,035720,CLOSE,61600.0000,-0.162,137,427120800,0.163,0.162,0.000,NO_BUY,reject=ret cur=-0.16 thr=0.15 margin=-0.31 relax=0.00 | all=ret cur=-0.16 thr=0.15 margin=-0.31 relax=0.00; ret10 cur=-0.16 thr=0.25 margin=-0.41; ret10_non_positive cur=-0.16
1772084968.000,066570,CLOSE,146800.0000,0.068,77,303462350,0.500,0.000,0.000,NO_BUY,reject=ret cur=0.07 thr=0.15 margin=-0.08 relax=0.00 | all=ret cur=0.07 thr=0.15 margin=-0.08 relax=0.00; ret10 cur=0.07 thr=0.25 margin=-0.18
1772084968.000,064760,CLOSE,235000.0000,-0.213,3,3756000,0.500,0.000,0.000,NO_BUY,reject=ret cur=-0.21 thr=0.15 margin=-0.36 relax=0.00 | all=ret cur=-0.21 thr=0.15 margin=-0.36 relax=0.00; ticks cur=3 thr=4 margin=-1; ret10 cur=-0.21 thr=0.25 margin=-0.46; ret10_non_positive cur=-0.21
1772084969.000,064400,CLOSE,74000.0000,0.135,12,8132500,0.511,0.135,0.000,NO_BUY,reject=ret cur=0.14 thr=0.15 margin=-0.01 relax=0.00 | all=ret cur=0.14 thr=0.15 margin=-0.01 relax=0.00; ret10 cur=0.14 thr=0.25 margin=-0.11
1772084971.000,086520,CLOSE,184800.0000,0.000,18,35851000,0.500,0.000,0.000,NO_BUY,reject=ret cur=0.00 thr=0.15 margin=-0.15 relax=0.00 | all=ret cur=0.00 thr=0.15 margin=-0.15 relax=0.00; ret10 cur=0.00 thr=0.25 margin=-0.25; ret10_non_positive cur=0.00
1772084973.000,122630,CLOSE,112380.0000,0.004,105,1220708325,0.500,0.000,0.000,NO_BUY,reject=ret cur=0.00 thr=0.15 margin=-0.15 relax=0.00 | all=ret cur=0.00 thr=0.15 margin=-0.15 relax=0.00; ret10 cur=0.00 thr=0.25 margin=-0.25
1772084973.000,336260,CLOSE,39850.0000,0.000,3,119400,0.500,0.000,0.000,NO_BUY,reject=ret cur=0.00 thr=0.15 margin=-0.15 relax=0.00 | all=ret cur=0.00 thr=0.15 margin=-0.15 relax=0.00; ticks cur=3 thr=4 margin=-1; ret10 cur=0.00 thr=0.25 margin=-0.25; ret10_non_positive cur=0.00
1772084973.000,005830,CLOSE,211000.0000,0.236,21,40608000,0.340,0.237,0.000,NO_BUY,reject=ret10 cur=0.24 thr=0.25 margin=-0.01 | all=ret10 cur=0.24 thr=0.25 margin=-0.01
1772084973.000,036810,CLOSE,41700.0000,0.120,2,125000,0.500,0.000,0.000,NO_BUY,reject=ret cur=0.12 thr=0.15 margin=-0.03 relax=0.00 | all=ret cur=0.12 thr=0.15 margin=-0.03 relax=0.00; ticks cur=2 thr=4 margin=-2; ret10 cur=0.12 thr=0.25 margin=-0.13
1772084973.000,009900,CLOSE,11510.0000,0.000,4,18392980,0.500,0.000,0.000,NO_BUY,reject=ret cur=0.00 thr=0.15 margin=-0.15 relax=0.00 | all=ret cur=0.00 thr=0.15 margin=-0.15 relax=0.00; ret10 cur=0.00 thr=0.25 margin=-0.25; ret10_non_positive cur=0.00
1772084974.000,229200,CLOSE,20980.0000,0.000,46,47973731,0.500,0.000,0.000,NO_BUY,reject=ret cur=0.00 thr=0.15 margin=-0.15 relax=0.00 | all=ret cur=0.00 thr=0.15 margin=-0.15 relax=0.00; ret10 cur=0.00 thr=0.25 margin=-0.25; ret10_non_positive cur=0.00
1772084974.000,039030,CLOSE,415000.0000,0.000,13,32810500,0.134,0.120,0.000,NO_BUY,reject=ret cur=0.00 thr=0.15 margin=-0.15 relax=0.00 | all=ret cur=0.00 thr=0.15 margin=-0.15 relax=0.00; ret10 cur=0.00 thr=0.25 margin=-0.25; ret10_non_positive cur=0.00
1772084976.000,002020,CLOSE,71300.0000,0.000,3,285200,0.500,0.000,0.000,NO_BUY,reject=ret cur=0.00 thr=0.15 margin=-0.15 relax=0.00 | all=ret cur=0.00 thr=0.15 margin=-0.15 relax=0.00; ticks cur=3 thr=4 margin=-1; ret10 cur=0.00 thr=0.25 margin=-0.25; ret10_non_positive cur=0.00
1772084980.000,035420,CLOSE,261000.0000,0.000,28,47247500,0.456,0.191,0.000,NO_BUY,reject=ret cur=0.00 thr=0.15 margin=-0.15 relax=0.00 | all=ret cur=0.00 thr=0.15 margin=-0.15 relax=0.00; ret10 cur=0.00 thr=0.25 margin=-0.25; ret10_non_positive cur=0.00
1772084980.000,396500,CLOSE,34770.0000,0.000,97,278580035,0.500,0.000,0.000,NO_BUY,reject=ret cur=0.00 thr=0.15 margin=-0.15 relax=0.00 | all=ret cur=0.00 thr=0.15 margin=-0.15 relax=0.00; ret10 cur=0.00 thr=0.25 margin=-0.25; ret10_non_positive cur=0.00
1772084980.000,124500,CLOSE,60200.0000,0.000,2,120400,0.500,0.000,0.000,NO_BUY,reject=ret cur=0.00 thr=0.15 margin=-0.15 relax=0.00 | all=ret cur=0.00 thr=0.15 margin=-0.15 relax=0.00; ticks cur=2 thr=4 margin=-2; ret10 cur=0.00 thr=0.25 margin=-0.25; ret10_non_positive cur=0.00
1772084981.000,233740,CLOSE,20305.0000,0.015,57,299374667,0.500,0.000,0.000,NO_BUY,reject=ret cur=0.01 thr=0.15 margin=-0.14 relax=0.00 | all=ret cur=0.01 thr=0.15 margin=-0.14 relax=0.00; ret10 cur=0.01 thr=0.25 margin=-0.24
1772084982.000,310210,CLOSE,316000.0000,0.000,5,21172000,0.500,0.000,0.000,NO_BUY,reject=ret cur=0.00 thr=0.15 margin=-0.15 relax=0.00 | all=ret cur=0.00 thr=0.15 margin=-0.15 relax=0.00; ret10 cur=0.00 thr=0.25 margin=-0.25; ret10_non_positive cur=0.00
1772084982.000,042520,CLOSE,50700.0000,0.000,2,152100,0.500,0.000,0.000,NO_BUY,reject=ret cur=0.00 thr=0.15 margin=-0.15 relax=0.00 | all=ret cur=0.00 thr=0.15 margin=-0.15 relax=0.00; ticks cur=2 thr=4 margin=-2; ret10 cur=0.00 thr=0.25 margin=-0.25; ret10_non_positive cur=0.00
1772084982.000,058470,CLOSE,105600.0000,-0.095,30,59158000,0.500,0.000,0.000,NO_BUY,reject=ret cur=-0.09 thr=0.15 margin=-0.24 relax=0.00 | all=ret cur=-0.09 thr=0.15 margin=-0.24 relax=0.00; ret10 cur=-0.09 thr=0.25 margin=-0.34; ret10_non_positive cur=-0.09
1772084983.000,005930,CLOSE,217000.0000,-0.115,166,1005993750,0.462,0.231,0.000,NO_BUY,reject=ret cur=-0.12 thr=0.15 margin=-0.27 relax=0.00 | all=ret cur=-0.12 thr=0.15 margin=-0.27 relax=0.00; ret10 cur=-0.12 thr=0.25 margin=-0.37; ret10_non_positive cur=-0.12
1772084983.000,001500,CLOSE,13410.0000,0.000,9,68753140,0.500,0.000,0.000,NO_BUY,reject=ret cur=0.00 thr=0.15 margin=-0.15 relax=0.00 | all=ret cur=0.00 thr=0.15 margin=-0.15 relax=0.00; ret10 cur=0.00 thr=0.25 margin=-0.25; ret10_non_positive cur=0.00
1772084984.000,377300,CLOSE,69100.0000,-0.145,23,29157200,0.500,0.000,0.000,NO_BUY,reject=ret cur=-0.14 thr=0.15 margin=-0.29 relax=0.00 | all=ret cur=-0.14 thr=0.15 margin=-0.29 relax=0.00; ret10 cur=-0.14 thr=0.25 margin=-0.39; ret10_non_positive cur=-0.14
1772084984.000,103590,CLOSE,88500.0000,0.113,5,7523800,0.714,0.226,0.000,NO_BUY,reject=ret cur=0.11 thr=0.15 margin=-0.04 relax=0.00 | all=ret cur=0.11 thr=0.15 margin=-0.04 relax=0.00; ret10 cur=0.11 thr=0.25 margin=-0.14
1772084986.000,187660,CLOSE,18660.0000,0.000,104,344518020,0.500,0.000,0.000,NO_BUY,reject=ret cur=0.00 thr=0.15 margin=-0.15 relax=0.00 | all=ret cur=0.00 thr=0.15 margin=-0.15 relax=0.00; ret10 cur=0.00 thr=0.25 margin=-0.25; ret10_non_positive cur=0.00
1772084986.000,035720,CLOSE,61600.0000,0.163,37,94343500,0.162,0.162,0.000,NO_BUY,reject=ret10 cur=0.16 thr=0.25 margin=-0.09 | all=ret10 cur=0.16 thr=0.25 margin=-0.09
1772084988.000,066570,CLOSE,146900.0000,0.068,101,620068200,0.500,0.000,0.000,NO_BUY,reject=ret cur=0.07 thr=0.15 margin=-0.08 relax=0.00 | all=ret cur=0.07 thr=0.15 margin=-0.08 relax=0.00; ret10 cur=0.07 thr=0.25 margin=-0.18
1772084989.000,064400,CLOSE,74000.0000,-0.135,11,19831400,0.515,0.135,0.000,NO_BUY,reject=ret cur=-0.14 thr=0.15 margin=-0.29 relax=0.00 | all=ret cur=-0.14 thr=0.15 margin=-0.29 relax=0.00; ret10 cur=-0.14 thr=0.25 margin=-0.39; ret10_non_positive cur=-0.14
1772084990.000,064760,CLOSE,234500.0000,0.213,6,15725500,0.500,0.000,0.000,NO_BUY,reject=ret10 cur=0.21 thr=0.25 margin=-0.04 | all=ret10 cur=0.21 thr=0.25 margin=-0.04
1772084991.000,086520,CLOSE,184900.0000,0.054,27,91848800,0.500,0.000,0.000,NO_BUY,reject=ret cur=0.05 thr=0.15 margin=-0.10 relax=0.00 | all=ret cur=0.05 thr=0.15 margin=-0.10 relax=0.00; ret10 cur=0.05 thr=0.25 margin=-0.20
1772084992.000,161580,CLOSE,54200.0000,0.000,2,3848200,0.500,0.000,0.000,NO_BUY,reject=ret cur=0.00 thr=0.15 margin=-0.15 relax=0.00 | all=ret cur=0.00 thr=0.15 margin=-0.15 relax=0.00; ticks cur=2 thr=4 margin=-2; ret10 cur=0.00 thr=0.25 margin=-0.25; ret10_non_positive cur=0.00
1772084993.000,122630,CLOSE,112355.0000,-0.036,151,1321044045,0.500,0.000,0.000,NO_BUY,reject=ret cur=-0.04 thr=0.15 margin=-0.19 relax=0.00 | all=ret cur=-0.04 thr=0.15 margin=-0.19 relax=0.00; ret10 cur=-0.04 thr=0.25 margin=-0.29; ret10_non_positive cur=-0.04
1772084993.000,036810,CLOSE,41650.0000,-0.120,3,1499500,0.500,0.000,0.000,NO_BUY,reject=ret cur=-0.12 thr=0.15 margin=-0.27 relax=0.00 | all=ret cur=-0.12 thr=0.15 margin=-0.27 relax=0.00; ticks cur=3 thr=4 margin=-1; ret10 cur=-0.12 thr=0.25 margin=-0.37; ret10_non_positive cur=-0.12
1772084994.000,005830,CLOSE,210500.0000,0.238,36,259045000,0.225,0.237,0.000,NO_BUY,reject=ret10 cur=0.24 thr=0.25 margin=-0.01 | all=ret10 cur=0.24 thr=0.25 margin=-0.01
1772084994.000,229200,CLOSE,20980.0000,0.000,39,44915415,0.500,0.000,0.000,NO_BUY,reject=ret cur=0.00 thr=0.15 margin=-0.15 relax=0.00 | all=ret cur=0.00 thr=0.15 margin=-0.15 relax=0.00; ret10 cur=0.00 thr=0.25 margin=-0.25; ret10_non_positive cur=0.00
1772084995.000,336260,CLOSE,39850.0000,0.000,8,5892225,0.500,0.000,0.000,NO_BUY,reject=ret cur=0.00 thr=0.15 margin=-0.15 relax=0.00 | all=ret cur=0.00 thr=0.15 margin=-0.15 relax=0.00; ret10 cur=0.00 thr=0.25 margin=-0.25; ret10_non_positive cur=0.00
1772084996.000,089890,CLOSE,25350.0000,-0.197,2,2257600,0.500,0.000,0.000,NO_BUY,reject=ret cur=-0.20 thr=0.15 margin=-0.35 relax=0.00 | all=ret cur=-0.20 thr=0.15 margin=-0.35 relax=0.00; ticks cur=2 thr=4 margin=-2; ret10 cur=-0.20 thr=0.25 margin=-0.45; ret10_non_positive cur=-0.20
1772084996.000,009900,CLOSE,11500.0000,0.000,3,471910,0.500,0.000,0.000,NO_BUY,reject=ret cur=0.00 thr=0.15 margin=-0.15 relax=0.00 | all=ret cur=0.00 thr=0.15 margin=-0.15 relax=0.00; ticks cur=3 thr=4 margin=-1; ret10 cur=0.00 thr=0.25 margin=-0.25; ret10_non_positive cur=0.00
1772084997.000,039030,CLOSE,416000.0000,0.000,7,51168000,0.122,0.120,0.000,NO_BUY,reject=ret cur=0.00 thr=0.15 margin=-0.15 relax=0.00 | all=ret cur=0.00 thr=0.15 margin=-0.15 relax=0.00; ret10 cur=0.00 thr=0.25 margin=-0.25; ret10_non_positive cur=0.00
1772084997.000,002020,CLOSE,71200.0000,-0.281,14,6982100,0.500,0.000,0.000,NO_BUY,reject=ret cur=-0.28 thr=0.15 margin=-0.43 relax=0.00 | all=ret cur=-0.28 thr=0.15 margin=-0.43 relax=0.00; ret10 cur=-0.28 thr=0.25 margin=-0.53; ret10_non_positive cur=-0.28
1772085000.000,035420,CLOSE,261500.0000,0.192,34,69178000,0.455,0.191,0.000,NO_BUY,reject=ret10 cur=0.19 thr=0.25 margin=-0.06 | all=ret10 cur=0.19 thr=0.25 margin=-0.06
1772085000.000,396500,CLOSE,34780.0000,0.014,76,2289649360,0.500,0.000,0.000,NO_BUY,reject=ret cur=0.01 thr=0.15 margin=-0.14 relax=0.00 | all=ret cur=0.01 thr=0.15 margin=-0.14 relax=0.00; ret10 cur=0.01 thr=0.25 margin=-0.24
1772085000.000,124500,CLOSE,60200.0000,0.000,7,9632000,0.500,0.000,0.000,NO_BUY,reject=ret cur=0.00 thr=0.15 margin=-0.15 relax=0.00 | all=ret cur=0.00 thr=0.15 margin=-0.15 relax=0.00; ret10 cur=0.00 thr=0.25 margin=-0.25; ret10_non_positive cur=0.00
1772085001.000,233740,CLOSE,20300.0000,0.000,61,149243114,0.500,0.000,0.000,NO_BUY,reject=ret cur=0.00 thr=0.15 margin=-0.15 relax=0.00 | all=ret cur=0.00 thr=0.15 margin=-0.15 relax=0.00; ret10 cur=0.00 thr=0.25 margin=-0.25; ret10_non_positive cur=0.00
1772085001.000,241770,CLOSE,28500.0000,0.526,2,1653450,0.500,0.000,0.000,NO_BUY,reject=ticks cur=2 thr=4 margin=-2 | all=ticks cur=2 thr=4 margin=-2
1772085002.000,310210,CLOSE,316000.0000,0.000,6,7268000,0.500,0.000,0.000,NO_BUY,reject=ret cur=0.00 thr=0.15 margin=-0.15 relax=0.00 | all=ret cur=0.00 thr=0.15 margin=-0.15 relax=0.00; ret10 cur=0.00 thr=0.25 margin=-0.25; ret10_non_positive cur=0.00
1772085002.000,058470,CLOSE,105500.0000,0.095,19,17416600,0.500,0.000,0.000,NO_BUY,reject=ret cur=0.09 thr=0.15 margin=-0.06 relax=0.00 | all=ret cur=0.09 thr=0.15 margin=-0.06 relax=0.00; ret10 cur=0.09 thr=0.25 margin=-0.16
1772085003.000,005930,CLOSE,216750.0000,0.000,243,7752154000,0.459,0.231,0.000,NO_BUY,reject=ret cur=0.00 thr=0.15 margin=-0.15 relax=0.00 | all=ret cur=0.00 thr=0.15 margin=-0.15 relax=0.00; ret10 cur=0.00 thr=0.25 margin=-0.25; ret10_non_positive cur=0.00
1772085004.000,294570,CLOSE,33700.0000,-0.148,2,101050,0.500,0.000,0.000,NO_BUY,reject=ret cur=-0.15 thr=0.15 margin=-0.30 relax=0.00 | all=ret cur=-0.15 thr=0.15 margin=-0.30 relax=0.00; ticks cur=2 thr=4 margin=-2; ret10 cur=-0.15 thr=0.25 margin=-0.40; ret10_non_positive cur=-0.15
1772085004.000,377300,CLOSE,69000.0000,0.072,15,16788100,0.500,0.000,0.000,NO_BUY,reject=ret cur=0.07 thr=0.15 margin=-0.08 relax=0.00 | all=ret cur=0.07 thr=0.15 margin=-0.08 relax=0.00; ret10 cur=0.07 thr=0.25 margin=-0.18
1772085005.000,103590,CLOSE,88400.0000,-0.113,15,49034900,0.726,0.113,0.000,NO_BUY,reject=ret cur=-0.11 thr=0.15 margin=-0.26 relax=0.00 | all=ret cur=-0.11 thr=0.15 margin=-0.26 relax=0.00; ret10 cur=-0.11 thr=0.25 margin=-0.36; ret10_non_positive cur=-0.11
1772085006.000,187660,CLOSE,18685.0000,0.214,101,259115450,0.500,0.000,0.000,NO_BUY,reject=ret10 cur=0.21 thr=0.25 margin=-0.04 | all=ret10 cur=0.21 thr=0.25 margin=-0.04
1772085006.000,035720,CLOSE,61600.0000,-0.162,60,46491050,0.162,0.162,0.000,NO_BUY,reject=ret cur=-0.16 thr=0.15 margin=-0.31 relax=0.00 | all=ret cur=-0.16 thr=0.15 margin=-0.31 relax=0.00; ret10 cur=-0.16 thr=0.25 margin=-0.41; ret10_non_positive cur=-0.16
1772085008.000,066570,CLOSE,146900.0000,0.068,53,229663800,0.500,0.000,0.000,NO_BUY,reject=ret cur=0.07 thr=0.15 margin=-0.08 relax=0.00 | all=ret cur=0.07 thr=0.15 margin=-0.08 relax=0.00; ret10 cur=0.07 thr=0.25 margin=-0.18
1772085009.000,064400,CLOSE,74400.0000,0.541,376,1649618800,0.253,0.269,0.000,NO_BUY,pullback_wait cur=74400.00 peak=74400.00 pb_thr=74251.20 reb_thr=74362.80 pulled=0
1772085010.000,064760,CLOSE,235000.0000,0.426,6,11045500,0.500,0.000,0.000,NO_BUY,confirm_wait 0.1s
1772085011.000,086520,CLOSE,184900.0000,0.000,16,160977150,0.500,0.000,0.000,NO_BUY,reject=ret cur=0.00 thr=0.15 margin=-0.15 relax=0.00 | all=ret cur=0.00 thr=0.15 margin=-0.15 relax=0.00; ret10 cur=0.00 thr=0.25 margin=-0.25; ret10_non_positive cur=0.00
1772085011.000,001500,CLOSE,13380.0000,-0.224,3,6689780,0.500,0.000,0.000,NO_BUY,reject=ret cur=-0.22 thr=0.15 margin=-0.37 relax=0.00 | all=ret cur=-0.22 thr=0.15 margin=-0.37 relax=0.00; ticks cur=3 thr=4 margin=-1; ret10 cur=-0.22 thr=0.25 margin=-0.47; ret10_non_positive cur=-0.22
1772085013.000,122630,CLOSE,112265.0000,-0.053,166,1127630535,0.500,0.000,0.000,NO_BUY,reject=ret cur=-0.05 thr=0.15 margin=-0.20 relax=0.00 | all=ret cur=-0.05 thr=0.15 margin=-0.20 relax=0.00; ret10 cur=-0.05 thr=0.25 margin=-0.30; ret10_non_positive cur=-0.05
1772085013.000,036810,CLOSE,41700.0000,0.240,10,14962450,0.500,0.000,0.000,NO_BUY,reject=ret10 cur=0.24 thr=0.25 margin=-0.01 | all=ret10 cur=0.24 thr=0.25 margin=-0.01
1772085014.000,229200,CLOSE,20982.0000,0.024,72,784141580,0.500,0.000,0.000,NO_BUY,reject=ret cur=0.02 thr=0.15 margin=-0.13 relax=0.00 | all=ret cur=0.02 thr=0.15 margin=-0.13 relax=0.00; ret10 cur=0.02 thr=0.25 margin=-0.23
1772085014.000,161580,CLOSE,54200.0000,0.185,3,22532700,0.500,0.000,0.000,NO_BUY,reject=ticks cur=3 thr=4 margin=-1 | all=ticks cur=3 thr=4 margin=-1; ret10 cur=0.18 thr=0.25 margin=-0.07
1772085014.000,005830,CLOSE,211500.0000,0.237,31,255031000,0.391,0.236,0.000,NO_BUY,reject=ret10 cur=0.24 thr=0.25 margin=-0.01 | all=ret10 cur=0.24 thr=0.25 margin=-0.01
1772085016.000,336260,CLOSE,39900.0000,0.000,4,4064700,0.500,0.000,0.000,NO_BUY,reject=ret cur=0.00 thr=0.15 margin=-0.15 relax=0.00 | all=ret cur=0.00 thr=0.15 margin=-0.15 relax=0.00; ret10 cur=0.00 thr=0.25 margin=-0.25; ret10_non_positive cur=0.00
1772085016.000,009900,CLOSE,11500.0000,0.087,8,13823030,0.500,0.000,0.000,NO_BUY,reject=ret cur=0.09 thr=0.15 margin=-0.06 relax=0.00 | all=ret cur=0.09 thr=0.15 margin=-0.06 relax=0.00; ret10 cur=0.09 thr=0.25 margin=-0.16
1772085017.000,039030,CLOSE,415500.0000,-0.120,32,140417500,0.108,0.120,0.000,NO_BUY,reject=ret cur=-0.12 thr=0.15 margin=-0.27 relax=0.00 | all=ret cur=-0.12 thr=0.15 margin=-0.27 relax=0.00; ret10 cur=-0.12 thr=0.25 margin=-0.37; ret10_non_positive cur=-0.12
1772085019.000,002020,CLOSE,71500.0000,0.843,34,16529900,0.500,0.000,0.000,NO_BUY,reject=orderbook_stale age=908.00s max=1.00s | all=orderbook_stale age=908.00s max=1.00s
1772085020.000,035420,CLOSE,261500.0000,-0.191,62,294106000,0.462,0.191,0.000,NO_BUY,reject=ret cur=-0.19 thr=0.15 margin=-0.34 relax=0.00 | all=ret cur=-0.19 thr=0.15 margin=-0.34 relax=0.00; ret10 cur=-0.19 thr=0.25 margin=-0.44; ret10_non_positive cur=-0.19
1772085020.000,124500,CLOSE,59700.0000,-0.831,38,827125200,0.500,0.000,0.000,NO_BUY,reject=ret cur=-0.83 thr=0.15 margin=-0.98 relax=0.00 | all=ret cur=-0.83 thr=0.15 margin=-0.98 relax=0.00; ret10 cur=-0.83 thr=0.25 margin=-1.08; ret10_non_positive cur=-0.83
1772085020.000,396500,CLOSE,34785.0000,0.000,134,871817690,0.500,0.000,0.000,NO_BUY,reject=ret cur=0.00 thr=0.15 margin=-0.15 relax=0.00 | all=ret cur=0.00 thr=0.15 margin=-0.15 relax=0.00; ret10 cur=0.00 thr=0.25 margin=-0.25; ret10_non_positive cur=0.00
1772085021.000,233740,CLOSE,20305.0000,0.000,71,247216906,0.500,0.000,0.000,NO_BUY,reject=ret cur=0.00 thr=0.15 margin=-0.15 relax=0.00 | all=ret cur=0.00 thr=0.15 margin=-0.15 relax=0.00; ret10 cur=0.00 thr=0.25 margin=-0.25; ret10_non_positive cur=0.00
1772085022.000,058470,CLOSE,105500.0000,0.095,16,29446900,0.500,0.000,0.000,NO_BUY,reject=ret cur=0.09 thr=0.15 margin=-0.06 relax=0.00 | all=ret cur=0.09 thr=0.15 margin=-0.06 relax=0.00; ret10 cur=0.09 thr=0.25 margin=-0.16
1772085023.000,005930,CLOSE,216750.0000,0.115,164,1920235250,0.456,0.231,0.000,NO_BUY,reject=ret cur=0.12 thr=0.15 margin=-0.03 relax=0.00 | all=ret cur=0.12 thr=0.15 margin=-0.03 relax=0.00; ret10 cur=0.12 thr=0.25 margin=-0.13
1772085024.000,377300,CLOSE,69000.0000,0.000,15,28880900,0.500,0.000,0.000,NO_BUY,reject=ret cur=0.00 thr=0.15 margin=-0.15 relax=0.00 | all=ret cur=0.00 thr=0.15 margin=-0.15 relax=0.00; ret10 cur=0.00 thr=0.25 margin=-0.25; ret10_non_positive cur=0.00
1772085025.000,310210,CLOSE,315500.0000,-0.158,6,11687000,0.500,0.000,0.000,NO_BUY,reject=ret cur=-0.16 thr=0.15 margin=-0.31 relax=0.00 | all=ret cur=-0.16 thr=0.15 margin=-0.31 relax=0.00; ret10 cur=-0.16 thr=0.25 margin=-0.41; ret10_non_positive cur=-0.16
1772085026.000,035720,CLOSE,61500.0000,0.000,37,87462300,0.165,0.162,0.000,NO_BUY,reject=ret cur=0.00 thr=0.15 margin=-0.15 relax=0.00 | all=ret cur=0.00 thr=0.15 margin=-0.15 relax=0.00; ret10 cur=0.00 thr=0.25 margin=-0.25; ret10_non_positive cur=0.00
1772085026.000,187660,CLOSE,18780.0000,0.214,105,189461940,0.500,0.000,0.000,NO_BUY,reject=ret10 cur=0.21 thr=0.25 margin=-0.04 | all=ret10 cur=0.21 thr=0.25 margin=-0.04
1772085026.000,103590,CLOSE,88600.0000,0.000,4,6106500,0.615,0.113,0.000,NO_BUY,reject=ret cur=0.00 thr=0.15 margin=-0.15 relax=0.00 | all=ret cur=0.00 thr=0.15 margin=-0.15 relax=0.00; ret10 cur=0.00 thr=0.25 margin=-0.25; ret10_non_positive cur=0.00
1772085028.000,066570,CLOSE,147300.0000,-0.136,78,367686750,0.500,0.000,0.000,NO_BUY,reject=ret cur=-0.14 thr=0.15 margin=-0.29 relax=0.00 | all=ret cur=-0.14 thr=0.15 margin=-0.29 relax=0.00; ret10 cur=-0.14 thr=0.25 margin=-0.39; ret10_non_positive cur=-0.14
1772085029.000,064400,CLOSE,74200.0000,0.000,21,53283600,0.318,0.270,0.000,NO_BUY,reject=ret cur=0.00 thr=0.15 margin=-0.15 relax=0.00 | all=ret cur=0.00 thr=0.15 margin=-0.15 relax=0.00; ret10 cur=0.00 thr=0.25 margin=-0.25; ret10_non_positive cur=0.00
1772085031.000,086520,CLOSE,184800.0000,0.000,46,95905600,0.500,0.000,0.000,NO_BUY,reject=ret cur=0.00 thr=0.15 margin=-0.15 relax=0.00 | all=ret cur=0.00 thr=0.15 margin=-0.15 relax=0.00; ret10 cur=0.00 thr=0.25 margin=-0.25; ret10_non_positive cur=0.00
1772085031.000,064760,CLOSE,235000.0000,0.213,6,4700000,0.500,0.000,0.000,NO_BUY,reject=ret10 cur=0.21 thr=0.25 margin=-0.04 | all=ret10 cur=0.21 thr=0.25 margin=-0.04
1772085031.000,001500,CLOSE,13380.0000,0.075,9,17980610,0.500,0.000,0.000,NO_BUY,reject=ret cur=0.07 thr=0.15 margin=-0.08 relax=0.00 | all=ret cur=0.07 thr=0.15 margin=-0.08 relax=0.00; ret10 cur=0.07 thr=0.25 margin=-0.18
1772085033.000,122630,CLOSE,112150.0000,-0.053,313,1470803515,0.500,0.000,0.000,NO_BUY,reject=ret cur=-0.05 thr=0.15 margin=-0.20 relax=0.00 | all=ret cur=-0.05 thr=0.15 margin=-0.20 relax=0.00; ret10 cur=-0.05 thr=0.25 margin=-0.30; ret10_non_positive cur=-0.05
1772085034.000,005830,CLOSE,211500.0000,-0.236,15,116968500,0.250,0.237,0.000,NO_BUY,reject=ret cur=-0.24 thr=0.15 margin=-0.39 relax=0.00 | all=ret cur=-0.24 thr=0.15 margin=-0.39 relax=0.00; ret10 cur=-0.24 thr=0.25 margin=-0.49; ret10_non_positive cur=-0.24
1772085034.000,161580,CLOSE,54300.0000,-0.184,4,8308600,0.500,0.000,0.000,NO_BUY,reject=ret cur=-0.18 thr=0.15 margin=-0.33 relax=0.00 | all=ret cur=-0.18 thr=0.15 margin=-0.33 relax=0.00; ret10 cur=-0.18 thr=0.25 margin=-0.43; ret10_non_positive cur=-0.18
1772085034.000,229200,CLOSE,20980.0000,0.000,50,445508035,0.500,0.000,0.000,NO_BUY,reject=ret cur=0.00 thr=0.15 margin=-0.15 relax=0.00 | all=ret cur=0.00 thr=0.15 margin=-0.15 relax=0.00; ret10 cur=0.00 thr=0.25 margin=-0.25; ret10_non_positive cur=0.00
1772085036.000,009900,CLOSE,11500.0000,-0.087,2,2842950,0.500,0.000,0.000,NO_BUY,reject=ret cur=-0.09 thr=0.15 margin=-0.24 relax=0.00 | all=ret cur=-0.09 thr=0.15 margin=-0.24 relax=0.00; ticks cur=2 thr=4 margin=-2; ret10 cur=-0.09 thr=0.25 margin=-0.34; ret10_non_positive cur=-0.09
1772085037.000,039030,CLOSE,415500.0000,0.000,7,25753000,0.190,0.120,0.000,NO_BUY,reject=ret cur=0.00 thr=0.15 margin=-0.15 relax=0.00 | all=ret cur=0.00 thr=0.15 margin=-0.15 relax=0.00; ret10 cur=0.00 thr=0.25 margin=-0.25; ret10_non_positive cur=0.00
1772085037.000,036810,CLOSE,41700.0000,0.120,2,83350,0.500,0.000,0.000,NO_BUY,reject=ret cur=0.12 thr=0.15 margin=-0.03 relax=0.00 | all=ret cur=0.12 thr=0.15 margin=-0.03 relax=0.00; ticks cur=2 thr=4 margin=-2; ret10 cur=0.12 thr=0.25 margin=-0.13
1772085038.000,336260,CLOSE,39850.0000,0.000,2,597750,0.500,0.000,0.000,NO_BUY,reject=ret cur=0.00 thr=0.15 margin=-0.15 relax=0.00 | all=ret cur=0.00 thr=0.15 margin=-0.15 relax=0.00; ticks cur=2 thr=4 margin=-2; ret10 cur=0.00 thr=0.25 margin=-0.25; ret10_non_positive cur=0.00
1772085040.000,035420,CLOSE,261500.0000,-0.191,61,839755250,0.420,0.382,0.000,NO_BUY,reject=ret cur=-0.19 thr=0.15 margin=-0.34 relax=0.00 | all=ret cur=-0.19 thr=0.15 margin=-0.34 relax=0.00; ret10 cur=-0.19 thr=0.25 margin=-0.44; ret10_non_positive cur=-0.19
1772085040.000,124500,CLOSE,59700.0000,-0.167,7,14107400,0.500,0.000,0.000,NO_BUY,reject=ret cur=-0.17 thr=0.15 margin=-0.32 relax=0.00 | all=ret cur=-0.17 thr=0.15 margin=-0.32 relax=0.00; ret10 cur=-0.17 thr=0.25 margin=-0.42; ret10_non_positive cur=-0.17
1772085040.000,396500,CLOSE,34785.0000,0.058,76,1496224770,0.500,0.000,0.000,NO_BUY,reject=ret cur=0.06 thr=0.15 margin=-0.09 relax=0.00 | all=ret cur=0.06 thr=0.15 margin=-0.09 relax=0.00; ret10 cur=0.06 thr=0.25 margin=-0.19
1772085040.000,002020,CLOSE,71400.0000,-0.140,6,4931300,0.500,0.000,0.000,NO_BUY,reject=ret cur=-0.14 thr=0.15 margin=-0.29 relax=0.00 | all=ret cur=-0.14 thr=0.15 margin=-0.29 relax=0.00; ret10 cur=-0.14 thr=0.25 margin=-0.39; ret10_non_positive cur=-0.14
1772085041.000,233740,CLOSE,20305.0000,0.000,46,291378887,0.500,0.000,0.000,NO_BUY,reject=ret cur=0.00 thr=0.15 margin=-0.15 relax=0.00 | all=ret cur=0.00 thr=0.15 margin=-0.15 relax=0.00; ret10 cur=0.00 thr=0.25 margin=-0.25; ret10_non_positive cur=0.00
1772085042.000,058470,CLOSE,105600.0000,0.095,42,63344950,0.500,0.000,0.000,NO_BUY,reject=ret cur=0.09 thr=0.15 margin=-0.06 relax=0.00 | all=ret cur=0.09 thr=0.15 margin=-0.06 relax=0.00; ret10 cur=0.09 thr=0.25 margin=-0.16
1772085043.000,005930,CLOSE,217000.0000,0.000,169,1034396500,0.457,0.231,0.000,NO_BUY,reject=ret cur=0.00 thr=0.15 margin=-0.15 relax=0.00 | all=ret cur=0.00 thr=0.15 margin=-0.15 relax=0.00; ret10 cur=0.00 thr=0.25 margin=-0.25; ret10_non_positive cur=0.00
1772085044.000,377300,CLOSE,69000.0000,0.145,15,6960200,0.500,0.000,0.000,NO_BUY,reject=ret cur=0.15 thr=0.15 margin=-0.00 relax=0.00 | all=ret cur=0.15 thr=0.15 margin=-0.00 relax=0.00; ret10 cur=0.15 thr=0.25 margin=-0.10
1772085046.000,187660,CLOSE,18920.0000,-0.053,199,498039820,0.500,0.000,0.000,NO_BUY,reject=ret cur=-0.05 thr=0.15 margin=-0.20 relax=0.00 | all=ret cur=-0.05 thr=0.15 margin=-0.20 relax=0.00; ret10 cur=-0.05 thr=0.25 margin=-0.30; ret10_non_positive cur=-0.05
1772085046.000,035720,CLOSE,61550.0000,0.163,61,249166400,0.162,0.162,0.000,NO_BUY,reject=ret10 cur=0.16 thr=0.25 margin=-0.09 | all=ret10 cur=0.16 thr=0.25 margin=-0.09
1772085046.000,103590,CLOSE,88600.0000,0.000,11,15859400,0.620,0.113,0.000,NO_BUY,reject=ret cur=0.00 thr=0.15 margin=-0.15 relax=0.00 | all=ret cur=0.00 thr=0.15 margin=-0.15 relax=0.00; ret10 cur=0.00 thr=0.25 margin=-0.25; ret10_non_positive cur=0.00
1772085048.000,066570,CLOSE,147200.0000,0.000,79,239940400,0.500,0.000,0.000,NO_BUY,reject=ret cur=0.00 thr=0.15 margin=-0.15 relax=0.00 | all=ret cur=0.00 thr=0.15 margin=-0.15 relax=0.00; ret10 cur=0.00 thr=0.25 margin=-0.25; ret10_non_positive cur=0.00
1772085048.000,310210,CLOSE,314500.0000,-0.158,6,23976000,0.500,0.000,0.000,NO_BUY,reject=ret cur=-0.16 thr=0.15 margin=-0.31 relax=0.00 | all=ret cur=-0.16 thr=0.15 margin=-0.31 relax=0.00; ret10 cur=-0.16 thr=0.25 margin=-0.41; ret10_non_positive cur=-0.16
1772085049.000,064400,CLOSE,74300.0000,0.135,44,68721600,0.220,0.134,0.000,NO_BUY,reject=ret cur=0.13 thr=0.15 margin=-0.02 relax=0.00 | all=ret cur=0.13 thr=0.15 margin=-0.02 relax=0.00; ret10 cur=0.13 thr=0.25 margin=-0.12
1772085051.000,086520,CLOSE,184700.0000,-0.054,31,165322200,0.500,0.000,0.000,NO_BUY,reject=ret cur=-0.05 thr=0.15 margin=-0.20 relax=0.00 | all=ret cur=-0.05 thr=0.15 margin=-0.20 relax=0.00; ret10 cur=-0.05 thr=0.25 margin=-0.30; ret10_non_positive cur=-0.05
1772085051.000,064760,CLOSE,234500.0000,0.000,6,8460000,0.500,0.000,0.000,NO_BUY,reject=ret cur=0.00 thr=0.15 margin=-0.15 relax=0.00 | all=ret cur=0.00 thr=0.15 margin=-0.15 relax=0.00; ret10 cur=0.00 thr=0.25 margin=-0.25; ret10_non_positive cur=0.00
1772085053.000,122630,CLOSE,112030.0000,-0.067,210,2302979895,0.500,0.000,0.000,NO_BUY,reject=ret cur=-0.07 thr=0.15 margin=-0.22 relax=0.00 | all=ret cur=-0.07 thr=0.15 margin=-0.22 relax=0.00; ret10 cur=-0.07 thr=0.25 margin=-0.32; ret10_non_positive cur=-0.07
1772085054.000,229200,CLOSE,20985.0000,0.024,478,844100340,0.500,0.000,0.000,NO_BUY,reject=ret cur=0.02 thr=0.15 margin=-0.13 relax=0.00 | all=ret cur=0.02 thr=0.15 margin=-0.13 relax=0.00; ret10 cur=0.02 thr=0.25 margin=-0.23
1772085054.000,005830,CLOSE,210500.0000,0.238,27,85442500,0.303,0.237,0.000,NO_BUY,reject=ret10 cur=0.24 thr=0.25 margin=-0.01 | all=ret10 cur=0.24 thr=0.25 margin=-0.01
1772085054.000,161580,CLOSE,54200.0000,-0.184,2,19837300,0.500,0.000,0.000,NO_BUY,reject=ret cur=-0.18 thr=0.15 margin=-0.33 relax=0.00 | all=ret cur=-0.18 thr=0.15 margin=-0.33 relax=0.00; ticks cur=2 thr=4 margin=-2; ret10 cur=-0.18 thr=0.25 margin=-0.43; ret10_non_positive cur=-0.18
1772085057.000,036810,CLOSE,41700.0000,-0.120,6,1918100,0.500,0.000,0.000,NO_BUY,reject=ret cur=-0.12 thr=0.15 margin=-0.27 relax=0.00 | all=ret cur=-0.12 thr=0.15 margin=-0.27 relax=0.00; ret10 cur=-0.12 thr=0.25 margin=-0.37; ret10_non_positive cur=-0.12
1772085057.000,001500,CLOSE,13390.0000,-0.075,9,38025970,0.500,0.000,0.000,NO_BUY,reject=ret cur=-0.07 thr=0.15 margin=-0.22 relax=0.00 | all=ret cur=-0.07 thr=0.15 margin=-0.22 relax=0.00; ret10 cur=-0.07 thr=0.25 margin=-0.32; ret10_non_positive cur=-0.07
1772085058.000,336260,CLOSE,39850.0000,0.000,6,5579300,0.500,0.000,0.000,NO_BUY,reject=ret cur=0.00 thr=0.15 margin=-0.15 relax=0.00 | all=ret cur=0.00 thr=0.15 margin=-0.15 relax=0.00; ret10 cur=0.00 thr=0.25 margin=-0.25; ret10_non_positive cur=0.00
1772085058.000,009900,CLOSE,11510.0000,0.000,8,17134960,0.500,0.000,0.000,NO_BUY,reject=ret cur=0.00 thr=0.15 margin=-0.15 relax=0.00 | all=ret cur=0.00 thr=0.15 margin=-0.15 relax=0.00; ret10 cur=0.00 thr=0.25 margin=-0.25; ret10_non_positive cur=0.00
1772085059.000,039030,CLOSE,415000.0000,0.000,2,2908500,0.171,0.120,0.000,NO_BUY,reject=ret cur=0.00 thr=0.15 margin=-0.15 relax=0.00 | all=ret cur=0.00 thr=0.15 margin=-0.15 relax=0.00; ticks cur=2 thr=4 margin=-2; ret10 cur=0.00 thr=0.25 margin=-0.25; ret10_non_positive cur=0.00
1772085060.000,124500,CLOSE,59600.0000,0.168,10,11258500,0.500,0.000,0.000,NO_BUY,reject=ret10 cur=0.17 thr=0.25 margin=-0.08 | all=ret10 cur=0.17 thr=0.25 margin=-0.08
1772085060.000,396500,CLOSE,34755.0000,-0.029,67,260215335,0.500,0.000,0.000,NO_BUY,reject=ret cur=-0.03 thr=0.15 margin=-0.18 relax=0.00 | all=ret cur=-0.03 thr=0.15 margin=-0.18 relax=0.00; ret10 cur=-0.03 thr=0.25 margin=-0.28; ret10_non_positive cur=-0.03
1772085060.000,035420,CLOSE,261500.0000,0.000,50,106910000,0.457,0.191,0.000,NO_BUY,reject=ret cur=0.00 thr=0.15 margin=-0.15 relax=0.00 | all=ret cur=0.00 thr=0.15 margin=-0.15 relax=0.00; ret10 cur=0.00 thr=0.25 margin=-0.25; ret10_non_positive cur=0.00
1772085060.000,002020,CLOSE,71300.0000,-0.140,5,499300,0.500,0.000,0.000,NO_BUY,reject=ret cur=-0.14 thr=0.15 margin=-0.29 relax=0.00 | all=ret cur=-0.14 thr=0.15 margin=-0.29 relax=0.00; ret10 cur=-0.14 thr=0.25 margin=-0.39; ret10_non_positive cur=-0.14
1772085061.000,233740,CLOSE,20310.0000,0.039,59,283865025,0.500,0.000,0.000,NO_BUY,reject=ret cur=0.04 thr=0.15 margin=-0.11 relax=0.00 | all=ret cur=0.04 thr=0.15 margin=-0.11 relax=0.00; ret10 cur=0.04 thr=0.25 margin=-0.21
1772085062.000,058470,CLOSE,105500.0000,0.189,31,105953200,0.500,0.000,0.000,NO_BUY,reject=ret10 cur=0.19 thr=0.25 margin=-0.06 | all=ret10 cur=0.19 thr=0.25 margin=-0.06
1772085063.000,005930,CLOSE,216750.0000,0.115,227,2197885500,0.453,0.231,0.000,NO_BUY,reject=ret cur=0.12 thr=0.15 margin=-0.03 relax=0.00 | all=ret cur=0.12 thr=0.15 margin=-0.03 relax=0.00; ret10 cur=0.12 thr=0.25 margin=-0.13
1772085064.000,377300,CLOSE,69000.0000,0.073,27,15036250,0.500,0.000,0.000,NO_BUY,reject=ret cur=0.07 thr=0.15 margin=-0.08 relax=0.00 | all=ret cur=0.07 thr=0.15 margin=-0.08 relax=0.00; ret10 cur=0.07 thr=0.25 margin=-0.18
1772085066.000,035720,CLOSE,61600.0000,0.000,46,108502700,0.162,0.162,0.000,NO_BUY,reject=ret cur=0.00 thr=0.15 margin=-0.15 relax=0.00 | all=ret cur=0.00 thr=0.15 margin=-0.15 relax=0.00; ret10 cur=0.00 thr=0.25 margin=-0.25; ret10_non_positive cur=0.00
1772085066.000,187660,CLOSE,19120.0000,0.447,234,527915960,0.500,0.000,0.000,NO_BUY,pullback_wait cur=19120.00 peak=19130.00 pb_thr=19091.74 reb_thr=19120.44 pulled=0
1772085066.000,294570,CLOSE,33650.0000,0.000,8,10296900,0.500,0.000,0.000,NO_BUY,reject=ret cur=0.00 thr=0.15 margin=-0.15 relax=0.00 | all=ret cur=0.00 thr=0.15 margin=-0.15 relax=0.00; ret10 cur=0.00 thr=0.25 margin=-0.25; ret10_non_positive cur=0.00
1772085068.000,103590,CLOSE,88550.0000,0.000,4,5493200,0.619,0.113,0.000,NO_BUY,reject=ret cur=0.00 thr=0.15 margin=-0.15 relax=0.00 | all=ret cur=0.00 thr=0.15 margin=-0.15 relax=0.00; ret10 cur=0.00 thr=0.25 margin=-0.25; ret10_non_positive cur=0.00
1772085068.000,066570,CLOSE,147100.0000,-0.068,61,119661000,0.500,0.000,0.000,NO_BUY,reject=ret cur=-0.07 thr=0.15 margin=-0.22 relax=0.00 | all=ret cur=-0.07 thr=0.15 margin=-0.22 relax=0.00; ret10 cur=-0.07 thr=0.25 margin=-0.32; ret10_non_positive cur=-0.07
1772085069.000,064400,CLOSE,74400.0000,0.000,41,67538800,0.238,0.269,0.000,NO_BUY,reject=ret cur=0.00 thr=0.15 margin=-0.15 relax=0.00 | all=ret cur=0.00 thr=0.15 margin=-0.15 relax=0.00; ret10 cur=0.00 thr=0.25 margin=-0.25; ret10_non_positive cur=0.00
1772085072.000,086520,CLOSE,184800.0000,0.000,22,100108800,0.500,0.000,0.000,NO_BUY,reject=ret cur=0.00 thr=0.15 margin=-0.15 relax=0.00 | all=ret cur=0.00 thr=0.15 margin=-0.15 relax=0.00; ret10 cur=0.00 thr=0.25 margin=-0.25; ret10_non_positive cur=0.00
1772085072.000,064760,CLOSE,235000.0000,-0.212,11,7776000,0.500,0.000,0.000,NO_BUY,reject=ret cur=-0.21 thr=0.15 margin=-0.36 relax=0.00 | all=ret cur=-0.21 thr=0.15 margin=-0.36 relax=0.00; ret10 cur=-0.21 thr=0.25 margin=-0.46; ret10_non_positive cur=-0.21
1772085073.000,122630,CLOSE,112105.0000,0.009,82,1328255380,0.500,0.000,0.000,NO_BUY,reject=ret cur=0.01 thr=0.15 margin=-0.14 relax=0.00 | all=ret cur=0.01 thr=0.15 margin=-0.14 relax=0.00; ret10 cur=0.01 thr=0.25 margin=-0.24
1772085074.000,229200,CLOSE,20995.0000,0.024,640,749768065,0.500,0.000,0.000,NO_BUY,reject=ret cur=0.02 thr=0.15 margin=-0.13 relax=0.00 | all=ret cur=0.02 thr=0.15 margin=-0.13 relax=0.00; ret10 cur=0.02 thr=0.25 margin=-0.23
1772085074.000,005830,CLOSE,210500.0000,0.238,22,42527500,0.310,0.237,0.000,NO_BUY,reject=ret10 cur=0.24 thr=0.25 margin=-0.01 | all=ret10 cur=0.24 thr=0.25 margin=-0.01
1772085076.000,161580,CLOSE,54200.0000,0.185,2,866600,0.500,0.000,0.000,NO_BUY,reject=ticks cur=2 thr=4 margin=-2 | all=ticks cur=2 thr=4 margin=-2; ret10 cur=0.18 thr=0.25 margin=-0.07
1772085077.000,036810,CLOSE,41700.0000,0.000,10,26948450,0.500,0.000,0.000,NO_BUY,reject=ret cur=0.00 thr=0.15 margin=-0.15 relax=0.00 | all=ret cur=0.00 thr=0.15 margin=-0.15 relax=0.00; ret10 cur=0.00 thr=0.25 margin=-0.25; ret10_non_positive cur=0.00
1772085078.000,310210,CLOSE,316000.0000,0.000,14,8203000,0.500,0.000,0.000,NO_BUY,reject=ret cur=0.00 thr=0.15 margin=-0.15 relax=0.00 | all=ret cur=0.00 thr=0.15 margin=-0.15 relax=0.00; ret10 cur=0.00 thr=0.25 margin=-0.25; ret10_non_positive cur=0.00
1772085078.000,009900,CLOSE,11510.0000,0.000,4,1681920,0.500,0.000,0.000,NO_BUY,reject=ret cur=0.00 thr=0.15 margin=-0.15 relax=0.00 | all=ret cur=0.00 thr=0.15 margin=-0.15 relax=0.00; ret10 cur=0.00 thr=0.25 margin=-0.25; ret10_non_positive cur=0.00
1772085079.000,001500,CLOSE,13380.0000,0.000,2,294360,0.500,0.000,0.000,NO_BUY,reject=ret cur=0.00 thr=0.15 margin=-0.15 relax=0.00 | all=ret cur=0.00 thr=0.15 margin=-0.15 relax=0.00; ticks cur=2 thr=4 margin=-2; ret10 cur=0.00 thr=0.25 margin=-0.25; ret10_non_positive cur=0.00
1772085079.000,089890,CLOSE,25400.0000,0.000,2,2819400,0.500,0.000,0.000,NO_BUY,reject=ret cur=0.00 thr=0.15 margin=-0.15 relax=0.00 | all=ret cur=0.00 thr=0.15 margin=-0.15 relax=0.00; ticks cur=2 thr=4 margin=-2; ret10 cur=0.00 thr=0.25 margin=-0.25; ret10_non_positive cur=0.00
1772085079.000,336260,CLOSE,39850.0000,0.000,5,10082050,0.500,0.000,0.000,NO_BUY,reject=ret cur=0.00 thr=0.15 margin=-0.15 relax=0.00 | all=ret cur=0.00 thr=0.15 margin=-0.15 relax=0.00; ret10 cur=0.00 thr=0.25 margin=-0.25; ret10_non_positive cur=0.00
1772085080.000,396500,CLOSE,34790.0000,0.029,96,1539632465,0.500,0.000,0.000,NO_BUY,reject=ret cur=0.03 thr=0.15 margin=-0.12 relax=0.00 | all=ret cur=0.03 thr=0.15 margin=-0.12 relax=0.00; ret10 cur=0.03 thr=0.25 margin=-0.22
1772085080.000,035420,CLOSE,261000.0000,-0.192,48,179251000,0.524,0.192,0.000,NO_BUY,reject=ret cur=-0.19 thr=0.15 margin=-0.34 relax=0.00 | all=ret cur=-0.19 thr=0.15 margin=-0.34 relax=0.00; ret10 cur=-0.19 thr=0.25 margin=-0.44; ret10_non_positive cur=-0.19
1772085080.000,002020,CLOSE,71400.0000,0.000,3,3137200,0.500,0.000,0.000,NO_BUY,reject=ret cur=0.00 thr=0.15 margin=-0.15 relax=0.00 | all=ret cur=0.00 thr=0.15 margin=-0.15 relax=0.00; ticks cur=3 thr=4 margin=-1; ret10 cur=0.00 thr=0.25 margin=-0.25; ret10_non_positive cur=0.00
1772085081.000,233740,CLOSE,20325.0000,0.049,76,774323052,0.500,0.000,0.000,NO_BUY,reject=ret cur=0.05 thr=0.15 margin=-0.10 relax=0.00 | all=ret cur=0.05 thr=0.15 margin=-0.10 relax=0.00; ret10 cur=0.05 thr=0.25 margin=-0.20
1772085081.000,039030,CLOSE,415500.0000,-0.120,2,6640500,0.171,0.120,0.000,NO_BUY,reject=ret cur=-0.12 thr=0.15 margin=-0.27 relax=0.00 | all=ret cur=-0.12 thr=0.15 margin=-0.27 relax=0.00; ticks cur=2 thr=4 margin=-2; ret10 cur=-0.12 thr=0.25 margin=-0.37; ret10_non_positive cur=-0.12
1772085082.000,058470,CLOSE,105900.0000,0.000,17,23276200,0.500,0.000,0.000,NO_BUY,reject=ret cur=0.00 thr=0.15 margin=-0.15 relax=0.00 | all=ret cur=0.00 thr=0.15 margin=-0.15 relax=0.00; ret10 cur=0.00 thr=0.25 margin=-0.25; ret10_non_positive cur=0.00
1772085083.000,005930,CLOSE,217000.0000,0.000,175,1891438750,0.451,0.231,0.000,NO_BUY,reject=ret cur=0.00 thr=0.15 margin=-0.15 relax=0.00 | all=ret cur=0.00 thr=0.15 margin=-0.15 relax=0.00; ret10 cur=0.00 thr=0.25 margin=-0.25; ret10_non_positive cur=0.00
1772085083.000,124500,CLOSE,59400.0000,0.000,4,712800,0.500,0.000,0.000,NO_BUY,reject=ret cur=0.00 thr=0.15 margin=-0.15 relax=0.00 | all=ret cur=0.00 thr=0.15 margin=-0.15 relax=0.00; ret10 cur=0.00 thr=0.25 margin=-0.25; ret10_non_positive cur=0.00
1772085084.000,377300,CLOSE,68900.0000,0.000,11,30044400,0.500,0.000,0.000,NO_BUY,reject=ret cur=0.00 thr=0.15 margin=-0.15 relax=0.00 | all=ret cur=0.00 thr=0.15 margin=-0.15 relax=0.00; ret10 cur=0.00 thr=0.25 margin=-0.25; ret10_non_positive cur=0.00
1772085086.000,035720,CLOSE,61500.0000,0.163,54,75815550,0.160,0.162,0.000,NO_BUY,reject=ret10 cur=0.16 thr=0.25 margin=-0.09 | all=ret10 cur=0.16 thr=0.25 margin=-0.09
1772085086.000,187660,CLOSE,19140.0000,-0.521,327,973858165,0.500,0.000,0.000,NO_BUY,reject=ret cur=-0.52 thr=0.15 margin=-0.67 relax=0.00 | all=ret cur=-0.52 thr=0.15 margin=-0.67 relax=0.00; ret10 cur=-0.52 thr=0.25 margin=-0.77; ret10_non_positive cur=-0.52
1772085088.000,066570,CLOSE,146800.0000,0.068,38,64440800,0.500,0.000,0.000,NO_BUY,reject=ret cur=0.07 thr=0.15 margin=-0.08 relax=0.00 | all=ret cur=0.07 thr=0.15 margin=-0.08 relax=0.00; ret10 cur=0.07 thr=0.25 margin=-0.18
1772085089.000,064400,CLOSE,74250.0000,-0.135,26,47373000,0.254,0.135,0.000,NO_BUY,reject=ret cur=-0.13 thr=0.15 margin=-0.28 relax=0.00 | all=ret cur=-0.13 thr=0.15 margin=-0.28 relax=0.00; ret10 cur=-0.13 thr=0.25 margin=-0.38; ret10_non_positive cur=-0.13
1772085090.000,103590,CLOSE,88500.0000,0.113,5,3452500,0.622,0.113,0.000,NO_BUY,reject=ret cur=0.11 thr=0.15 margin=-0.04 relax=0.00 | all=ret cur=0.11 thr=0.15 margin=-0.04 relax=0.00; ret10 cur=0.11 thr=0.25 margin=-0.14
1772085090.000,475830,CLOSE,125200.0000,-0.239,5,14683200,0.500,0.000,0.000,NO_BUY,reject=ret cur=-0.24 thr=0.15 margin=-0.39 relax=0.00 | all=ret cur=-0.24 thr=0.15 margin=-0.39 relax=0.00; ret10 cur=-0.24 thr=0.25 margin=-0.49; ret10_non_positive cur=-0.24
1772085092.000,086520,CLOSE,184700.0000,0.000,29,117285300,0.500,0.000,0.000,NO_BUY,reject=ret cur=0.00 thr=0.15 margin=-0.15 relax=0.00 | all=ret cur=0.00 thr=0.15 margin=-0.15 relax=0.00; ret10 cur=0.00 thr=0.25 margin=-0.25; ret10_non_positive cur=0.00
1772085092.000,064760,CLOSE,236000.0000,-0.212,5,12942500,0.500,0.000,0.000,NO_BUY,reject=ret cur=-0.21 thr=0.15 margin=-0.36 relax=0.00 | all=ret cur=-0.21 thr=0.15 margin=-0.36 relax=0.00; ret10 cur=-0.21 thr=0.25 margin=-0.46; ret10_non_positive cur=-0.21
1772085093.000,122630,CLOSE,112050.0000,-0.009,97,1370420990,0.500,0.000,0.000,NO_BUY,reject=ret cur=-0.01 thr=0.15 margin=-0.16 relax=0.00 | all=ret cur=-0.01 thr=0.15 margin=-0.16 relax=0.00; ret10 cur=-0.01 thr=0.25 margin=-0.26; ret10_non_positive cur=-0.01
1772085094.000,229200,CLOSE,20990.0000,0.024,63,427724040,0.500,0.000,0.000,NO_BUY,reject=ret cur=0.02 thr=0.15 margin=-0.13 relax=0.00 | all=ret cur=0.02 thr=0.15 margin=-0.13 relax=0.00; ret10 cur=0.02 thr=0.25 margin=-0.23
1772085094.000,005830,CLOSE,211000.0000,-0.237,16,37128000,0.315,0.237,0.000,NO_BUY,reject=ret cur=-0.24 thr=0.15 margin=-0.39 relax=0.00 | all=ret cur=-0.24 thr=0.15 margin=-0.39 relax=0.00; ret10 cur=-0.24 thr=0.25 margin=-0.49; ret10_non_positive cur=-0.24
1772085097.000,036810,CLOSE,41650.0000,0.120,9,26279400,0.500,0.000,0.000,NO_BUY,reject=ret cur=0.12 thr=0.15 margin=-0.03 relax=0.00 | all=ret cur=0.12 thr=0.15 margin=-0.03 relax=0.00; ret10 cur=0.12 thr=0.25 margin=-0.13
1772085098.000,009900,CLOSE,11510.0000,0.000,4,1071360,0.500,0.000,0.000,NO_BUY,reject=ret cur=0.00 thr=0.15 margin=-0.15 relax=0.00 | all=ret cur=0.00 thr=0.15 margin=-0.15 relax=0.00; ret10 cur=0.00 thr=0.25 margin=-0.25; ret10_non_positive cur=0.00
1772085099.000,042520,CLOSE,50700.0000,0.000,2,4673600,0.500,0.000,0.000,NO_BUY,reject=ret cur=0.00 thr=0.15 margin=-0.15 relax=0.00 | all=ret cur=0.00 thr=0.15 margin=-0.15 relax=0.00; ticks cur=2 thr=4 margin=-2; ret10 cur=0.00 thr=0.25 margin=-0.25; ret10_non_positive cur=0.00
1772085100.000,396500,CLOSE,34785.0000,-0.020,134,1396441961,0.500,0.000,0.000,NO_BUY,reject=ret cur=-0.02 thr=0.15 margin=-0.17 relax=0.00 | all=ret cur=-0.02 thr=0.15 margin=-0.17 relax=0.00; ret10 cur=-0.02 thr=0.25 margin=-0.27; ret10_non_positive cur=-0.02
1772085100.000,035420,CLOSE,261000.0000,0.000,24,115562500,0.470,0.383,0.000,NO_BUY,reject=ret cur=0.00 thr=0.15 margin=-0.15 relax=0.00 | all=ret cur=0.00 thr=0.15 margin=-0.15 relax=0.00; ret10 cur=0.00 thr=0.25 margin=-0.25; ret10_non_positive cur=0.00
1772085101.000,233740,CLOSE,20305.0000,0.000,49,234074600,0.500,0.000,0.000,NO_BUY,reject=ret cur=0.00 thr=0.15 margin=-0.15 relax=0.00 | all=ret cur=0.00 thr=0.15 margin=-0.15 relax=0.00; ret10 cur=0.00 thr=0.25 margin=-0.25; ret10_non_positive cur=0.00
1772085102.000,058470,CLOSE,105800.0000,0.095,7,4762400,0.500,0.000,0.000,NO_BUY,reject=ret cur=0.09 thr=0.15 margin=-0.06 relax=0.00 | all=ret cur=0.09 thr=0.15 margin=-0.06 relax=0.00; ret10 cur=0.09 thr=0.25 margin=-0.16
1772085102.000,310210,CLOSE,316000.0000,0.079,3,1262500,0.500,0.000,0.000,NO_BUY,reject=ret cur=0.08 thr=0.15 margin=-0.07 relax=0.00 | all=ret cur=0.08 thr=0.15 margin=-0.07 relax=0.00; ticks cur=3 thr=4 margin=-1; ret10 cur=0.08 thr=0.25 margin=-0.17
1772085102.000,336260,CLOSE,39850.0000,0.126,2,1154250,0.500,0.000,0.000,NO_BUY,reject=ret cur=0.13 thr=0.15 margin=-0.02 relax=0.00 | all=ret cur=0.13 thr=0.15 margin=-0.02 relax=0.00; ticks cur=2 thr=4 margin=-2; ret10 cur=0.13 thr=0.25 margin=-0.12
1772085103.000,005930,CLOSE,216500.0000,0.000,163,1556157750,0.455,0.231,0.000,NO_BUY,reject=ret cur=0.00 thr=0.15 margin=-0.15 relax=0.00 | all=ret cur=0.00 thr=0.15 margin=-0.15 relax=0.00; ret10 cur=0.00 thr=0.25 margin=-0.25; ret10_non_positive cur=0.00
1772085103.000,039030,CLOSE,415500.0000,0.120,3,1661500,0.168,0.120,0.000,NO_BUY,reject=ret cur=0.12 thr=0.15 margin=-0.03 relax=0.00 | all=ret cur=0.12 thr=0.15 margin=-0.03 relax=0.00; ticks cur=3 thr=4 margin=-1; ret10 cur=0.12 thr=0.25 margin=-0.13
1772085103.000,124500,CLOSE,59400.0000,0.168,12,31827200,0.500,0.000,0.000,NO_BUY,reject=ret10 cur=0.17 thr=0.25 margin=-0.08 | all=ret10 cur=0.17 thr=0.25 margin=-0.08
1772085104.000,377300,CLOSE,68900.0000,0.000,21,19696250,0.500,0.000,0.000,NO_BUY,reject=ret cur=0.00 thr=0.15 margin=-0.15 relax=0.00 | all=ret cur=0.00 thr=0.15 margin=-0.15 relax=0.00; ret10 cur=0.00 thr=0.25 margin=-0.25; ret10_non_positive cur=0.00
1772085106.000,035720,CLOSE,61500.0000,-0.162,26,86366800,0.160,0.162,0.000,NO_BUY,reject=ret cur=-0.16 thr=0.15 margin=-0.31 relax=0.00 | all=ret cur=-0.16 thr=0.15 margin=-0.31 relax=0.00; ret10 cur=-0.16 thr=0.25 margin=-0.41; ret10_non_positive cur=-0.16
1772085106.000,187660,CLOSE,19230.0000,0.365,151,553373575,0.500,0.000,0.000,NO_BUY,confirm_wait 0.1s
1772085108.000,066570,CLOSE,147100.0000,0.034,50,170654350,0.500,0.000,0.000,NO_BUY,reject=ret cur=0.03 thr=0.15 margin=-0.12 relax=0.00 | all=ret cur=0.03 thr=0.15 margin=-0.12 relax=0.00; ret10 cur=0.03 thr=0.25 margin=-0.22
1772085109.000,064400,CLOSE,74400.0000,0.000,24,64565500,0.242,0.269,0.000,NO_BUY,reject=ret cur=0.00 thr=0.15 margin=-0.15 relax=0.00 | all=ret cur=0.00 thr=0.15 margin=-0.15 relax=0.00; ret10 cur=0.00 thr=0.25 margin=-0.25; ret10_non_positive cur=0.00
1772085110.000,475830,CLOSE,125200.0000,-0.238,77,273737800,0.500,0.000,0.000,NO_BUY,reject=ret cur=-0.24 thr=0.15 margin=-0.39 relax=0.00 | all=ret cur=-0.24 thr=0.15 margin=-0.39 relax=0.00; ret10 cur=-0.24 thr=0.25 margin=-0.49; ret10_non_positive cur=-0.24
1772085111.000,103590,CLOSE,88500.0000,0.000,5,10089000,0.634,0.113,0.000,NO_BUY,reject=ret cur=0.00 thr=0.15 margin=-0.15 relax=0.00 | all=ret cur=0.00 thr=0.15 margin=-0.15 relax=0.00; ret10 cur=0.00 thr=0.25 margin=-0.25; ret10_non_positive cur=0.00
1772085111.000,001500,CLOSE,13380.0000,0.000,2,2354880,0.500,0.000,0.000,NO_BUY,reject=ret cur=0.00 thr=0.15 margin=-0.15 relax=0.00 | all=ret cur=0.00 thr=0.15 margin=-0.15 relax=0.00; ticks cur=2 thr=4 margin=-2; ret10 cur=0.00 thr=0.25 margin=-0.25; ret10_non_positive cur=0.00
1772085112.000,086520,CLOSE,184700.0000,-0.054,24,125590700,0.500,0.000,0.000,NO_BUY,reject=ret cur=-0.05 thr=0.15 margin=-0.20 relax=0.00 | all=ret cur=-0.05 thr=0.15 margin=-0.20 relax=0.00; ret10 cur=-0.05 thr=0.25 margin=-0.30; ret10_non_positive cur=-0.05
1772085113.000,122630,CLOSE,112105.0000,-0.018,135,705566480,0.500,0.000,0.000,NO_BUY,reject=ret cur=-0.02 thr=0.15 margin=-0.17 relax=0.00 | all=ret cur=-0.02 thr=0.15 margin=-0.17 relax=0.00; ret10 cur=-0.02 thr=0.25 margin=-0.27; ret10_non_positive cur=-0.02
1772085114.000,229200,CLOSE,20980.0000,0.000,94,151269410,0.500,0.000,0.000,NO_BUY,reject=ret cur=0.00 thr=0.15 margin=-0.15 relax=0.00 | all=ret cur=0.00 thr=0.15 margin=-0.15 relax=0.00; ret10 cur=0.00 thr=0.25 margin=-0.25; ret10_non_positive cur=0.00
1772085114.000,002020,CLOSE,71200.0000,0.000,2,213600,0.500,0.000,0.000,NO_BUY,reject=ret cur=0.00 thr=0.15 margin=-0.15 relax=0.00 | all=ret cur=0.00 thr=0.15 margin=-0.15 relax=0.00; ticks cur=2 thr=4 margin=-2; ret10 cur=0.00 thr=0.25 margin=-0.25; ret10_non_positive cur=0.00
1772085115.000,064760,CLOSE,235500.0000,0.000,7,6127500,0.500,0.000,0.000,NO_BUY,reject=ret cur=0.00 thr=0.15 margin=-0.15 relax=0.00 | all=ret cur=0.00 thr=0.15 margin=-0.15 relax=0.00; ret10 cur=0.00 thr=0.25 margin=-0.25; ret10_non_positive cur=0.00
1772085116.000,005830,CLOSE,210500.0000,0.238,24,173979000,0.300,0.237,0.000,NO_BUY,reject=ret10 cur=0.24 thr=0.25 margin=-0.01 | all=ret10 cur=0.24 thr=0.25 margin=-0.01
1772085117.000,036810,CLOSE,41650.0000,0.000,4,458150,0.500,0.000,0.000,NO_BUY,reject=ret cur=0.00 thr=0.15 margin=-0.15 relax=0.00 | all=ret cur=0.00 thr=0.15 margin=-0.15 relax=0.00; ret10 cur=0.00 thr=0.25 margin=-0.25; ret10_non_positive cur=0.00
1772085120.000,035420,CLOSE,260500.0000,0.192,28,90992500,0.521,0.192,0.000,NO_BUY,reject=ret10 cur=0.19 thr=0.25 margin=-0.06 | all=ret10 cur=0.19 thr=0.25 margin=-0.06
1772085120.000,396500,CLOSE,34775.0000,0.014,130,1064736380,0.500,0.000,0.000,NO_BUY,reject=ret cur=0.01 thr=0.15 margin=-0.14 relax=0.00 | all=ret cur=0.01 thr=0.15 margin=-0.14 relax=0.00; ret10 cur=0.01 thr=0.25 margin=-0.24
1772085121.000,233740,CLOSE,20305.0000,0.049,80,705794850,0.500,0.000,0.000,NO_BUY,reject=ret cur=0.05 thr=0.15 margin=-0.10 relax=0.00 | all=ret cur=0.05 thr=0.15 margin=-0.10 relax=0.00; ret10 cur=0.05 thr=0.25 margin=-0.20
1772085121.000,042520,CLOSE,50700.0000,0.000,8,15152600,0.500,0.000,0.000,NO_BUY,reject=ret cur=0.00 thr=0.15 margin=-0.15 relax=0.00 | all=ret cur=0.00 thr=0.15 margin=-0.15 relax=0.00; ret10 cur=0.00 thr=0.25 margin=-0.25; ret10_non_positive cur=0.00
1772085122.000,310210,CLOSE,316000.0000,0.000,5,5688000,0.500,0.000,0.000,NO_BUY,reject=ret cur=0.00 thr=0.15 margin=-0.15 relax=0.00 | all=ret cur=0.00 thr=0.15 margin=-0.15 relax=0.00; ret10 cur=0.00 thr=0.25 margin=-0.25; ret10_non_positive cur=0.00
1772085122.000,336260,CLOSE,39850.0000,0.000,13,1195500,0.500,0.000,0.000,NO_BUY,reject=ret cur=0.00 thr=0.15 margin=-0.15 relax=0.00 | all=ret cur=0.00 thr=0.15 margin=-0.15 relax=0.00; ret10 cur=0.00 thr=0.25 margin=-0.25; ret10_non_positive cur=0.00
1772085123.000,005930,CLOSE,216750.0000,0.000,173,1553558000,0.452,0.231,0.000,NO_BUY,reject=ret cur=0.00 thr=0.15 margin=-0.15 relax=0.00 | all=ret cur=0.00 thr=0.15 margin=-0.15 relax=0.00; ret10 cur=0.00 thr=0.25 margin=-0.25; ret10_non_positive cur=0.00
1772085123.000,241770,CLOSE,28500.0000,0.000,2,57000,0.500,0.000,0.000,NO_BUY,reject=ret cur=0.00 thr=0.15 margin=-0.15 relax=0.00 | all=ret cur=0.00 thr=0.15 margin=-0.15 relax=0.00; ticks cur=2 thr=4 margin=-2; ret10 cur=0.00 thr=0.25 margin=-0.25; ret10_non_positive cur=0.00
1772085123.000,124500,CLOSE,59500.0000,0.000,2,2257200,0.500,0.000,0.000,NO_BUY,reject=ret cur=0.00 thr=0.15 margin=-0.15 relax=0.00 | all=ret cur=0.00 thr=0.15 margin=-0.15 relax=0.00; ticks cur=2 thr=4 margin=-2; ret10 cur=0.00 thr=0.25 margin=-0.25; ret10_non_positive cur=0.00
1772085124.000,039030,CLOSE,415000.0000,0.000,4,2908500,0.174,0.120,0.000,NO_BUY,reject=ret cur=0.00 thr=0.15 margin=-0.15 relax=0.00 | all=ret cur=0.00 thr=0.15 margin=-0.15 relax=0.00; ret10 cur=0.00 thr=0.25 margin=-0.25; ret10_non_positive cur=0.00
1772085124.000,377300,CLOSE,68800.0000,-0.145,12,29378900,0.500,0.000,0.000,NO_BUY,reject=ret cur=-0.15 thr=0.15 margin=-0.30 relax=0.00 | all=ret cur=-0.15 thr=0.15 margin=-0.30 relax=0.00; ret10 cur=-0.15 thr=0.25 margin=-0.40; ret10_non_positive cur=-0.15
1772085125.000,058470,CLOSE,105900.0000,0.095,15,81049400,0.500,0.000,0.000,NO_BUY,reject=ret cur=0.09 thr=0.15 margin=-0.06 relax=0.00 | all=ret cur=0.09 thr=0.15 margin=-0.06 relax=0.00; ret10 cur=0.09 thr=0.25 margin=-0.16
1772085125.000,294570,CLOSE,33650.0000,-0.149,2,67250,0.500,0.000,0.000,NO_BUY,reject=ret cur=-0.15 thr=0.15 margin=-0.30 relax=0.00 | all=ret cur=-0.15 thr=0.15 margin=-0.30 relax=0.00; ticks cur=2 thr=4 margin=-2; ret10 cur=-0.15 thr=0.25 margin=-0.40; ret10_non_positive cur=-0.15
1772085126.000,187660,CLOSE,19390.0000,0.518,211,560470825,0.500,0.000,0.000,NO_BUY,reject=orderbook_stale age=1772085126.00s max=1.00s | all=orderbook_stale age=1772085126.00s max=1.00s
1772085126.000,009900,CLOSE,11500.0000,0.000,5,2541500,0.500,0.000,0.000,NO_BUY,reject=ret cur=0.00 thr=0.15 margin=-0.15 relax=0.00 | all=ret cur=0.00 thr=0.15 margin=-0.15 relax=0.00; ret10 cur=0.00 thr=0.25 margin=-0.25; ret10_non_positive cur=0.00
1772085126.000,035720,CLOSE,61550.0000,0.163,41,64241700,0.162,0.162,0.000,NO_BUY,reject=ret10 cur=0.16 thr=0.25 margin=-0.09 | all=ret10 cur=0.16 thr=0.25 margin=-0.09
1772085128.000,066570,CLOSE,147000.0000,0.000,36,41328700,0.500,0.000,0.000,NO_BUY,reject=ret cur=0.00 thr=0.15 margin=-0.15 relax=0.00 | all=ret cur=0.00 thr=0.15 margin=-0.15 relax=0.00; ret10 cur=0.00 thr=0.25 margin=-0.25; ret10_non_positive cur=0.00
1772085129.000,064400,CLOSE,74200.0000,-0.135,22,45329800,0.265,0.135,0.000,NO_BUY,reject=ret cur=-0.13 thr=0.15 margin=-0.28 relax=0.00 | all=ret cur=-0.13 thr=0.15 margin=-0.28 relax=0.00; ret10 cur=-0.13 thr=0.25 margin=-0.38; ret10_non_positive cur=-0.13
1772085132.000,103590,CLOSE,88500.0000,0.000,3,708700,0.634,0.113,0.000,NO_BUY,reject=ret cur=0.00 thr=0.15 margin=-0.15 relax=0.00 | all=ret cur=0.00 thr=0.15 margin=-0.15 relax=0.00; ticks cur=3 thr=4 margin=-1; ret10 cur=0.00 thr=0.25 margin=-0.25; ret10_non_positive cur=0.00
1772085132.000,086520,CLOSE,184500.0000,-0.054,30,56119500,0.500,0.000,0.000,NO_BUY,reject=ret cur=-0.05 thr=0.15 margin=-0.20 relax=0.00 | all=ret cur=-0.05 thr=0.15 margin=-0.20 relax=0.00; ret10 cur=-0.05 thr=0.25 margin=-0.30; ret10_non_positive cur=-0.05
1772085133.000,122630,CLOSE,112025.0000,-0.103,200,1076535085,0.500,0.000,0.000,NO_BUY,reject=ret cur=-0.10 thr=0.15 margin=-0.25 relax=0.00 | all=ret cur=-0.10 thr=0.15 margin=-0.25 relax=0.00; ret10 cur=-0.10 thr=0.25 margin=-0.35; ret10_non_positive cur=-0.10
1772085134.000,229200,CLOSE,20965.0000,-0.024,310,624368795,0.500,0.000,0.000,NO_BUY,reject=ret cur=-0.02 thr=0.15 margin=-0.17 relax=0.00 | all=ret cur=-0.02 thr=0.15 margin=-0.17 relax=0.00; ret10 cur=-0.02 thr=0.25 margin=-0.27; ret10_non_positive cur=-0.02
1772085135.000,064760,CLOSE,235500.0000,0.000,3,9145500,0.500,0.000,0.000,NO_BUY,reject=ret cur=0.00 thr=0.15 margin=-0.15 relax=0.00 | all=ret cur=0.00 thr=0.15 margin=-0.15 relax=0.00; ticks cur=3 thr=4 margin=-1; ret10 cur=0.00 thr=0.25 margin=-0.25; ret10_non_positive cur=0.00
1772085136.000,002020,CLOSE,71200.0000,0.000,8,2634400,0.500,0.000,0.000,NO_BUY,reject=ret cur=0.00 thr=0.15 margin=-0.15 relax=0.00 | all=ret cur=0.00 thr=0.15 margin=-0.15 relax=0.00; ret10 cur=0.00 thr=0.25 margin=-0.25; ret10_non_positive cur=0.00
1772085136.000,005830,CLOSE,210500.0000,0.000,11,17718500,0.308,0.237,0.000,NO_BUY,reject=ret cur=0.00 thr=0.15 margin=-0.15 relax=0.00 | all=ret cur=0.00 thr=0.15 margin=-0.15 relax=0.00; ret10 cur=0.00 thr=0.25 margin=-0.25; ret10_non_positive cur=0.00
1772085139.000,001500,CLOSE,13390.0000,0.000,3,1993520,0.500,0.000,0.000,NO_BUY,reject=ret cur=0.00 thr=0.15 margin=-0.15 relax=0.00 | all=ret cur=0.00 thr=0.15 margin=-0.15 relax=0.00; ticks cur=3 thr=4 margin=-1; ret10 cur=0.00 thr=0.25 margin=-0.25; ret10_non_positive cur=0.00
1772085139.000,036810,CLOSE,41650.0000,0.120,6,1123850,0.500,0.000,0.000,NO_BUY,reject=ret cur=0.12 thr=0.15 margin=-0.03 relax=0.00 | all=ret cur=0.12 thr=0.15 margin=-0.03 relax=0.00; ret10 cur=0.12 thr=0.25 margin=-0.13
1772085140.000,396500,CLOSE,34760.0000,-0.043,141,341897059,0.500,0.000,0.000,NO_BUY,reject=ret cur=-0.04 thr=0.15 margin=-0.19 relax=0.00 | all=ret cur=-0.04 thr=0.15 margin=-0.19 relax=0.00; ret10 cur=-0.04 thr=0.25 margin=-0.29; ret10_non_positive cur=-0.04
1772085140.000,035420,CLOSE,261000.0000,0.384,50,158821000,0.526,0.192,0.000,NO_BUY,confirm_wait 0.1s
1772085141.000,233740,CLOSE,20255.0000,-0.197,711,1457882720,0.500,0.000,0.000,NO_BUY,reject=ret cur=-0.20 thr=0.15 margin=-0.35 relax=0.00 | all=ret cur=-0.20 thr=0.15 margin=-0.35 relax=0.00; ret10 cur=-0.20 thr=0.25 margin=-0.45; ret10_non_positive cur=-0.20
1772085141.000,089890,CLOSE,25400.0000,0.000,2,304200,0.500,0.000,0.000,NO_BUY,reject=ret cur=0.00 thr=0.15 margin=-0.15 relax=0.00 | all=ret cur=0.00 thr=0.15 margin=-0.15 relax=0.00; ticks cur=2 thr=4 margin=-2; ret10 cur=0.00 thr=0.25 margin=-0.25; ret10_non_positive cur=0.00
1772085142.000,336260,CLOSE,39850.0000,0.126,4,1115500,0.500,0.000,0.000,NO_BUY,reject=ret cur=0.13 thr=0.15 margin=-0.02 relax=0.00 | all=ret cur=0.13 thr=0.15 margin=-0.02 relax=0.00; ret10 cur=0.13 thr=0.25 margin=-0.12
1772085143.000,005930,CLOSE,216750.0000,0.115,171,6586561500,0.440,0.231,0.000,NO_BUY,reject=ret cur=0.12 thr=0.15 margin=-0.03 relax=0.00 | all=ret cur=0.12 thr=0.15 margin=-0.03 relax=0.00; ret10 cur=0.12 thr=0.25 margin=-0.13
1772085143.000,310210,CLOSE,314000.0000,-0.475,10,31515000,0.500,0.000,0.000,NO_BUY,reject=ret cur=-0.48 thr=0.15 margin=-0.63 relax=0.00 | all=ret cur=-0.48 thr=0.15 margin=-0.63 relax=0.00; ret10 cur=-0.48 thr=0.25 margin=-0.73; ret10_non_positive cur=-0.48
1772085144.000,039030,CLOSE,415000.0000,0.121,16,43570500,0.129,0.121,0.000,NO_BUY,reject=ret cur=0.12 thr=0.15 margin=-0.03 relax=0.00 | all=ret cur=0.12 thr=0.15 margin=-0.03 relax=0.00; ret10 cur=0.12 thr=0.25 margin=-0.13
1772085144.000,377300,CLOSE,68800.0000,0.000,17,14165900,0.500,0.000,0.000,NO_BUY,reject=ret cur=0.00 thr=0.15 margin=-0.15 relax=0.00 | all=ret cur=0.00 thr=0.15 margin=-0.15 relax=0.00; ret10 cur=0.00 thr=0.25 margin=-0.25; ret10_non_positive cur=0.00
1772085145.000,124500,CLOSE,59500.0000,0.000,2,1011500,0.500,0.000,0.000,NO_BUY,reject=ret cur=0.00 thr=0.15 margin=-0.15 relax=0.00 | all=ret cur=0.00 thr=0.15 margin=-0.15 relax=0.00; ticks cur=2 thr=4 margin=-2; ret10 cur=0.00 thr=0.25 margin=-0.25; ret10_non_positive cur=0.00
1772085146.000,058470,CLOSE,105600.0000,-0.095,31,118546500,0.500,0.000,0.000,NO_BUY,reject=ret cur=-0.09 thr=0.15 margin=-0.24 relax=0.00 | all=ret cur=-0.09 thr=0.15 margin=-0.24 relax=0.00; ret10 cur=-0.09 thr=0.25 margin=-0.34; ret10_non_positive cur=-0.09
1772085146.000,035720,CLOSE,61600.0000,0.000,42,129000100,0.164,0.162,0.000,NO_BUY,reject=ret cur=0.00 thr=0.15 margin=-0.15 relax=0.00 | all=ret cur=0.00 thr=0.15 margin=-0.15 relax=0.00; ret10 cur=0.00 thr=0.25 margin=-0.25; ret10_non_positive cur=0.00
1772085146.000,187660,CLOSE,19130.0000,-1.443,339,1128497155,0.500,0.000,0.000,NO_BUY,reject=ret cur=-1.44 thr=0.15 margin=-1.59 relax=0.00 | all=ret cur=-1.44 thr=0.15 margin=-1.59 relax=0.00; ret10 cur=-1.44 thr=0.25 margin=-1.69; ret10_non_positive cur=-1.44
1772085147.000,009900,CLOSE,11500.0000,0.000,2,1161500,0.500,0.000,0.000,NO_BUY,reject=ret cur=0.00 thr=0.15 margin=-0.15 relax=0.00 | all=ret cur=0.00 thr=0.15 margin=-0.15 relax=0.00; ticks cur=2 thr=4 margin=-2; ret10 cur=0.00 thr=0.25 margin=-0.25; ret10_non_positive cur=0.00
1772085148.000,066570,CLOSE,146700.0000,0.000,73,277101150,0.500,0.000,0.000,NO_BUY,reject=ret cur=0.00 thr=0.15 margin=-0.15 relax=0.00 | all=ret cur=0.00 thr=0.15 margin=-0.15 relax=0.00; ret10 cur=0.00 thr=0.25 margin=-0.25; ret10_non_positive cur=0.00
1772085150.000,064400,CLOSE,74300.0000,0.000,18,27560900,0.500,0.000,0.000,NO_BUY,reject=ret cur=0.00 thr=0.15 margin=-0.15 relax=0.00 | all=ret cur=0.00 thr=0.15 margin=-0.15 relax=0.00; ret10 cur=0.00 thr=0.25 margin=-0.25; ret10_non_positive cur=0.00
1772085152.000,086520,CLOSE,184300.0000,-0.054,73,181367400,0.500,0.000,0.000,NO_BUY,reject=ret cur=-0.05 thr=0.15 margin=-0.20 relax=0.00 | all=ret cur=-0.05 thr=0.15 margin=-0.20 relax=0.00; ret10 cur=-0.05 thr=0.25 margin=-0.30; ret10_non_positive cur=-0.05
1772085153.000,122630,CLOSE,112050.0000,0.027,144,571247440,0.500,0.000,0.000,NO_BUY,reject=ret cur=0.03 thr=0.15 margin=-0.12 relax=0.00 | all=ret cur=0.03 thr=0.15 margin=-0.12 relax=0.00; ret10 cur=0.03 thr=0.25 margin=-0.22
1772085153.000,103590,CLOSE,88500.0000,-0.113,7,8947400,0.641,0.113,0.000,NO_BUY,reject=ret cur=-0.11 thr=0.15 margin=-0.26 relax=0.00 | all=ret cur=-0.11 thr=0.15 margin=-0.26 relax=0.00; ret10 cur=-0.11 thr=0.25 margin=-0.36; ret10_non_positive cur=-0.11
1772085154.000,229200,CLOSE,20950.0000,0.024,131,186680512,0.500,0.000,0.000,NO_BUY,reject=ret cur=0.02 thr=0.15 margin=-0.13 relax=0.00 | all=ret cur=0.02 thr=0.15 margin=-0.13 relax=0.00; ret10 cur=0.02 thr=0.25 margin=-0.23
1772085156.000,005830,CLOSE,210500.0000,-0.237,7,20254000,0.291,0.237,0.000,NO_BUY,reject=ret cur=-0.24 thr=0.15 margin=-0.39 relax=0.00 | all=ret cur=-0.24 thr=0.15 margin=-0.39 relax=0.00; ret10 cur=-0.24 thr=0.25 margin=-0.49; ret10_non_positive cur=-0.24
1772085156.000,064760,CLOSE,235000.0000,0.213,7,7514000,0.500,0.000,0.000,NO_BUY,reject=ret10 cur=0.21 thr=0.25 margin=-0.04 | all=ret10 cur=0.21 thr=0.25 margin=-0.04
1772085158.000,042520,CLOSE,50700.0000,0.000,2,405600,0.500,0.000,0.000,NO_BUY,reject=ret cur=0.00 thr=0.15 margin=-0.15 relax=0.00 | all=ret cur=0.00 thr=0.15 margin=-0.15 relax=0.00; ticks cur=2 thr=4 margin=-2; ret10 cur=0.00 thr=0.25 margin=-0.25; ret10_non_positive cur=0.00
1772085159.000,036810,CLOSE,41600.0000,0.120,8,2707050,0.500,0.000,0.000,NO_BUY,reject=ret cur=0.12 thr=0.15 margin=-0.03 relax=0.00 | all=ret cur=0.12 thr=0.15 margin=-0.03 relax=0.00; ret10 cur=0.12 thr=0.25 margin=-0.13
1772085160.000,035420,CLOSE,261000.0000,-0.191,29,94031000,0.523,0.192,0.000,NO_BUY,reject=ret cur=-0.19 thr=0.15 margin=-0.34 relax=0.00 | all=ret cur=-0.19 thr=0.15 margin=-0.34 relax=0.00; ret10 cur=-0.19 thr=0.25 margin=-0.44; ret10_non_positive cur=-0.19
1772085160.000,396500,CLOSE,34770.0000,0.043,54,157430930,0.500,0.000,0.000,NO_BUY,reject=ret cur=0.04 thr=0.15 margin=-0.11 relax=0.00 | all=ret cur=0.04 thr=0.15 margin=-0.11 relax=0.00; ret10 cur=0.04 thr=0.25 margin=-0.21
1772085161.000,233740,CLOSE,20260.0000,0.124,95,452808270,0.500,0.000,0.000,NO_BUY,reject=ret cur=0.12 thr=0.15 margin=-0.03 relax=0.00 | all=ret cur=0.12 thr=0.15 margin=-0.03 relax=0.00; ret10 cur=0.12 thr=0.25 margin=-0.13
1772085162.000,336260,CLOSE,39850.0000,0.126,5,7124550,0.500,0.000,0.000,NO_BUY,reject=ret cur=0.13 thr=0.15 margin=-0.02 relax=0.00 | all=ret cur=0.13 thr=0.15 margin=-0.02 relax=0.00; ret10 cur=0.13 thr=0.25 margin=-0.12
1772085163.000,005930,CLOSE,216500.0000,0.000,143,2502277750,0.440,0.231,0.000,NO_BUY,reject=ret cur=0.00 thr=0.15 margin=-0.15 relax=0.00 | all=ret cur=0.00 thr=0.15 margin=-0.15 relax=0.00; ret10 cur=0.00 thr=0.25 margin=-0.25; ret10_non_positive cur=0.00
1772085164.000,002020,CLOSE,71200.0000,0.000,3,996800,0.500,0.000,0.000,NO_BUY,reject=ret cur=0.00 thr=0.15 margin=-0.15 relax=0.00 | all=ret cur=0.00 thr=0.15 margin=-0.15 relax=0.00; ticks cur=3 thr=4 margin=-1; ret10 cur=0.00 thr=0.25 margin=-0.25; ret10_non_positive cur=0.00
1772085164.000,377300,CLOSE,68700.0000,0.000,11,5228200,0.500,0.000,0.000,NO_BUY,reject=ret cur=0.00 thr=0.15 margin=-0.15 relax=0.00 | all=ret cur=0.00 thr=0.15 margin=-0.15 relax=0.00; ret10 cur=0.00 thr=0.25 margin=-0.25; ret10_non_positive cur=0.00
1772085165.000,310210,CLOSE,315500.0000,-0.317,5,19833500,0.500,0.000,0.000,NO_BUY,reject=ret cur=-0.32 thr=0.15 margin=-0.47 relax=0.00 | all=ret cur=-0.32 thr=0.15 margin=-0.47 relax=0.00; ret10 cur=-0.32 thr=0.25 margin=-0.57; ret10_non_positive cur=-0.32
1772085166.000,058470,CLOSE,105700.0000,0.000,31,53895900,0.500,0.000,0.000,NO_BUY,reject=ret cur=0.00 thr=0.15 margin=-0.15 relax=0.00 | all=ret cur=0.00 thr=0.15 margin=-0.15 relax=0.00; ret10 cur=0.00 thr=0.25 margin=-0.25; ret10_non_positive cur=0.00
1772085166.000,039030,CLOSE,415000.0000,0.000,4,10374500,0.198,0.121,0.000,NO_BUY,reject=ret cur=0.00 thr=0.15 margin=-0.15 relax=0.00 | all=ret cur=0.00 thr=0.15 margin=-0.15 relax=0.00; ret10 cur=0.00 thr=0.25 margin=-0.25; ret10_non_positive cur=0.00
1772085166.000,035720,CLOSE,61600.0000,0.000,31,155972100,0.164,0.162,0.000,NO_BUY,reject=ret cur=0.00 thr=0.15 margin=-0.15 relax=0.00 | all=ret cur=0.00 thr=0.15 margin=-0.15 relax=0.00; ret10 cur=0.00 thr=0.25 margin=-0.25; ret10_non_positive cur=0.00
1772085166.000,187660,CLOSE,19290.0000,0.574,120,168069200,0.500,0.000,0.000,NO_BUY,early_score 89.7<118.0 trvR=0.29 dd=0.31% hh=11 imb2s=0.00
1772085168.000,066570,CLOSE,146700.0000,0.000,51,118663000,0.500,0.000,0.000,NO_BUY,reject=ret cur=0.00 thr=0.15 margin=-0.15 relax=0.00 | all=ret cur=0.00 thr=0.15 margin=-0.15 relax=0.00; ret10 cur=0.00 thr=0.25 margin=-0.25; ret10_non_positive cur=0.00
1772085168.000,009900,CLOSE,11480.0000,-0.087,6,5695620,0.500,0.000,0.000,NO_BUY,reject=ret cur=-0.09 thr=0.15 margin=-0.24 relax=0.00 | all=ret cur=-0.09 thr=0.15 margin=-0.24 relax=0.00; ret10 cur=-0.09 thr=0.25 margin=-0.34; ret10_non_positive cur=-0.09
1772085169.000,161580,CLOSE,54100.0000,0.000,3,973800,0.500,0.000,0.000,NO_BUY,reject=ret cur=0.00 thr=0.15 margin=-0.15 relax=0.00 | all=ret cur=0.00 thr=0.15 margin=-0.15 relax=0.00; ticks cur=3 thr=4 margin=-1; ret10 cur=0.00 thr=0.25 margin=-0.25; ret10_non_positive cur=0.00
1772085170.000,064400,CLOSE,74200.0000,0.000,22,59064000,0.269,0.135,0.000,NO_BUY,reject=ret cur=0.00 thr=0.15 margin=-0.15 relax=0.00 | all=ret cur=0.00 thr=0.15 margin=-0.15 relax=0.00; ret10 cur=0.00 thr=0.25 margin=-0.25; ret10_non_positive cur=0.00
1772085172.000,086520,CLOSE,184100.0000,-0.109,39,135176050,0.500,0.000,0.000,NO_BUY,reject=ret cur=-0.11 thr=0.15 margin=-0.26 relax=0.00 | all=ret cur=-0.11 thr=0.15 margin=-0.26 relax=0.00; ret10 cur=-0.11 thr=0.25 margin=-0.36; ret10_non_positive cur=-0.11
1772085172.000,001500,CLOSE,13370.0000,0.000,6,35082880,0.500,0.000,0.000,NO_BUY,reject=ret cur=0.00 thr=0.15 margin=-0.15 relax=0.00 | all=ret cur=0.00 thr=0.15 margin=-0.15 relax=0.00; ret10 cur=0.00 thr=0.25 margin=-0.25; ret10_non_positive cur=0.00
1772085173.000,122630,CLOSE,112015.0000,-0.107,103,1025444790,0.500,0.000,0.000,NO_BUY,reject=ret cur=-0.11 thr=0.15 margin=-0.26 relax=0.00 | all=ret cur=-0.11 thr=0.15 margin=-0.26 relax=0.00; ret10 cur=-0.11 thr=0.25 margin=-0.36; ret10_non_positive cur=-0.11
1772085174.000,229200,CLOSE,20955.0000,0.000,74,92843762,0.500,0.000,0.000,NO_BUY,reject=ret cur=0.00 thr=0.15 margin=-0.15 relax=0.00 | all=ret cur=0.00 thr=0.15 margin=-0.15 relax=0.00; ret10 cur=0.00 thr=0.25 margin=-0.25; ret10_non_positive cur=0.00
1772085175.000,103590,CLOSE,88600.0000,0.000,12,23720600,0.627,0.113,0.000,NO_BUY,reject=ret cur=0.00 thr=0.15 margin=-0.15 relax=0.00 | all=ret cur=0.00 thr=0.15 margin=-0.15 relax=0.00; ret10 cur=0.00 thr=0.25 margin=-0.25; ret10_non_positive cur=0.00
1772085176.000,005830,CLOSE,210000.0000,0.238,14,71541500,0.269,0.238,0.000,NO_BUY,reject=ret10 cur=0.24 thr=0.25 margin=-0.01 | all=ret10 cur=0.24 thr=0.25 margin=-0.01
1772085177.000,064760,CLOSE,235500.0000,0.213,2,470500,0.500,0.000,0.000,NO_BUY,reject=ticks cur=2 thr=4 margin=-2 | all=ticks cur=2 thr=4 margin=-2; ret10 cur=0.21 thr=0.25 margin=-0.04
1772085179.000,042520,CLOSE,50800.0000,0.000,4,4205100,0.500,0.000,0.000,NO_BUY,reject=ret cur=0.00 thr=0.15 margin=-0.15 relax=0.00 | all=ret cur=0.00 thr=0.15 margin=-0.15 relax=0.00; ret10 cur=0.00 thr=0.25 margin=-0.25; ret10_non_positive cur=0.00
1772085180.000,035420,CLOSE,261000.0000,0.192,36,195392000,0.444,0.191,0.000,NO_BUY,reject=ret10 cur=0.19 thr=0.25 margin=-0.06 | all=ret10 cur=0.19 thr=0.25 margin=-0.06
1772085180.000,396500,CLOSE,34755.0000,-0.043,109,945368125,0.500,0.000,0.000,NO_BUY,reject=ret cur=-0.04 thr=0.15 margin=-0.19 relax=0.00 | all=ret cur=-0.04 thr=0.15 margin=-0.19 relax=0.00; ret10 cur=-0.04 thr=0.25 margin=-0.29; ret10_non_positive cur=-0.04
1772085180.000,036810,CLOSE,41700.0000,-0.120,8,2375300,0.500,0.000,0.000,NO_BUY,reject=ret cur=-0.12 thr=0.15 margin=-0.27 relax=0.00 | all=ret cur=-0.12 thr=0.15 margin=-0.27 relax=0.00; ret10 cur=-0.12 thr=0.25 margin=-0.37; ret10_non_positive cur=-0.12
1772085181.000,233740,CLOSE,20260.0000,0.049,89,605302185,0.500,0.000,0.000,NO_BUY,reject=ret cur=0.05 thr=0.15 margin=-0.10 relax=0.00 | all=ret cur=0.05 thr=0.15 margin=-0.10 relax=0.00; ret10 cur=0.05 thr=0.25 margin=-0.20
1772085183.000,005930,CLOSE,216500.0000,0.000,185,1643613750,0.439,0.231,0.000,NO_BUY,reject=ret cur=0.00 thr=0.15 margin=-0.15 relax=0.00 | all=ret cur=0.00 thr=0.15 margin=-0.15 relax=0.00; ret10 cur=0.00 thr=0.25 margin=-0.25; ret10_non_positive cur=0.00
1772085185.000,377300,CLOSE,68800.0000,-0.145,13,9500100,0.500,0.000,0.000,NO_BUY,reject=ret cur=-0.15 thr=0.15 margin=-0.30 relax=0.00 | all=ret cur=-0.15 thr=0.15 margin=-0.30 relax=0.00; ret10 cur=-0.15 thr=0.25 margin=-0.40; ret10_non_positive cur=-0.15
1772085185.000,310210,CLOSE,315000.0000,0.159,2,6624500,0.500,0.000,0.000,NO_BUY,reject=ticks cur=2 thr=4 margin=-2 | all=ticks cur=2 thr=4 margin=-2; ret10 cur=0.16 thr=0.25 margin=-0.09
1772085185.000,336260,CLOSE,39800.0000,0.000,3,1432950,0.500,0.000,0.000,NO_BUY,reject=ret cur=0.00 thr=0.15 margin=-0.15 relax=0.00 | all=ret cur=0.00 thr=0.15 margin=-0.15 relax=0.00; ticks cur=3 thr=4 margin=-1; ret10 cur=0.00 thr=0.25 margin=-0.25; ret10_non_positive cur=0.00
1772085186.000,058470,CLOSE,106100.0000,0.379,67,392785100,0.500,0.000,0.000,NO_BUY,pullback_wait cur=106100.00 peak=106100.00 pb_thr=105887.80 reb_thr=106046.95 pulled=0
1772085186.000,187660,CLOSE,19300.0000,0.000,135,238466340,0.500,0.000,0.000,NO_BUY,reject=ret cur=0.00 thr=0.15 margin=-0.15 relax=0.00 | all=ret cur=0.00 thr=0.15 margin=-0.15 relax=0.00; ret10 cur=0.00 thr=0.25 margin=-0.25; ret10_non_positive cur=0.00
1772085186.000,002020,CLOSE,71100.0000,-0.140,3,13029500,0.500,0.000,0.000,NO_BUY,reject=ret cur=-0.14 thr=0.15 margin=-0.29 relax=0.00 | all=ret cur=-0.14 thr=0.15 margin=-0.29 relax=0.00; ticks cur=3 thr=4 margin=-1; ret10 cur=-0.14 thr=0.25 margin=-0.39; ret10_non_positive cur=-0.14
1772085186.000,035720,CLOSE,61500.0000,0.000,38,38238000,0.164,0.162,0.000,NO_BUY,reject=ret cur=0.00 thr=0.15 margin=-0.15 relax=0.00 | all=ret cur=0.00 thr=0.15 margin=-0.15 relax=0.00; ret10 cur=0.00 thr=0.25 margin=-0.25; ret10_non_positive cur=0.00
1772085186.000,039030,CLOSE,415000.0000,0.120,10,38595500,0.157,0.120,0.000,NO_BUY,reject=ret cur=0.12 thr=0.15 margin=-0.03 relax=0.00 | all=ret cur=0.12 thr=0.15 margin=-0.03 relax=0.00; ret10 cur=0.12 thr=0.25 margin=-0.13
1772085188.000,066570,CLOSE,146700.0000,0.000,23,70119500,0.500,0.000,0.000,NO_BUY,reject=ret cur=0.00 thr=0.15 margin=-0.15 relax=0.00 | all=ret cur=0.00 thr=0.15 margin=-0.15 relax=0.00; ret10 cur=0.00 thr=0.25 margin=-0.25; ret10_non_positive cur=0.00
1772085191.000,064400,CLOSE,74300.0000,0.135,13,11961700,0.227,0.134,0.000,NO_BUY,reject=ret cur=0.13 thr=0.15 margin=-0.02 relax=0.00 | all=ret cur=0.13 thr=0.15 margin=-0.02 relax=0.00; ret10 cur=0.13 thr=0.25 margin=-0.12
1772085192.000,086520,CLOSE,184300.0000,0.000,25,103380300,0.500,0.000,0.000,NO_BUY,reject=ret cur=0.00 thr=0.15 margin=-0.15 relax=0.00 | all=ret cur=0.00 thr=0.15 margin=-0.15 relax=0.00; ret10 cur=0.00 thr=0.25 margin=-0.25; ret10_non_positive cur=0.00
1772085194.000,122630,CLOSE,112105.0000,0.045,55,366081355,0.500,0.000,0.000,NO_BUY,reject=ret cur=0.04 thr=0.15 margin=-0.11 relax=0.00 | all=ret cur=0.04 thr=0.15 margin=-0.11 relax=0.00; ret10 cur=0.04 thr=0.25 margin=-0.21
1772085194.000,229200,CLOSE,20955.0000,0.000,59,188976345,0.500,0.000,0.000,NO_BUY,reject=ret cur=0.00 thr=0.15 margin=-0.15 relax=0.00 | all=ret cur=0.00 thr=0.15 margin=-0.15 relax=0.00; ret10 cur=0.00 thr=0.25 margin=-0.25; ret10_non_positive cur=0.00
1772085194.000,001500,CLOSE,13360.0000,-0.075,3,9814600,0.500,0.000,0.000,NO_BUY,reject=ret cur=-0.07 thr=0.15 margin=-0.22 relax=0.00 | all=ret cur=-0.07 thr=0.15 margin=-0.22 relax=0.00; ticks cur=3 thr=4 margin=-1; ret10 cur=-0.07 thr=0.25 margin=-0.32; ret10_non_positive cur=-0.07
1772085196.000,005830,CLOSE,210500.0000,-0.238,22,88222000,0.220,0.238,0.000,NO_BUY,reject=ret cur=-0.24 thr=0.15 margin=-0.39 relax=0.00 | all=ret cur=-0.24 thr=0.15 margin=-0.39 relax=0.00; ret10 cur=-0.24 thr=0.25 margin=-0.49; ret10_non_positive cur=-0.24
1772085197.000,103590,CLOSE,88600.0000,0.113,2,177100,0.629,0.113,0.000,NO_BUY,reject=ret cur=0.11 thr=0.15 margin=-0.04 relax=0.00 | all=ret cur=0.11 thr=0.15 margin=-0.04 relax=0.00; ticks cur=2 thr=4 margin=-2; ret10 cur=0.11 thr=0.25 margin=-0.14
1772085197.000,064760,CLOSE,235000.0000,0.213,5,6588500,0.500,0.000,0.000,NO_BUY,reject=ret10 cur=0.21 thr=0.25 margin=-0.04 | all=ret10 cur=0.21 thr=0.25 margin=-0.04
1772085199.000,009900,CLOSE,11460.0000,0.087,2,5070520,0.500,0.000,0.000,NO_BUY,reject=ret cur=0.09 thr=0.15 margin=-0.06 relax=0.00 | all=ret cur=0.09 thr=0.15 margin=-0.06 relax=0.00; ticks cur=2 thr=4 margin=-2; ret10 cur=0.09 thr=0.25 margin=-0.16
1772085200.000,035420,CLOSE,261000.0000,0.000,36,35239250,0.446,0.191,0.000,NO_BUY,reject=ret cur=0.00 thr=0.15 margin=-0.15 relax=0.00 | all=ret cur=0.00 thr=0.15 margin=-0.15 relax=0.00; ret10 cur=0.00 thr=0.25 margin=-0.25; ret10_non_positive cur=0.00
1772085200.000,396500,CLOSE,34765.0000,0.000,68,892311595,0.500,0.000,0.000,NO_BUY,reject=ret cur=0.00 thr=0.15 margin=-0.15 relax=0.00 | all=ret cur=0.00 thr=0.15 margin=-0.15 relax=0.00; ret10 cur=0.00 thr=0.25 margin=-0.25; ret10_non_positive cur=0.00
1772085200.000,036810,CLOSE,41700.0000,-0.240,41,121090650,0.500,0.000,0.000,NO_BUY,reject=ret cur=-0.24 thr=0.15 margin=-0.39 relax=0.00 | all=ret cur=-0.24 thr=0.15 margin=-0.39 relax=0.00; ret10 cur=-0.24 thr=0.25 margin=-0.49; ret10_non_positive cur=-0.24
1772085200.000,042520,CLOSE,50500.0000,0.398,7,4277000,0.500,0.000,0.000,NO_BUY,confirm_wait 0.1s
1772085201.000,233740,CLOSE,20255.0000,0.025,80,637061596,0.500,0.000,0.000,NO_BUY,reject=ret cur=0.02 thr=0.15 margin=-0.13 relax=0.00 | all=ret cur=0.02 thr=0.15 margin=-0.13 relax=0.00; ret10 cur=0.02 thr=0.25 margin=-0.23
1772085201.000,241770,CLOSE,28600.0000,0.000,2,114400,0.500,0.000,0.000,NO_BUY,reject=ret cur=0.00 thr=0.15 margin=-0.15 relax=0.00 | all=ret cur=0.00 thr=0.15 margin=-0.15 relax=0.00; ticks cur=2 thr=4 margin=-2; ret10 cur=0.00 thr=0.25 margin=-0.25; ret10_non_positive cur=0.00
1772085202.000,124500,CLOSE,59500.0000,0.168,7,11525500,0.500,0.000,0.000,NO_BUY,reject=ret10 cur=0.17 thr=0.25 margin=-0.08 | all=ret10 cur=0.17 thr=0.25 margin=-0.08
1772085203.000,005930,CLOSE,216750.0000,-0.115,186,3867391000,0.437,0.231,0.000,NO_BUY,reject=ret cur=-0.12 thr=0.15 margin=-0.27 relax=0.00 | all=ret cur=-0.12 thr=0.15 margin=-0.27 relax=0.00; ret10 cur=-0.12 thr=0.25 margin=-0.37; ret10_non_positive cur=-0.12
1772085206.000,058470,CLOSE,105900.0000,-0.094,23,25533300,0.500,0.000,0.000,NO_BUY,reject=ret cur=-0.09 thr=0.15 margin=-0.24 relax=0.00 | all=ret cur=-0.09 thr=0.15 margin=-0.24 relax=0.00; ret10 cur=-0.09 thr=0.25 margin=-0.34; ret10_non_positive cur=-0.09
1772085206.000,187660,CLOSE,19240.0000,-0.259,137,247574230,0.500,0.000,0.000,NO_BUY,reject=ret cur=-0.26 thr=0.15 margin=-0.41 relax=0.00 | all=ret cur=-0.26 thr=0.15 margin=-0.41 relax=0.00; ret10 cur=-0.26 thr=0.25 margin=-0.51; ret10_non_positive cur=-0.26
1772085206.000,035720,CLOSE,61600.0000,0.000,37,64670250,0.164,0.162,0.000,NO_BUY,reject=ret cur=0.00 thr=0.15 margin=-0.15 relax=0.00 | all=ret cur=0.00 thr=0.15 margin=-0.15 relax=0.00; ret10 cur=0.00 thr=0.25 margin=-0.25; ret10_non_positive cur=0.00
1772085206.000,377300,CLOSE,68800.0000,0.000,13,19677400,0.500,0.000,0.000,NO_BUY,reject=ret cur=0.00 thr=0.15 margin=-0.15 relax=0.00 | all=ret cur=0.00 thr=0.15 margin=-0.15 relax=0.00; ret10 cur=0.00 thr=0.25 margin=-0.25; ret10_non_positive cur=0.00
1772085206.000,336260,CLOSE,39800.0000,0.000,3,2590250,0.500,0.000,0.000,NO_BUY,reject=ret cur=0.00 thr=0.15 margin=-0.15 relax=0.00 | all=ret cur=0.00 thr=0.15 margin=-0.15 relax=0.00; ticks cur=3 thr=4 margin=-1; ret10 cur=0.00 thr=0.25 margin=-0.25; ret10_non_positive cur=0.00
1772085207.000,089890,CLOSE,25400.0000,0.000,5,458000,0.500,0.000,0.000,NO_BUY,reject=ret cur=0.00 thr=0.15 margin=-0.15 relax=0.00 | all=ret cur=0.00 thr=0.15 margin=-0.15 relax=0.00; ret10 cur=0.00 thr=0.25 margin=-0.25; ret10_non_positive cur=0.00
1772085208.000,066570,CLOSE,146700.0000,-0.068,34,112964400,0.500,0.000,0.000,NO_BUY,reject=ret cur=-0.07 thr=0.15 margin=-0.22 relax=0.00 | all=ret cur=-0.07 thr=0.15 margin=-0.22 relax=0.00; ret10 cur=-0.07 thr=0.25 margin=-0.32; ret10_non_positive cur=-0.07
1772085208.000,039030,CLOSE,415500.0000,0.000,6,6232000,0.175,0.120,0.000,NO_BUY,reject=ret cur=0.00 thr=0.15 margin=-0.15 relax=0.00 | all=ret cur=0.00 thr=0.15 margin=-0.15 relax=0.00; ret10 cur=0.00 thr=0.25 margin=-0.25; ret10_non_positive cur=0.00
1772085208.000,294570,CLOSE,33550.0000,0.000,23,14280000,0.500,0.000,0.000,NO_BUY,reject=ret cur=0.00 thr=0.15 margin=-0.15 relax=0.00 | all=ret cur=0.00 thr=0.15 margin=-0.15 relax=0.00; ret10 cur=0.00 thr=0.25 margin=-0.25; ret10_non_positive cur=0.00
1772085209.000,002020,CLOSE,71000.0000,0.000,3,568000,0.500,0.000,0.000,NO_BUY,reject=ret cur=0.00 thr=0.15 margin=-0.15 relax=0.00 | all=ret cur=0.00 thr=0.15 margin=-0.15 relax=0.00; ticks cur=3 thr=4 margin=-1; ret10 cur=0.00 thr=0.25 margin=-0.25; ret10_non_positive cur=0.00
1772085212.000,086520,CLOSE,184600.0000,0.000,30,98354800,0.500,0.000,0.000,NO_BUY,reject=ret cur=0.00 thr=0.15 margin=-0.15 relax=0.00 | all=ret cur=0.00 thr=0.15 margin=-0.15 relax=0.00; ret10 cur=0.00 thr=0.25 margin=-0.25; ret10_non_positive cur=0.00
1772085213.000,064400,CLOSE,74300.0000,-0.134,14,4906900,0.237,0.134,0.000,NO_BUY,reject=ret cur=-0.13 thr=0.15 margin=-0.28 relax=0.00 | all=ret cur=-0.13 thr=0.15 margin=-0.28 relax=0.00; ret10 cur=-0.13 thr=0.25 margin=-0.38; ret10_non_positive cur=-0.13
1772085213.000,310210,CLOSE,315500.0000,0.000,5,6636000,0.500,0.000,0.000,NO_BUY,reject=ret cur=0.00 thr=0.15 margin=-0.15 relax=0.00 | all=ret cur=0.00 thr=0.15 margin=-0.15 relax=0.00; ret10 cur=0.00 thr=0.25 margin=-0.25; ret10_non_positive cur=0.00
1772085214.000,229200,CLOSE,20965.0000,0.024,721,929427489,0.500,0.000,0.000,NO_BUY,reject=ret cur=0.02 thr=0.15 margin=-0.13 relax=0.00 | all=ret cur=0.02 thr=0.15 margin=-0.13 relax=0.00; ret10 cur=0.02 thr=0.25 margin=-0.23
1772085214.000,122630,CLOSE,112025.0000,-0.040,106,408329570,0.500,0.000,0.000,NO_BUY,reject=ret cur=-0.04 thr=0.15 margin=-0.19 relax=0.00 | all=ret cur=-0.04 thr=0.15 margin=-0.19 relax=0.00; ret10 cur=-0.04 thr=0.25 margin=-0.29; ret10_non_positive cur=-0.04
1772085216.000,005830,CLOSE,210500.0000,0.238,20,27114000,0.201,0.238,0.000,NO_BUY,reject=ret10 cur=0.24 thr=0.25 margin=-0.01 | all=ret10 cur=0.24 thr=0.25 margin=-0.01
1772085217.000,103590,CLOSE,88600.0000,0.000,5,3366800,0.631,0.113,0.000,NO_BUY,reject=ret cur=0.00 thr=0.15 margin=-0.15 relax=0.00 | all=ret cur=0.00 thr=0.15 margin=-0.15 relax=0.00; ret10 cur=0.00 thr=0.25 margin=-0.25; ret10_non_positive cur=0.00
1772085218.000,064760,CLOSE,235500.0000,-0.213,4,2824500,0.500,0.000,0.000,NO_BUY,reject=ret cur=-0.21 thr=0.15 margin=-0.36 relax=0.00 | all=ret cur=-0.21 thr=0.15 margin=-0.36 relax=0.00; ret10 cur=-0.21 thr=0.25 margin=-0.46; ret10_non_positive cur=-0.21
1772085220.000,396500,CLOSE,34770.0000,0.000,105,495430185,0.500,0.000,0.000,NO_BUY,reject=ret cur=0.00 thr=0.15 margin=-0.15 relax=0.00 | all=ret cur=0.00 thr=0.15 margin=-0.15 relax=0.00; ret10 cur=0.00 thr=0.25 margin=-0.25; ret10_non_positive cur=0.00
1772085220.000,009900,CLOSE,11460.0000,0.000,4,2555585,0.500,0.000,0.000,NO_BUY,reject=ret cur=0.00 thr=0.15 margin=-0.15 relax=0.00 | all=ret cur=0.00 thr=0.15 margin=-0.15 relax=0.00; ret10 cur=0.00 thr=0.25 margin=-0.25; ret10_non_positive cur=0.00
1772085220.000,036810,CLOSE,41650.0000,0.120,5,3411250,0.500,0.000,0.000,NO_BUY,reject=ret cur=0.12 thr=0.15 margin=-0.03 relax=0.00 | all=ret cur=0.12 thr=0.15 margin=-0.03 relax=0.00; ret10 cur=0.12 thr=0.25 margin=-0.13
1772085220.000,035420,CLOSE,261000.0000,0.000,24,60335000,0.454,0.191,0.000,NO_BUY,reject=ret cur=0.00 thr=0.15 margin=-0.15 relax=0.00 | all=ret cur=0.00 thr=0.15 margin=-0.15 relax=0.00; ret10 cur=0.00 thr=0.25 margin=-0.25; ret10_non_positive cur=0.00
1772085221.000,233740,CLOSE,20265.0000,0.025,76,187906635,0.500,0.000,0.000,NO_BUY,reject=ret cur=0.02 thr=0.15 margin=-0.13 relax=0.00 | all=ret cur=0.02 thr=0.15 margin=-0.13 relax=0.00; ret10 cur=0.02 thr=0.25 margin=-0.23
1772085222.000,001500,CLOSE,13370.0000,0.000,2,2874550,0.500,0.000,0.000,NO_BUY,reject=ret cur=0.00 thr=0.15 margin=-0.15 relax=0.00 | all=ret cur=0.00 thr=0.15 margin=-0.15 relax=0.00; ticks cur=2 thr=4 margin=-2; ret10 cur=0.00 thr=0.25 margin=-0.25; ret10_non_positive cur=0.00
1772085222.000,161580,CLOSE,54100.0000,0.370,2,1678300,0.500,0.000,0.000,NO_BUY,reject=ticks cur=2 thr=4 margin=-2 | all=ticks cur=2 thr=4 margin=-2
1772085223.000,005930,CLOSE,216500.0000,-0.115,201,2023669750,0.436,0.231,0.000,NO_BUY,reject=ret cur=-0.12 thr=0.15 margin=-0.27 relax=0.00 | all=ret cur=-0.12 thr=0.15 margin=-0.27 relax=0.00; ret10 cur=-0.12 thr=0.25 margin=-0.37; ret10_non_positive cur=-0.12
1772085223.000,124500,CLOSE,59100.0000,-0.337,8,56418400,0.500,0.000,0.000,NO_BUY,reject=ret cur=-0.34 thr=0.15 margin=-0.49 relax=0.00 | all=ret cur=-0.34 thr=0.15 margin=-0.49 relax=0.00; ret10 cur=-0.34 thr=0.25 margin=-0.59; ret10_non_positive cur=-0.34
1772085226.000,336260,CLOSE,39800.0000,0.126,2,557300,0.500,0.000,0.000,NO_BUY,reject=ret cur=0.13 thr=0.15 margin=-0.02 relax=0.00 | all=ret cur=0.13 thr=0.15 margin=-0.02 relax=0.00; ticks cur=2 thr=4 margin=-2; ret10 cur=0.13 thr=0.25 margin=-0.12
1772085226.000,035720,CLOSE,61550.0000,0.081,58,95251650,0.164,0.162,0.000,NO_BUY,reject=ret cur=0.08 thr=0.15 margin=-0.07 relax=0.00 | all=ret cur=0.08 thr=0.15 margin=-0.07 relax=0.00; ret10 cur=0.08 thr=0.25 margin=-0.17
1772085226.000,187660,CLOSE,19240.0000,-0.104,84,268201080,0.500,0.000,0.000,NO_BUY,reject=ret cur=-0.10 thr=0.15 margin=-0.25 relax=0.00 | all=ret cur=-0.10 thr=0.15 margin=-0.25 relax=0.00; ret10 cur=-0.10 thr=0.25 margin=-0.35; ret10_non_positive cur=-0.10
1772085226.000,058470,CLOSE,106000.0000,0.000,46,101671100,0.500,0.000,0.000,NO_BUY,reject=ret cur=0.00 thr=0.15 margin=-0.15 relax=0.00 | all=ret cur=0.00 thr=0.15 margin=-0.15 relax=0.00; ret10 cur=0.00 thr=0.25 margin=-0.25; ret10_non_positive cur=0.00
1772085226.000,377300,CLOSE,68900.0000,0.000,18,14597400,0.500,0.000,0.000,NO_BUY,reject=ret cur=0.00 thr=0.15 margin=-0.15 relax=0.00 | all=ret cur=0.00 thr=0.15 margin=-0.15 relax=0.00; ret10 cur=0.00 thr=0.25 margin=-0.25; ret10_non_positive cur=0.00
1772085228.000,039030,CLOSE,415000.0000,0.000,9,29500500,0.190,0.120,0.000,NO_BUY,reject=ret cur=0.00 thr=0.15 margin=-0.15 relax=0.00 | all=ret cur=0.00 thr=0.15 margin=-0.15 relax=0.00; ret10 cur=0.00 thr=0.25 margin=-0.25; ret10_non_positive cur=0.00
1772085228.000,066570,CLOSE,146700.0000,0.000,42,119556850,0.500,0.000,0.000,NO_BUY,reject=ret cur=0.00 thr=0.15 margin=-0.15 relax=0.00 | all=ret cur=0.00 thr=0.15 margin=-0.15 relax=0.00; ret10 cur=0.00 thr=0.25 margin=-0.25; ret10_non_positive cur=0.00
1772085228.000,294570,CLOSE,33550.0000,0.000,20,86626100,0.500,0.000,0.000,NO_BUY,reject=ret cur=0.00 thr=0.15 margin=-0.15 relax=0.00 | all=ret cur=0.00 thr=0.15 margin=-0.15 relax=0.00; ret10 cur=0.00 thr=0.25 margin=-0.25; ret10_non_positive cur=0.00
1772085232.000,086520,CLOSE,184500.0000,0.000,30,173597600,0.500,0.000,0.000,NO_BUY,reject=ret cur=0.00 thr=0.15 margin=-0.15 relax=0.00 | all=ret cur=0.00 thr=0.15 margin=-0.15 relax=0.00; ret10 cur=0.00 thr=0.25 margin=-0.25; ret10_non_positive cur=0.00
1772085233.000,064400,CLOSE,74300.0000,-0.134,16,6026100,0.238,0.134,0.000,NO_BUY,reject=ret cur=-0.13 thr=0.15 margin=-0.28 relax=0.00 | all=ret cur=-0.13 thr=0.15 margin=-0.28 relax=0.00; ret10 cur=-0.13 thr=0.25 margin=-0.38; ret10_non_positive cur=-0.13
1772085233.000,002020,CLOSE,71000.0000,-0.281,6,15421100,0.500,0.000,0.000,NO_BUY,reject=ret cur=-0.28 thr=0.15 margin=-0.43 relax=0.00 | all=ret cur=-0.28 thr=0.15 margin=-0.43 relax=0.00; ret10 cur=-0.28 thr=0.25 margin=-0.53; ret10_non_positive cur=-0.28
1772085234.000,122630,CLOSE,112060.0000,0.013,82,1047401615,0.500,0.000,0.000,NO_BUY,reject=ret cur=0.01 thr=0.15 margin=-0.14 relax=0.00 | all=ret cur=0.01 thr=0.15 margin=-0.14 relax=0.00; ret10 cur=0.01 thr=0.25 margin=-0.24
1772085234.000,229200,CLOSE,20970.0000,0.000,370,274227315,0.500,0.000,0.000,NO_BUY,reject=ret cur=0.00 thr=0.15 margin=-0.15 relax=0.00 | all=ret cur=0.00 thr=0.15 margin=-0.15 relax=0.00; ret10 cur=0.00 thr=0.25 margin=-0.25; ret10_non_positive cur=0.00
1772085235.000,310210,CLOSE,314500.0000,-0.159,10,9776500,0.500,0.000,0.000,NO_BUY,reject=ret cur=-0.16 thr=0.15 margin=-0.31 relax=0.00 | all=ret cur=-0.16 thr=0.15 margin=-0.31 relax=0.00; ret10 cur=-0.16 thr=0.25 margin=-0.41; ret10_non_positive cur=-0.16
1772085236.000,005830,CLOSE,209500.0000,0.000,20,50816000,0.266,0.239,0.000,NO_BUY,reject=ret cur=0.00 thr=0.15 margin=-0.15 relax=0.00 | all=ret cur=0.00 thr=0.15 margin=-0.15 relax=0.00; ret10 cur=0.00 thr=0.25 margin=-0.25; ret10_non_positive cur=0.00
1772085237.000,103590,CLOSE,88600.0000,0.113,7,108187700,0.652,0.226,0.000,NO_BUY,reject=ret cur=0.11 thr=0.15 margin=-0.04 relax=0.00 | all=ret cur=0.11 thr=0.15 margin=-0.04 relax=0.00; ret10 cur=0.11 thr=0.25 margin=-0.14
1772085239.000,064760,CLOSE,235500.0000,-0.212,6,12228000,0.500,0.000,0.000,NO_BUY,reject=ret cur=-0.21 thr=0.15 margin=-0.36 relax=0.00 | all=ret cur=-0.21 thr=0.15 margin=-0.36 relax=0.00; ret10 cur=-0.21 thr=0.25 margin=-0.46; ret10_non_positive cur=-0.21
1772085240.000,035420,CLOSE,261000.0000,0.000,34,52776000,0.452,0.191,0.000,NO_BUY,reject=ret cur=0.00 thr=0.15 margin=-0.15 relax=0.00 | all=ret cur=0.00 thr=0.15 margin=-0.15 relax=0.00; ret10 cur=0.00 thr=0.25 margin=-0.25; ret10_non_positive cur=0.00
1772085240.000,396500,CLOSE,34765.0000,-0.014,82,1018737545,0.500,0.000,0.000,NO_BUY,reject=ret cur=-0.01 thr=0.15 margin=-0.16 relax=0.00 | all=ret cur=-0.01 thr=0.15 margin=-0.16 relax=0.00; ret10 cur=-0.01 thr=0.25 margin=-0.26; ret10_non_positive cur=-0.01
1772085240.000,009900,CLOSE,11470.0000,0.000,8,6133440,0.500,0.000,0.000,NO_BUY,reject=ret cur=0.00 thr=0.15 margin=-0.15 relax=0.00 | all=ret cur=0.00 thr=0.15 margin=-0.15 relax=0.00; ret10 cur=0.00 thr=0.25 margin=-0.25; ret10_non_positive cur=0.00
1772085241.000,233740,CLOSE,20265.0000,-0.099,107,754231354,0.500,0.000,0.000,NO_BUY,reject=ret cur=-0.10 thr=0.15 margin=-0.25 relax=0.00 | all=ret cur=-0.10 thr=0.15 margin=-0.25 relax=0.00; ret10 cur=-0.10 thr=0.25 margin=-0.35; ret10_non_positive cur=-0.10
1772085243.000,005930,CLOSE,216500.0000,-0.115,298,9817909250,0.444,0.231,0.000,NO_BUY,reject=ret cur=-0.12 thr=0.15 margin=-0.27 relax=0.00 | all=ret cur=-0.12 thr=0.15 margin=-0.27 relax=0.00; ret10 cur=-0.12 thr=0.25 margin=-0.37; ret10_non_positive cur=-0.12
1772085244.000,036810,CLOSE,41650.0000,0.000,5,1124500,0.500,0.000,0.000,NO_BUY,reject=ret cur=0.00 thr=0.15 margin=-0.15 relax=0.00 | all=ret cur=0.00 thr=0.15 margin=-0.15 relax=0.00; ret10 cur=0.00 thr=0.25 margin=-0.25; ret10_non_positive cur=0.00
1772085246.000,058470,CLOSE,105900.0000,0.000,16,13346300,0.500,0.000,0.000,NO_BUY,reject=ret cur=0.00 thr=0.15 margin=-0.15 relax=0.00 | all=ret cur=0.00 thr=0.15 margin=-0.15 relax=0.00; ret10 cur=0.00 thr=0.25 margin=-0.25; ret10_non_positive cur=0.00
1772085246.000,187660,CLOSE,19250.0000,0.000,70,223556215,0.500,0.000,0.000,NO_BUY,reject=ret cur=0.00 thr=0.15 margin=-0.15 relax=0.00 | all=ret cur=0.00 thr=0.15 margin=-0.15 relax=0.00; ret10 cur=0.00 thr=0.25 margin=-0.25; ret10_non_positive cur=0.00
1772085246.000,035720,CLOSE,61600.0000,-0.162,34,25793700,0.165,0.162,0.000,NO_BUY,reject=ret cur=-0.16 thr=0.15 margin=-0.31 relax=0.00 | all=ret cur=-0.16 thr=0.15 margin=-0.31 relax=0.00; ret10 cur=-0.16 thr=0.25 margin=-0.41; ret10_non_positive cur=-0.16
1772085247.000,161580,CLOSE,54300.0000,-0.092,3,1031000,0.500,0.000,0.000,NO_BUY,reject=ret cur=-0.09 thr=0.15 margin=-0.24 relax=0.00 | all=ret cur=-0.09 thr=0.15 margin=-0.24 relax=0.00; ticks cur=3 thr=4 margin=-1; ret10 cur=-0.09 thr=0.25 margin=-0.34; ret10_non_positive cur=-0.09
1772085247.000,336260,CLOSE,39825.0000,0.000,2,79600,0.500,0.000,0.000,NO_BUY,reject=ret cur=0.00 thr=0.15 margin=-0.15 relax=0.00 | all=ret cur=0.00 thr=0.15 margin=-0.15 relax=0.00; ticks cur=2 thr=4 margin=-2; ret10 cur=0.00 thr=0.25 margin=-0.25; ret10_non_positive cur=0.00
1772085248.000,039030,CLOSE,416000.0000,0.120,12,34489500,0.182,0.120,0.000,NO_BUY,reject=ret cur=0.12 thr=0.15 margin=-0.03 relax=0.00 | all=ret cur=0.12 thr=0.15 margin=-0.03 relax=0.00; ret10 cur=0.12 thr=0.25 margin=-0.13
1772085248.000,066570,CLOSE,146600.0000,-0.068,26,14960100,0.500,0.000,0.000,NO_BUY,reject=ret cur=-0.07 thr=0.15 margin=-0.22 relax=0.00 | all=ret cur=-0.07 thr=0.15 margin=-0.22 relax=0.00; ret10 cur=-0.07 thr=0.25 margin=-0.32; ret10_non_positive cur=-0.07
1772085248.000,377300,CLOSE,68800.0000,-0.290,10,13002800,0.500,0.000,0.000,NO_BUY,reject=ret cur=-0.29 thr=0.15 margin=-0.44 relax=0.00 | all=ret cur=-0.29 thr=0.15 margin=-0.44 relax=0.00; ret10 cur=-0.29 thr=0.25 margin=-0.54; ret10_non_positive cur=-0.29
1772085249.000,124500,CLOSE,59100.0000,0.508,2,1541400,0.500,0.000,0.000,NO_BUY,reject=ticks cur=2 thr=4 margin=-2 | all=ticks cur=2 thr=4 margin=-2
1772085249.000,304360,CLOSE,38350.0000,0.130,4,3838250,0.500,0.000,0.000,NO_BUY,reject=ret cur=0.13 thr=0.15 margin=-0.02 relax=0.00 | all=ret cur=0.13 thr=0.15 margin=-0.02 relax=0.00; ret10 cur=0.13 thr=0.25 margin=-0.12
1772085252.000,086520,CLOSE,184400.0000,0.000,32,132406400,0.500,0.000,0.000,NO_BUY,reject=ret cur=0.00 thr=0.15 margin=-0.15 relax=0.00 | all=ret cur=0.00 thr=0.15 margin=-0.15 relax=0.00; ret10 cur=0.00 thr=0.25 margin=-0.25; ret10_non_positive cur=0.00
1772085253.000,064400,CLOSE,74300.0000,0.000,6,17034100,0.235,0.134,0.000,NO_BUY,reject=ret cur=0.00 thr=0.15 margin=-0.15 relax=0.00 | all=ret cur=0.00 thr=0.15 margin=-0.15 relax=0.00; ret10 cur=0.00 thr=0.25 margin=-0.25; ret10_non_positive cur=0.00
1772085254.000,122630,CLOSE,112050.0000,0.063,77,1476715055,0.500,0.000,0.000,NO_BUY,reject=ret cur=0.06 thr=0.15 margin=-0.09 relax=0.00 | all=ret cur=0.06 thr=0.15 margin=-0.09 relax=0.00; ret10 cur=0.06 thr=0.25 margin=-0.19
1772085254.000,002020,CLOSE,70800.0000,0.000,10,2690700,0.500,0.000,0.000,NO_BUY,reject=ret cur=0.00 thr=0.15 margin=-0.15 relax=0.00 | all=ret cur=0.00 thr=0.15 margin=-0.15 relax=0.00; ret10 cur=0.00 thr=0.25 margin=-0.25; ret10_non_positive cur=0.00
1772085254.000,229200,CLOSE,20970.0000,0.000,72,94232010,0.500,0.000,0.000,NO_BUY,reject=ret cur=0.00 thr=0.15 margin=-0.15 relax=0.00 | all=ret cur=0.00 thr=0.15 margin=-0.15 relax=0.00; ret10 cur=0.00 thr=0.25 margin=-0.25; ret10_non_positive cur=0.00
1772085255.000,310210,CLOSE,315500.0000,-0.158,4,14209500,0.500,0.000,0.000,NO_BUY,reject=ret cur=-0.16 thr=0.15 margin=-0.31 relax=0.00 | all=ret cur=-0.16 thr=0.15 margin=-0.31 relax=0.00; ret10 cur=-0.16 thr=0.25 margin=-0.41; ret10_non_positive cur=-0.16
1772085256.000,001500,CLOSE,13370.0000,-0.374,6,8008240,0.500,0.000,0.000,NO_BUY,reject=ret cur=-0.37 thr=0.15 margin=-0.52 relax=0.00 | all=ret cur=-0.37 thr=0.15 margin=-0.52 relax=0.00; ret10 cur=-0.37 thr=0.25 margin=-0.62; ret10_non_positive cur=-0.37
1772085258.000,005830,CLOSE,209500.0000,-0.239,17,37219500,0.250,0.239,0.000,NO_BUY,reject=ret cur=-0.24 thr=0.15 margin=-0.39 relax=0.00 | all=ret cur=-0.24 thr=0.15 margin=-0.39 relax=0.00; ret10 cur=-0.24 thr=0.25 margin=-0.49; ret10_non_positive cur=-0.24
1772085258.000,103590,CLOSE,88600.0000,-0.113,2,11163700,0.666,0.113,0.000,NO_BUY,reject=ret cur=-0.11 thr=0.15 margin=-0.26 relax=0.00 | all=ret cur=-0.11 thr=0.15 margin=-0.26 relax=0.00; ticks cur=2 thr=4 margin=-2; ret10 cur=-0.11 thr=0.25 margin=-0.36; ret10_non_positive cur=-0.11
1772085259.000,294570,CLOSE,33550.0000,0.149,2,5782650,0.500,0.000,0.000,NO_BUY,reject=ret cur=0.15 thr=0.15 margin=-0.00 relax=0.00 | all=ret cur=0.15 thr=0.15 margin=-0.00 relax=0.00; ticks cur=2 thr=4 margin=-2; ret10 cur=0.15 thr=0.25 margin=-0.10
1772085260.000,035420,CLOSE,261000.0000,0.000,32,55908500,0.453,0.191,0.000,NO_BUY,reject=ret cur=0.00 thr=0.15 margin=-0.15 relax=0.00 | all=ret cur=0.00 thr=0.15 margin=-0.15 relax=0.00; ret10 cur=0.00 thr=0.25 margin=-0.25; ret10_non_positive cur=0.00
1772085260.000,396500,CLOSE,34770.0000,0.000,100,1406859305,0.500,0.000,0.000,NO_BUY,reject=ret cur=0.00 thr=0.15 margin=-0.15 relax=0.00 | all=ret cur=0.00 thr=0.15 margin=-0.15 relax=0.00; ret10 cur=0.00 thr=0.25 margin=-0.25; ret10_non_positive cur=0.00
1772085261.000,233740,CLOSE,20285.0000,0.025,80,311207992,0.500,0.000,0.000,NO_BUY,reject=ret cur=0.02 thr=0.15 margin=-0.13 relax=0.00 | all=ret cur=0.02 thr=0.15 margin=-0.13 relax=0.00; ret10 cur=0.02 thr=0.25 margin=-0.23
1772085262.000,064760,CLOSE,236000.0000,0.000,11,7536000,0.500,0.000,0.000,NO_BUY,reject=ret cur=0.00 thr=0.15 margin=-0.15 relax=0.00 | all=ret cur=0.00 thr=0.15 margin=-0.15 relax=0.00; ret10 cur=0.00 thr=0.25 margin=-0.25; ret10_non_positive cur=0.00
1772085263.000,005930,CLOSE,216500.0000,0.000,160,1837686500,0.439,0.231,0.000,NO_BUY,reject=ret cur=0.00 thr=0.15 margin=-0.15 relax=0.00 | all=ret cur=0.00 thr=0.15 margin=-0.15 relax=0.00; ret10 cur=0.00 thr=0.25 margin=-0.25; ret10_non_positive cur=0.00
1772085264.000,036810,CLOSE,41700.0000,0.120,9,5832250,0.500,0.000,0.000,NO_BUY,reject=ret cur=0.12 thr=0.15 margin=-0.03 relax=0.00 | all=ret cur=0.12 thr=0.15 margin=-0.03 relax=0.00; ret10 cur=0.12 thr=0.25 margin=-0.13
1772085266.000,058470,CLOSE,106200.0000,0.189,26,127141200,0.500,0.000,0.000,NO_BUY,reject=ret10 cur=0.19 thr=0.25 margin=-0.06 | all=ret10 cur=0.19 thr=0.25 margin=-0.06
1772085266.000,035720,CLOSE,61600.0000,0.000,36,50196400,0.163,0.162,0.000,NO_BUY,reject=ret cur=0.00 thr=0.15 margin=-0.15 relax=0.00 | all=ret cur=0.00 thr=0.15 margin=-0.15 relax=0.00; ret10 cur=0.00 thr=0.25 margin=-0.25; ret10_non_positive cur=0.00
1772085266.000,187660,CLOSE,19300.0000,0.260,68,354833870,0.500,0.000,0.000,NO_BUY,pullback_wait cur=19300.00 peak=19300.00 pb_thr=19261.40 reb_thr=19290.35 pulled=0
1772085267.000,336260,CLOSE,39850.0000,-0.125,8,6215600,0.500,0.000,0.000,NO_BUY,reject=ret cur=-0.13 thr=0.15 margin=-0.28 relax=0.00 | all=ret cur=-0.13 thr=0.15 margin=-0.28 relax=0.00; ret10 cur=-0.13 thr=0.25 margin=-0.38; ret10_non_positive cur=-0.13
1772085268.000,066570,CLOSE,146600.0000,-0.034,48,214769500,0.500,0.000,0.000,NO_BUY,reject=ret cur=-0.03 thr=0.15 margin=-0.18 relax=0.00 | all=ret cur=-0.03 thr=0.15 margin=-0.18 relax=0.00; ret10 cur=-0.03 thr=0.25 margin=-0.28; ret10_non_positive cur=-0.03
1772085268.000,009900,CLOSE,11480.0000,0.087,2,607940,0.500,0.000,0.000,NO_BUY,reject=ret cur=0.09 thr=0.15 margin=-0.06 relax=0.00 | all=ret cur=0.09 thr=0.15 margin=-0.06 relax=0.00; ticks cur=2 thr=4 margin=-2; ret10 cur=0.09 thr=0.25 margin=-0.16
1772085268.000,377300,CLOSE,68700.0000,0.000,15,12590250,0.500,0.000,0.000,NO_BUY,reject=ret cur=0.00 thr=0.15 margin=-0.15 relax=0.00 | all=ret cur=0.00 thr=0.15 margin=-0.15 relax=0.00; ret10 cur=0.00 thr=0.25 margin=-0.25; ret10_non_positive cur=0.00
1772085269.000,039030,CLOSE,417000.0000,0.120,39,388652500,0.215,0.120,0.000,NO_BUY,reject=ret cur=0.12 thr=0.15 margin=-0.03 relax=0.00 | all=ret cur=0.12 thr=0.15 margin=-0.03 relax=0.00; ret10 cur=0.12 thr=0.25 margin=-0.13
1772085272.000,086520,CLOSE,184450.0000,0.000,45,166949800,0.500,0.000,0.000,NO_BUY,reject=ret cur=0.00 thr=0.15 margin=-0.15 relax=0.00 | all=ret cur=0.00 thr=0.15 margin=-0.15 relax=0.00; ret10 cur=0.00 thr=0.25 margin=-0.25; ret10_non_positive cur=0.00
1772085273.000,124500,CLOSE,59400.0000,-0.169,4,6502200,0.500,0.000,0.000,NO_BUY,reject=ret cur=-0.17 thr=0.15 margin=-0.32 relax=0.00 | all=ret cur=-0.17 thr=0.15 margin=-0.32 relax=0.00; ret10 cur=-0.17 thr=0.25 margin=-0.42; ret10_non_positive cur=-0.17
1772085273.000,064400,CLOSE,74200.0000,0.135,25,78606500,0.271,0.135,0.000,NO_BUY,reject=ret cur=0.13 thr=0.15 margin=-0.02 relax=0.00 | all=ret cur=0.13 thr=0.15 margin=-0.02 relax=0.00; ret10 cur=0.13 thr=0.25 margin=-0.12
1772085274.000,229200,CLOSE,20980.0000,0.024,42,278698315,0.500,0.000,0.000,NO_BUY,reject=ret cur=0.02 thr=0.15 margin=-0.13 relax=0.00 | all=ret cur=0.02 thr=0.15 margin=-0.13 relax=0.00; ret10 cur=0.02 thr=0.25 margin=-0.23
1772085274.000,122630,CLOSE,112030.0000,-0.004,53,291681375,0.500,0.000,0.000,NO_BUY,reject=ret cur=-0.00 thr=0.15 margin=-0.15 relax=0.00 | all=ret cur=-0.00 thr=0.15 margin=-0.15 relax=0.00; ret10 cur=-0.00 thr=0.25 margin=-0.25; ret10_non_positive cur=-0.00
1772085277.000,001500,CLOSE,13370.0000,0.000,3,895790,0.500,0.000,0.000,NO_BUY,reject=ret cur=0.00 thr=0.15 margin=-0.15 relax=0.00 | all=ret cur=0.00 thr=0.15 margin=-0.15 relax=0.00; ticks cur=3 thr=4 margin=-1; ret10 cur=0.00 thr=0.25 margin=-0.25; ret10_non_positive cur=0.00
1772085278.000,310210,CLOSE,315500.0000,-0.316,5,10733000,0.500,0.000,0.000,NO_BUY,reject=ret cur=-0.32 thr=0.15 margin=-0.47 relax=0.00 | all=ret cur=-0.32 thr=0.15 margin=-0.47 relax=0.00; ret10 cur=-0.32 thr=0.25 margin=-0.57; ret10_non_positive cur=-0.32
1772085278.000,005830,CLOSE,209000.0000,-0.476,11,46307000,0.222,0.477,0.000,NO_BUY,reject=ret cur=-0.48 thr=0.15 margin=-0.63 relax=0.00 | all=ret cur=-0.48 thr=0.15 margin=-0.63 relax=0.00; ret10 cur=-0.48 thr=0.25 margin=-0.73; ret10_non_positive cur=-0.48
1772085279.000,002020,CLOSE,70800.0000,0.000,5,1274400,0.500,0.000,0.000,NO_BUY,reject=ret cur=0.00 thr=0.15 margin=-0.15 relax=0.00 | all=ret cur=0.00 thr=0.15 margin=-0.15 relax=0.00; ret10 cur=0.00 thr=0.25 margin=-0.25; ret10_non_positive cur=0.00
1772085279.000,103590,CLOSE,88700.0000,0.000,4,974800,0.616,0.113,0.000,NO_BUY,reject=ret cur=0.00 thr=0.15 margin=-0.15 relax=0.00 | all=ret cur=0.00 thr=0.15 margin=-0.15 relax=0.00; ret10 cur=0.00 thr=0.25 margin=-0.25; ret10_non_positive cur=0.00
1772085280.000,035420,CLOSE,261000.0000,0.000,42,70287000,0.456,0.191,0.000,NO_BUY,reject=ret cur=0.00 thr=0.15 margin=-0.15 relax=0.00 | all=ret cur=0.00 thr=0.15 margin=-0.15 relax=0.00; ret10 cur=0.00 thr=0.25 margin=-0.25; ret10_non_positive cur=0.00
1772085280.000,396500,CLOSE,34775.0000,0.043,90,765756335,0.500,0.000,0.000,NO_BUY,reject=ret cur=0.04 thr=0.15 margin=-0.11 relax=0.00 | all=ret cur=0.04 thr=0.15 margin=-0.11 relax=0.00; ret10 cur=0.04 thr=0.25 margin=-0.21
1772085281.000,233740,CLOSE,20290.0000,0.025,53,458201025,0.500,0.000,0.000,NO_BUY,reject=ret cur=0.02 thr=0.15 margin=-0.13 relax=0.00 | all=ret cur=0.02 thr=0.15 margin=-0.13 relax=0.00; ret10 cur=0.02 thr=0.25 margin=-0.23
1772085283.000,005930,CLOSE,216000.0000,0.231,152,1682225000,0.437,0.231,0.000,NO_BUY,reject=ret10 cur=0.23 thr=0.25 margin=-0.02 | all=ret10 cur=0.23 thr=0.25 margin=-0.02
1772085284.000,064760,CLOSE,235500.0000,0.213,3,941000,0.500,0.000,0.000,NO_BUY,reject=ticks cur=3 thr=4 margin=-1 | all=ticks cur=3 thr=4 margin=-1; ret10 cur=0.21 thr=0.25 margin=-0.04
1772085285.000,036810,CLOSE,41650.0000,-0.120,3,5838050,0.500,0.000,0.000,NO_BUY,reject=ret cur=-0.12 thr=0.15 margin=-0.27 relax=0.00 | all=ret cur=-0.12 thr=0.15 margin=-0.27 relax=0.00; ticks cur=3 thr=4 margin=-1; ret10 cur=-0.12 thr=0.25 margin=-0.37; ret10_non_positive cur=-0.12
1772085286.000,187660,CLOSE,19310.0000,0.000,85,188089115,0.500,0.000,0.000,NO_BUY,reject=ret cur=0.00 thr=0.15 margin=-0.15 relax=0.00 | all=ret cur=0.00 thr=0.15 margin=-0.15 relax=0.00; ret10 cur=0.00 thr=0.25 margin=-0.25; ret10_non_positive cur=0.00
1772085286.000,035720,CLOSE,61600.0000,-0.162,47,172819800,0.162,0.162,0.000,NO_BUY,reject=ret cur=-0.16 thr=0.15 margin=-0.31 relax=0.00 | all=ret cur=-0.16 thr=0.15 margin=-0.31 relax=0.00; ret10 cur=-0.16 thr=0.25 margin=-0.41; ret10_non_positive cur=-0.16
1772085286.000,058470,CLOSE,106200.0000,0.000,22,51888100,0.500,0.000,0.000,NO_BUY,reject=ret cur=0.00 thr=0.15 margin=-0.15 relax=0.00 | all=ret cur=0.00 thr=0.15 margin=-0.15 relax=0.00; ret10 cur=0.00 thr=0.25 margin=-0.25; ret10_non_positive cur=0.00
1772085288.000,066570,CLOSE,146400.0000,-0.068,41,194862200,0.500,0.000,0.000,NO_BUY,reject=ret cur=-0.07 thr=0.15 margin=-0.22 relax=0.00 | all=ret cur=-0.07 thr=0.15 margin=-0.22 relax=0.00; ret10 cur=-0.07 thr=0.25 margin=-0.32; ret10_non_positive cur=-0.07
1772085288.000,009900,CLOSE,11480.0000,0.087,8,596760,0.500,0.000,0.000,NO_BUY,reject=ret cur=0.09 thr=0.15 margin=-0.06 relax=0.00 | all=ret cur=0.09 thr=0.15 margin=-0.06 relax=0.00; ret10 cur=0.09 thr=0.25 margin=-0.16
1772085288.000,377300,CLOSE,68700.0000,-0.145,17,16632050,0.500,0.000,0.000,NO_BUY,reject=ret cur=-0.15 thr=0.15 margin=-0.30 relax=0.00 | all=ret cur=-0.15 thr=0.15 margin=-0.30 relax=0.00; ret10 cur=-0.15 thr=0.25 margin=-0.40; ret10_non_positive cur=-0.15
1772085290.000,039030,CLOSE,416500.0000,0.120,6,19583000,0.140,0.120,0.000,NO_BUY,reject=ret cur=0.12 thr=0.15 margin=-0.03 relax=0.00 | all=ret cur=0.12 thr=0.15 margin=-0.03 relax=0.00; ret10 cur=0.12 thr=0.25 margin=-0.13
1772769855.000,032820,MID,16780.0000,0.060,3,1023550,0.756,0.119,0.000,NO_BUY,reject=ticks cur=3 thr=5 margin=-2 | all=ticks cur=3 thr=5 margin=-2; ret10 cur=0.06 thr=0.24 margin=-0.18; ofi_ret10_gate cur=0.06 min=0.20; ofi_trv10_gate cur=4379550 min=30000000; sweep_gate cnt=0 max=0.00 min_cnt=2 thr=1.20
1772769875.000,032820,MID,16780.0000,-0.060,14,30036820,0.743,0.060,0.000,NO_BUY,reject=ret cur=-0.06 thr=0.05 margin=-0.11 relax=0.00 | all=ret cur=-0.06 thr=0.05 margin=-0.11 relax=0.00; ret10 cur=-0.06 thr=0.24 margin=-0.30; ret10_non_positive cur=-0.06; ofi_ret10_gate cur=-0.06 min=0.20; ofi_gate cur=0.10 min=1.80 buy=161 sell=1611; sweep_gate cnt=0 max=0.00 min_cnt=2 thr=1.20
1772769895.000,032820,MID,16750.0000,-0.060,20,20506140,0.904,0.060,0.000,NO_BUY,reject=ret cur=-0.06 thr=0.05 margin=-0.11 relax=0.00 | all=ret cur=-0.06 thr=0.05 margin=-0.11 relax=0.00; ret10 cur=-0.06 thr=0.24 margin=-0.30; ret10_non_positive cur=-0.06; ofi_ret10_gate cur=-0.06 min=0.20; ofi_trv10_gate cur=21343640 min=30000000; ofi_gate cur=0.86 min=1.80 buy=219 sell=256
1772769915.000,032820,MID,16750.0000,0.000,27,48192910,0.910,0.060,0.000,NO_BUY,reject=ret cur=0.00 thr=0.05 margin=-0.05 relax=0.00 | all=ret cur=0.00 thr=0.05 margin=-0.05 relax=0.00; ret10 cur=0.00 thr=0.24 margin=-0.24; ret10_non_positive cur=0.00; ofi_ret10_gate cur=0.00 min=0.20; ofi_gate cur=0.74 min=1.80 buy=449 sell=609; sweep_gate cnt=1 max=1.01 min_cnt=2 thr=1.20
1772769935.000,032820,MID,16740.0000,-0.030,19,37181210,0.913,0.060,0.000,NO_BUY,reject=ret cur=-0.03 thr=0.05 margin=-0.08 relax=0.00 | all=ret cur=-0.03 thr=0.05 margin=-0.08 relax=0.00; ret10 cur=-0.03 thr=0.24 margin=-0.27; ret10_non_positive cur=-0.03; ofi_ret10_gate cur=-0.03 min=0.20; ofi_gate cur=0.17 min=1.80 buy=168 sell=989; sweep_gate cnt=0 max=0.00 min_cnt=2 thr=1.20
1772769955.000,032820,MID,16740.0000,0.000,14,40730820,0.902,0.060,0.000,NO_BUY,reject=ret cur=0.00 thr=0.05 margin=-0.05 relax=0.00 | all=ret cur=0.00 thr=0.05 margin=-0.05 relax=0.00; ret10 cur=0.00 thr=0.24 margin=-0.24; ret10_non_positive cur=0.00; ofi_ret10_gate cur=0.00 min=0.20; ofi_gate cur=0.62 min=1.80 buy=238 sell=383; sweep_gate cnt=0 max=0.00 min_cnt=2 thr=1.20
1772769964.000,187660,MID,15400.0000,0.195,3,354110,0.520,0.651,0.000,NO_BUY,reject=ticks cur=3 thr=5 margin=-2 | all=ticks cur=3 thr=5 margin=-2; ret10 cur=0.20 thr=0.24 margin=-0.04; ofi_ret10_gate cur=0.20 min=0.20; ofi_trv10_gate cur=1124110 min=30000000; sweep_gate cnt=1 max=1.56 min_cnt=2 thr=1.20
1772769975.000,032820,MID,16750.0000,0.060,10,22486320,0.909,0.060,0.000,NO_BUY,reject=ret10 cur=0.06 thr=0.24 margin=-0.18 | all=ret10 cur=0.06 thr=0.24 margin=-0.18; ofi_ret10_gate cur=0.06 min=0.20; ofi_trv10_gate cur=22670570 min=30000000; sweep_gate cnt=0 max=0.00 min_cnt=2 thr=1.20
1772769982.000,001290,MID,1325.0000,0.761,39,28975859,0.470,0.528,0.000,NO_BUY,reject=ofi_trv10_gate cur=29136184 min=30000000 | all=ofi_trv10_gate cur=29136184 min=30000000; sweep_gate cnt=0 max=0.00 min_cnt=2 thr=1.20
1772769986.000,187660,MID,15340.0000,-0.065,28,37205570,0.499,0.326,0.000,NO_BUY,reject=ret cur=-0.07 thr=0.05 margin=-0.12 relax=0.00 | all=ret cur=-0.07 thr=0.05 margin=-0.12 relax=0.00; ret10 cur=-0.07 thr=0.24 margin=-0.31; ret10_non_positive cur=-0.07; ofi_ret10_gate cur=-0.07 min=0.20; ofi_gate cur=0.49 min=1.80 buy=643 sell=1315; sweep_gate cnt=0 max=0.00 min_cnt=2 thr=1.20
1772769995.000,032820,MID,16750.0000,0.060,17,13318450,0.826,0.060,0.000,NO_BUY,reject=ret10 cur=0.06 thr=0.24 margin=-0.18 | all=ret10 cur=0.06 thr=0.24 margin=-0.18; ofi_ret10_gate cur=0.06 min=0.20; ofi_trv10_gate cur=16668450 min=30000000; ofi_gate cur=0.12 min=1.80 buy=50 sell=430; sweep_gate cnt=0 max=0.00 min_cnt=2 thr=1.20
1772770006.000,187660,MID,15260.0000,0.327,13,17533040,0.624,0.196,0.000,NO_BUY,reject=ofi_trv10_gate cur=17838240 min=30000000 | all=ofi_trv10_gate cur=17838240 min=30000000; ofi_gate cur=0.73 min=1.80 buy=368 sell=507; sweep_gate cnt=0 max=0.00 min_cnt=2 thr=1.20
1772770015.000,032820,MID,16780.0000,0.119,30,70616020,0.629,0.119,0.000,NO_BUY,reject=ret10 cur=0.12 thr=0.24 margin=-0.12 | all=ret10 cur=0.12 thr=0.24 margin=-0.12; ofi_ret10_gate cur=0.12 min=0.20; ofi_gate cur=0.79 min=1.80 buy=1215 sell=1531
1772770027.000,187660,MID,15340.0000,0.000,14,12432960,0.530,0.196,0.000,NO_BUY,reject=ret cur=0.00 thr=0.05 margin=-0.05 relax=0.00 | all=ret cur=0.00 thr=0.05 margin=-0.05 relax=0.00; ret10 cur=0.00 thr=0.24 margin=-0.24; ret10_non_positive cur=0.00; ofi_ret10_gate cur=0.00 min=0.20; ofi_trv10_gate cur=15991840 min=30000000; ofi_gate cur=0.24 min=1.80 buy=48 sell=204; sweep_gate cnt=2 max=1.00 min_cnt=2 thr=1.20
1772770035.000,032820,MID,16800.0000,-0.059,21,30039410,0.610,0.060,0.000,NO_BUY,reject=ret cur=-0.06 thr=0.05 margin=-0.11 relax=0.00 | all=ret cur=-0.06 thr=0.05 margin=-0.11 relax=0.00; ret10 cur=-0.06 thr=0.24 margin=-0.30; ret10_non_positive cur=-0.06; ofi_ret10_gate cur=-0.06 min=0.20; ofi_gate cur=0.30 min=1.80 buy=120 sell=401
1772770040.000,152550,MID,578.0000,0.000,5,2571918,0.638,0.173,0.000,NO_BUY,reject=ret cur=0.00 thr=0.05 margin=-0.05 relax=0.00 | all=ret cur=0.00 thr=0.05 margin=-0.05 relax=0.00; ret10 cur=0.00 thr=0.24 margin=-0.24; ret10_non_positive cur=0.00; ofi_ret10_gate cur=0.00 min=0.20; ofi_trv10_gate cur=2837220 min=30000000; ofi_gate cur=0.00 min=1.80 buy=0 sell=459; sweep_gate cnt=0 max=0.00 min_cnt=2 thr=1.20
1772770048.000,187660,MID,15340.0000,0.261,23,61513000,0.449,0.196,0.000,NO_BUY,reject=ofi_gate cur=0.83 min=1.80 buy=423 sell=507 | all=ofi_gate cur=0.83 min=1.80 buy=423 sell=507; sweep_gate cnt=0 max=0.00 min_cnt=2 thr=1.20
1772770055.000,032820,MID,16810.0000,-0.059,20,35506670,0.461,0.060,0.000,NO_BUY,reject=ret cur=-0.06 thr=0.05 margin=-0.11 relax=0.00 | all=ret cur=-0.06 thr=0.05 margin=-0.11 relax=0.00; ret10 cur=-0.06 thr=0.24 margin=-0.30; ret10_non_positive cur=-0.06; ofi_ret10_gate cur=-0.06 min=0.20; ofi_gate cur=0.67 min=1.80 buy=647 sell=971; sweep_gate cnt=1 max=0.89 min_cnt=2 thr=1.20
1772770060.000,152550,MID,578.0000,0.000,11,1288260,0.693,0.345,0.000,NO_BUY,reject=ret cur=0.00 thr=0.05 margin=-0.05 relax=0.00 | all=ret cur=0.00 thr=0.05 margin=-0.05 relax=0.00; ret10 cur=0.00 thr=0.24 margin=-0.24; ret10_non_positive cur=0.00; ofi_ret10_gate cur=0.00 min=0.20; ofi_trv10_gate cur=3396226 min=30000000; sweep_gate cnt=0 max=0.00 min_cnt=2 thr=1.20
1772770069.000,187660,MID,15330.0000,0.000,11,12952720,0.315,0.131,0.000,NO_BUY,reject=ret cur=0.00 thr=0.05 margin=-0.05 relax=0.00 | all=ret cur=0.00 thr=0.05 margin=-0.05 relax=0.00; ret10 cur=0.00 thr=0.24 margin=-0.24; ret10_non_positive cur=0.00; ofi_ret10_gate cur=0.00 min=0.20; ofi_trv10_gate cur=12998710 min=30000000; ofi_gate cur=1.32 min=1.80 buy=162 sell=123; sweep_gate cnt=1 max=3.81 min_cnt=2 thr=1.20
1772770075.000,032820,MID,16810.0000,0.000,24,28603570,0.490,0.060,0.000,NO_BUY,reject=ret cur=0.00 thr=0.05 margin=-0.05 relax=0.00 | all=ret cur=0.00 thr=0.05 margin=-0.05 relax=0.00; ret10 cur=0.00 thr=0.24 margin=-0.24; ret10_non_positive cur=0.00; ofi_ret10_gate cur=0.00 min=0.20; ofi_trv10_gate cur=28771670 min=30000000; ofi_gate cur=1.08 min=1.80 buy=631 sell=585; sweep_gate cnt=0 max=0.00 min_cnt=2 thr=1.20
1772770082.000,152550,MID,576.0000,-0.345,19,36311428,0.669,0.174,0.000,NO_BUY,reject=ret cur=-0.35 thr=0.05 margin=-0.40 relax=0.00 | all=ret cur=-0.35 thr=0.05 margin=-0.40 relax=0.00; ret10 cur=-0.35 thr=0.24 margin=-0.59; ret10_non_positive cur=-0.35; ofi_ret10_gate cur=-0.35 min=0.20; ofi_gate cur=0.49 min=1.80 buy=6973 sell=14194
1772770096.000,032820,MID,16785.0000,0.119,20,24233880,0.651,0.060,0.000,NO_BUY,reject=ret10 cur=0.12 thr=0.24 margin=-0.12 | all=ret10 cur=0.12 thr=0.24 margin=-0.12; ofi_ret10_gate cur=0.12 min=0.20; ofi_trv10_gate cur=24636720 min=30000000
1772770105.000,152550,MID,576.0000,0.000,22,14045344,0.708,0.521,0.000,NO_BUY,reject=ret cur=0.00 thr=0.05 margin=-0.05 relax=0.00 | all=ret cur=0.00 thr=0.05 margin=-0.05 relax=0.00; ret10 cur=0.00 thr=0.24 margin=-0.24; ret10_non_positive cur=0.00; ofi_ret10_gate cur=0.00 min=0.20; ofi_trv10_gate cur=14685280 min=30000000; ofi_gate cur=0.10 min=1.80 buy=1791 sell=18642; sweep_gate cnt=0 max=0.00 min_cnt=2 thr=1.20
1772770116.000,032820,MID,16770.0000,0.000,21,22237015,0.791,0.060,0.000,NO_BUY,reject=ret cur=0.00 thr=0.05 margin=-0.05 relax=0.00 | all=ret cur=0.00 thr=0.05 margin=-0.05 relax=0.00; ret10 cur=0.00 thr=0.24 margin=-0.24; ret10_non_positive cur=0.00; ofi_ret10_gate cur=0.00 min=0.20; ofi_trv10_gate cur=22572415 min=30000000; sweep_gate cnt=1 max=1.04 min_cnt=2 thr=1.20
1772770125.000,152550,MID,575.0000,0.349,17,12839892,0.674,0.174,0.000,NO_BUY,reject=ofi_trv10_gate cur=12844492 min=30000000 | all=ofi_trv10_gate cur=12844492 min=30000000; sweep_gate cnt=1 max=2.85 min_cnt=2 thr=1.20
1772770128.000,001290,MID,1340.0000,0.522,8,7598604,0.124,0.819,0.000,NO_BUY,reject=ofi_trv10_gate cur=8081004 min=30000000 | all=ofi_trv10_gate cur=8081004 min=30000000; ofi_gate cur=0.22 min=1.80 buy=864 sell=3899; sweep_gate cnt=0 max=0.00 min_cnt=2 thr=1.20
1772770136.000,032820,MID,16770.0000,0.000,27,54443330,0.805,0.060,0.000,NO_BUY,reject=ret cur=0.00 thr=0.05 margin=-0.05 relax=0.00 | all=ret cur=0.00 thr=0.05 margin=-0.05 relax=0.00; ret10 cur=0.00 thr=0.24 margin=-0.24; ret10_non_positive cur=0.00; ofi_ret10_gate cur=0.00 min=0.20; ofi_gate cur=0.33 min=1.80 buy=301 sell=901
1772770145.000,152550,MID,575.0000,0.000,9,1269009,0.711,0.174,0.000,NO_BUY,reject=ret cur=0.00 thr=0.05 margin=-0.05 relax=0.00 | all=ret cur=0.00 thr=0.05 margin=-0.05 relax=0.00; ret10 cur=0.00 thr=0.24 margin=-0.24; ret10_non_positive cur=0.00; ofi_ret10_gate cur=0.00 min=0.20; ofi_trv10_gate cur=2746759 min=30000000; ofi_gate cur=0.56 min=1.80 buy=559 sell=1001; sweep_gate cnt=0 max=0.00 min_cnt=2 thr=1.20
1772770148.000,001290,MID,1339.0000,0.000,49,23414722,0.311,0.224,0.000,NO_BUY,reject=ret cur=0.00 thr=0.05 margin=-0.05 relax=0.00 | all=ret cur=0.00 thr=0.05 margin=-0.05 relax=0.00; ret10 cur=0.00 thr=0.24 margin=-0.24; ret10_non_positive cur=0.00; ofi_ret10_gate cur=0.00 min=0.20; ofi_trv10_gate cur=23417400 min=30000000; ofi_gate cur=0.83 min=1.80 buy=5647 sell=6772
1772770156.000,032820,MID,16780.0000,0.000,18,19577090,0.774,0.060,0.000,NO_BUY,reject=ret cur=0.00 thr=0.05 margin=-0.05 relax=0.00 | all=ret cur=0.00 thr=0.05 margin=-0.05 relax=0.00; ret10 cur=0.00 thr=0.24 margin=-0.24; ret10_non_positive cur=0.00; ofi_ret10_gate cur=0.00 min=0.20; ofi_trv10_gate cur=19778450 min=30000000; ofi_gate cur=0.05 min=1.80 buy=25 sell=512; sweep_gate cnt=1 max=0.86 min_cnt=2 thr=1.20
1772770169.000,001290,MID,1337.0000,0.000,32,31649697,0.566,0.150,0.000,NO_BUY,reject=ret cur=0.00 thr=0.05 margin=-0.05 relax=0.00 | all=ret cur=0.00 thr=0.05 margin=-0.05 relax=0.00; ret10 cur=0.00 thr=0.24 margin=-0.24; ret10_non_positive cur=0.00; ofi_ret10_gate cur=0.00 min=0.20
1772770176.000,032820,MID,16770.0000,0.000,27,59370390,0.802,0.060,0.000,NO_BUY,reject=ret cur=0.00 thr=0.05 margin=-0.05 relax=0.00 | all=ret cur=0.00 thr=0.05 margin=-0.05 relax=0.00; ret10 cur=0.00 thr=0.24 margin=-0.24; ret10_non_positive cur=0.00; ofi_ret10_gate cur=0.00 min=0.20; ofi_gate cur=0.10 min=1.80 buy=65 sell=644
1772770189.000,001290,MID,1325.0000,-0.376,22,17093351,0.676,0.227,0.000,NO_BUY,reject=ret cur=-0.38 thr=0.05 margin=-0.43 relax=0.00 | all=ret cur=-0.38 thr=0.05 margin=-0.43 relax=0.00; ret10 cur=-0.38 thr=0.24 margin=-0.62; ret10_non_positive cur=-0.38; ofi_ret10_gate cur=-0.38 min=0.20; ofi_trv10_gate cur=17105276 min=30000000; ofi_gate cur=0.23 min=1.80 buy=1886 sell=8220
1772770196.000,032820,MID,16730.0000,-0.060,34,189130590,0.959,0.060,0.000,NO_BUY,reject=ret cur=-0.06 thr=0.05 margin=-0.11 relax=0.00 | all=ret cur=-0.06 thr=0.05 margin=-0.11 relax=0.00; ret10 cur=-0.06 thr=0.24 margin=-0.30; ret10_non_positive cur=-0.06; ofi_ret10_gate cur=-0.06 min=0.20; ofi_gate cur=0.01 min=1.80 buy=96 sell=10291; sweep_gate cnt=0 max=0.00 min_cnt=2 thr=1.20
1772770209.000,001290,MID,1331.0000,0.151,10,3813904,0.434,0.300,0.000,NO_BUY,reject=ret10 cur=0.15 thr=0.24 margin=-0.09 | all=ret10 cur=0.15 thr=0.24 margin=-0.09; ofi_ret10_gate cur=0.15 min=0.20; ofi_trv10_gate cur=3815235 min=30000000; ofi_gate cur=0.10 min=1.80 buy=145 sell=1498; sweep_gate cnt=0 max=0.00 min_cnt=2 thr=1.20
1772770216.000,032820,MID,16730.0000,0.000,17,29715690,0.897,0.060,0.000,NO_BUY,reject=ret cur=0.00 thr=0.05 margin=-0.05 relax=0.00 | all=ret cur=0.00 thr=0.05 margin=-0.05 relax=0.00; ret10 cur=0.00 thr=0.24 margin=-0.24; ret10_non_positive cur=0.00; ofi_ret10_gate cur=0.00 min=0.20; sweep_gate cnt=0 max=0.00 min_cnt=2 thr=1.20
1772770229.000,001290,MID,1327.0000,-0.226,21,29587662,0.300,0.302,0.000,NO_BUY,reject=ret cur=-0.23 thr=0.05 margin=-0.28 relax=0.00 | all=ret cur=-0.23 thr=0.05 margin=-0.28 relax=0.00; ret10 cur=-0.23 thr=0.24 margin=-0.47; ret10_non_positive cur=-0.23; ofi_ret10_gate cur=-0.23 min=0.20; ofi_trv10_gate cur=29611548 min=30000000; ofi_gate cur=0.00 min=1.80 buy=5 sell=3005; sweep_gate cnt=0 max=0.00 min_cnt=2 thr=1.20
1772770236.000,032820,MID,16760.0000,0.000,19,41589920,0.833,0.119,0.000,NO_BUY,reject=ret cur=0.00 thr=0.05 margin=-0.05 relax=0.00 | all=ret cur=0.00 thr=0.05 margin=-0.05 relax=0.00; ret10 cur=0.00 thr=0.24 margin=-0.24; ret10_non_positive cur=0.00; ofi_ret10_gate cur=0.00 min=0.20; ofi_gate cur=0.17 min=1.80 buy=79 sell=471
1772770250.000,001290,MID,1318.0000,0.076,10,8594056,0.531,0.152,0.000,NO_BUY,reject=ret10 cur=0.08 thr=0.24 margin=-0.16 | all=ret10 cur=0.08 thr=0.24 margin=-0.16; ofi_ret10_gate cur=0.08 min=0.20; ofi_trv10_gate cur=9075126 min=30000000; ofi_gate cur=0.02 min=1.80 buy=58 sell=2929; sweep_gate cnt=0 max=0.00 min_cnt=2 thr=1.20
1772770256.000,032820,MID,16760.0000,-0.089,33,32739295,0.799,0.060,0.000,NO_BUY,reject=ret cur=-0.09 thr=0.05 margin=-0.14 relax=0.00 | all=ret cur=-0.09 thr=0.05 margin=-0.14 relax=0.00; ret10 cur=-0.09 thr=0.24 margin=-0.33; ret10_non_positive cur=-0.09; ofi_ret10_gate cur=-0.09 min=0.20; ofi_gate cur=1.60 min=1.80 buy=528 sell=331; sweep_gate cnt=0 max=0.00 min_cnt=2 thr=1.20
1772770276.000,032820,MID,16740.0000,0.000,24,52628540,0.877,0.060,0.000,NO_BUY,reject=ret cur=0.00 thr=0.05 margin=-0.05 relax=0.00 | all=ret cur=0.00 thr=0.05 margin=-0.05 relax=0.00; ret10 cur=0.00 thr=0.24 margin=-0.24; ret10_non_positive cur=0.00; ofi_ret10_gate cur=0.00 min=0.20; ofi_gate cur=0.03 min=1.80 buy=44 sell=1661; sweep_gate cnt=0 max=0.00 min_cnt=2 thr=1.20
1772770296.000,032820,MID,16750.0000,0.000,21,34920205,0.870,0.060,0.000,NO_BUY,reject=ret cur=0.00 thr=0.05 margin=-0.05 relax=0.00 | all=ret cur=0.00 thr=0.05 margin=-0.05 relax=0.00; ret10 cur=0.00 thr=0.24 margin=-0.24; ret10_non_positive cur=0.00; ofi_ret10_gate cur=0.00 min=0.20; ofi_gate cur=0.16 min=1.80 buy=58 sell=355; sweep_gate cnt=0 max=0.00 min_cnt=2 thr=1.20
1772770316.000,032820,MID,16770.0000,0.000,16,8875730,0.795,0.060,0.000,NO_BUY,reject=ret cur=0.00 thr=0.05 margin=-0.05 relax=0.00 | all=ret cur=0.00 thr=0.05 margin=-0.05 relax=0.00; ret10 cur=0.00 thr=0.24 margin=-0.24; ret10_non_positive cur=0.00; ofi_ret10_gate cur=0.00 min=0.20; ofi_trv10_gate cur=9496220 min=30000000; sweep_gate cnt=0 max=0.00 min_cnt=2 thr=1.20
1772770337.000,032820,MID,16760.0000,-0.060,27,29411340,0.786,0.060,0.000,NO_BUY,reject=ret cur=-0.06 thr=0.05 margin=-0.11 relax=0.00 | all=ret cur=-0.06 thr=0.05 margin=-0.11 relax=0.00; ret10 cur=-0.06 thr=0.24 margin=-0.30; ret10_non_positive cur=-0.06; ofi_ret10_gate cur=-0.06 min=0.20; ofi_trv10_gate cur=29495140 min=30000000; sweep_gate cnt=0 max=0.00 min_cnt=2 thr=1.20
1772770358.000,032820,MID,16760.0000,0.030,9,1894305,0.773,0.060,0.000,NO_BUY,reject=ret cur=0.03 thr=0.05 margin=-0.02 relax=0.00 | all=ret cur=0.03 thr=0.05 margin=-0.02 relax=0.00; ret10 cur=0.03 thr=0.24 margin=-0.21; ofi_ret10_gate cur=0.03 min=0.20; ofi_trv10_gate cur=4006065 min=30000000; ofi_gate cur=0.03 min=1.80 buy=4 sell=150; sweep_gate cnt=0 max=0.00 min_cnt=2 thr=1.20
1772770378.000,032820,MID,16760.0000,0.000,24,86691410,0.789,0.060,0.000,NO_BUY,reject=ret cur=0.00 thr=0.05 margin=-0.05 relax=0.00 | all=ret cur=0.00 thr=0.05 margin=-0.05 relax=0.00; ret10 cur=0.00 thr=0.24 margin=-0.24; ret10_non_positive cur=0.00; ofi_ret10_gate cur=0.00 min=0.20; ofi_gate cur=0.10 min=1.80 buy=90 sell=873
1772770398.000,032820,MID,16760.0000,0.000,19,4809540,0.786,0.060,0.000,NO_BUY,reject=ret cur=0.00 thr=0.05 margin=-0.05 relax=0.00 | all=ret cur=0.00 thr=0.05 margin=-0.05 relax=0.00; ret10 cur=0.00 thr=0.24 margin=-0.24; ret10_non_positive cur=0.00; ofi_ret10_gate cur=0.00 min=0.20; ofi_trv10_gate cur=5077700 min=30000000; ofi_gate cur=0.34 min=1.80 buy=20 sell=58; sweep_gate cnt=0 max=0.00 min_cnt=2 thr=1.20
1772770418.000,032820,MID,16750.0000,-0.060,14,17320330,0.783,0.060,0.000,NO_BUY,reject=ret cur=-0.06 thr=0.05 margin=-0.11 relax=0.00 | all=ret cur=-0.06 thr=0.05 margin=-0.11 relax=0.00; ret10 cur=-0.06 thr=0.24 margin=-0.30; ret10_non_positive cur=-0.06; ofi_ret10_gate cur=-0.06 min=0.20; ofi_trv10_gate cur=18995330 min=30000000; ofi_gate cur=0.06 min=1.80 buy=24 sell=374; sweep_gate cnt=0 max=0.00 min_cnt=2 thr=1.20
1772770438.000,032820,MID,16750.0000,0.000,17,30411020,0.783,0.060,0.000,NO_BUY,reject=ret cur=0.00 thr=0.05 margin=-0.05 relax=0.00 | all=ret cur=0.00 thr=0.05 margin=-0.05 relax=0.00; ret10 cur=0.00 thr=0.24 margin=-0.24; ret10_non_positive cur=0.00; ofi_ret10_gate cur=0.00 min=0.20; ofi_gate cur=1.43 min=1.80 buy=800 sell=559; sweep_gate cnt=0 max=0.00 min_cnt=2 thr=1.20
1772770458.000,032820,MID,16750.0000,-0.030,16,58007585,0.773,0.060,0.000,NO_BUY,reject=ret cur=-0.03 thr=0.05 margin=-0.08 relax=0.00 | all=ret cur=-0.03 thr=0.05 margin=-0.08 relax=0.00; ret10 cur=-0.03 thr=0.24 margin=-0.27; ret10_non_positive cur=-0.03; ofi_ret10_gate cur=-0.03 min=0.20; ofi_gate cur=0.06 min=1.80 buy=107 sell=1726; sweep_gate cnt=0 max=0.00 min_cnt=2 thr=1.20
1772770478.000,032820,MID,16750.0000,0.000,20,14838910,0.786,0.060,0.000,NO_BUY,reject=ret cur=0.00 thr=0.05 margin=-0.05 relax=0.00 | all=ret cur=0.00 thr=0.05 margin=-0.05 relax=0.00; ret10 cur=0.00 thr=0.24 margin=-0.24; ret10_non_positive cur=0.00; ofi_ret10_gate cur=0.00 min=0.20; ofi_trv10_gate cur=21723160 min=30000000; ofi_gate cur=0.16 min=1.80 buy=41 sell=259; sweep_gate cnt=1 max=1.19 min_cnt=2 thr=1.20
1772770493.000,321370,MID,2475.0000,-0.405,10,17112640,0.313,0.608,0.000,NO_BUY,reject=ret cur=-0.40 thr=0.05 margin=-0.45 relax=0.00 | all=ret cur=-0.40 thr=0.05 margin=-0.45 relax=0.00; ret10 cur=-0.40 thr=0.24 margin=-0.64; ret10_non_positive cur=-0.40; ofi_ret10_gate cur=-0.40 min=0.20; ofi_trv10_gate cur=19513390 min=30000000; ofi_gate cur=1.40 min=1.80 buy=970 sell=693; sweep_gate cnt=0 max=0.00 min_cnt=2 thr=1.20
1772770498.000,032820,MID,16750.0000,0.000,26,63959140,0.860,0.060,0.000,NO_BUY,reject=ret cur=0.00 thr=0.05 margin=-0.05 relax=0.00 | all=ret cur=0.00 thr=0.05 margin=-0.05 relax=0.00; ret10 cur=0.00 thr=0.24 margin=-0.24; ret10_non_positive cur=0.00; ofi_ret10_gate cur=0.00 min=0.20; ofi_gate cur=0.12 min=1.80 buy=298 sell=2576
1772770513.000,321370,MID,2495.0000,-0.399,76,34961000,0.115,0.201,0.000,NO_BUY,reject=ret cur=-0.40 thr=0.05 margin=-0.45 relax=0.00 | all=ret cur=-0.40 thr=0.05 margin=-0.45 relax=0.00; ret10 cur=-0.40 thr=0.24 margin=-0.64; ret10_non_positive cur=-0.40; ofi_ret10_gate cur=-0.40 min=0.20; ofi_gate cur=1.41 min=1.80 buy=2785 sell=1982
1772770518.000,032820,MID,16750.0000,0.060,22,100025130,0.852,0.060,0.000,NO_BUY,reject=ret10 cur=0.06 thr=0.24 margin=-0.18 | all=ret10 cur=0.06 thr=0.24 margin=-0.18; ofi_ret10_gate cur=0.06 min=0.20; ofi_gate cur=0.01 min=1.80 buy=57 sell=5595; sweep_gate cnt=0 max=0.00 min_cnt=2 thr=1.20
1772770533.000,321370,MID,2475.0000,-0.201,30,5743355,0.369,0.202,0.000,NO_BUY,reject=ret cur=-0.20 thr=0.05 margin=-0.25 relax=0.00 | all=ret cur=-0.20 thr=0.05 margin=-0.25 relax=0.00; ret10 cur=-0.20 thr=0.24 margin=-0.44; ret10_non_positive cur=-0.20; ofi_ret10_gate cur=-0.20 min=0.20; ofi_trv10_gate cur=6540305 min=30000000; ofi_gate cur=0.15 min=1.80 buy=112 sell=764; sweep_gate cnt=0 max=0.00 min_cnt=2 thr=1.20
1772770539.000,032820,MID,16750.0000,0.060,11,52873600,0.850,0.060,0.000,NO_BUY,reject=ret10 cur=0.06 thr=0.24 margin=-0.18 | all=ret10 cur=0.06 thr=0.24 margin=-0.18; ofi_ret10_gate cur=0.06 min=0.20; sweep_gate cnt=0 max=0.00 min_cnt=2 thr=1.20
1772770553.000,321370,MID,2475.0000,0.000,27,8476080,0.331,0.202,0.000,NO_BUY,reject=ret cur=0.00 thr=0.05 margin=-0.05 relax=0.00 | all=ret cur=0.00 thr=0.05 margin=-0.05 relax=0.00; ret10 cur=0.00 thr=0.24 margin=-0.24; ret10_non_positive cur=0.00; ofi_ret10_gate cur=0.00 min=0.20; ofi_trv10_gate cur=8488455 min=30000000
1772770559.000,032820,MID,16730.0000,0.000,21,47752400,0.884,0.060,0.000,NO_BUY,reject=ret cur=0.00 thr=0.05 margin=-0.05 relax=0.00 | all=ret cur=0.00 thr=0.05 margin=-0.05 relax=0.00; ret10 cur=0.00 thr=0.24 margin=-0.24; ret10_non_positive cur=0.00; ofi_ret10_gate cur=0.00 min=0.20; ofi_gate cur=0.33 min=1.80 buy=260 sell=782; sweep_gate cnt=1 max=8.47 min_cnt=2 thr=1.20
1772770573.000,321370,MID,2490.0000,0.403,44,26082735,0.247,0.201,0.000,NO_BUY,reject=ofi_trv10_gate cur=26087715 min=30000000 | all=ofi_trv10_gate cur=26087715 min=30000000; ofi_gate cur=0.07 min=1.80 buy=161 sell=2263; sweep_gate cnt=0 max=0.00 min_cnt=2 thr=1.20
1772770579.000,032820,MID,16720.0000,-0.060,26,211753300,0.903,0.060,0.000,NO_BUY,reject=ret cur=-0.06 thr=0.05 margin=-0.11 relax=0.00 | all=ret cur=-0.06 thr=0.05 margin=-0.11 relax=0.00; ret10 cur=-0.06 thr=0.24 margin=-0.30; ret10_non_positive cur=-0.06; ofi_ret10_gate cur=-0.06 min=0.20; ofi_gate cur=0.86 min=1.80 buy=594 sell=693; sweep_gate cnt=1 max=0.88 min_cnt=2 thr=1.20
1772770593.000,321370,MID,2485.0000,0.000,47,44393970,0.206,0.201,0.000,NO_BUY,reject=ret cur=0.00 thr=0.05 margin=-0.05 relax=0.00 | all=ret cur=0.00 thr=0.05 margin=-0.05 relax=0.00; ret10 cur=0.00 thr=0.24 margin=-0.24; ret10_non_positive cur=0.00; ofi_ret10_gate cur=0.00 min=0.20
1772770599.000,032820,MID,16700.0000,0.000,27,55126910,0.940,0.060,0.000,NO_BUY,reject=ret cur=0.00 thr=0.05 margin=-0.05 relax=0.00 | all=ret cur=0.00 thr=0.05 margin=-0.05 relax=0.00; ret10 cur=0.00 thr=0.24 margin=-0.24; ret10_non_positive cur=0.00; ofi_ret10_gate cur=0.00 min=0.20; ofi_gate cur=0.04 min=1.80 buy=71 sell=1662; sweep_gate cnt=0 max=0.00 min_cnt=2 thr=1.20
1772770613.000,321370,MID,2490.0000,0.403,22,20635320,0.270,0.201,0.000,NO_BUY,reject=ofi_trv10_gate cur=20637810 min=30000000 | all=ofi_trv10_gate cur=20637810 min=30000000; sweep_gate cnt=1 max=1.20 min_cnt=2 thr=1.20
1772770619.000,032820,MID,16710.0000,0.000,25,57075840,0.915,0.060,0.000,NO_BUY,reject=ret cur=0.00 thr=0.05 margin=-0.05 relax=0.00 | all=ret cur=0.00 thr=0.05 margin=-0.05 relax=0.00; ret10 cur=0.00 thr=0.24 margin=-0.24; ret10_non_positive cur=0.00; ofi_ret10_gate cur=0.00 min=0.20; ofi_gate cur=0.24 min=1.80 buy=165 sell=678; sweep_gate cnt=0 max=0.00 min_cnt=2 thr=1.20
1772770632.000,001290,MID,1313.0000,0.303,2,13240,0.142,0.985,0.000,NO_BUY,reject=ticks cur=2 thr=5 margin=-3 | all=ticks cur=2 thr=5 margin=-3; ofi_trv10_gate cur=86768 min=30000000; ofi_gate cur=0.09 min=1.80 buy=5 sell=56; sweep_gate cnt=0 max=0.00 min_cnt=2 thr=1.20
1772770639.000,032820,MID,16730.0000,0.060,19,92009810,0.895,0.060,0.000,NO_BUY,reject=ret10 cur=0.06 thr=0.24 margin=-0.18 | all=ret10 cur=0.06 thr=0.24 margin=-0.18; ofi_ret10_gate cur=0.06 min=0.20; ofi_gate cur=0.29 min=1.80 buy=895 sell=3035
1772770652.000,001290,MID,1319.0000,-0.076,6,673100,0.186,0.228,0.000,NO_BUY,reject=ret cur=-0.08 thr=0.05 margin=-0.13 relax=0.00 | all=ret cur=-0.08 thr=0.05 margin=-0.13 relax=0.00; ret10 cur=-0.08 thr=0.24 margin=-0.32; ret10_non_positive cur=-0.08; ofi_ret10_gate cur=-0.08 min=0.20; ofi_trv10_gate cur=805000 min=30000000; ofi_gate cur=0.00 min=1.80 buy=0 sell=100; sweep_gate cnt=0 max=0.00 min_cnt=2 thr=1.20
1772770659.000,032820,MID,16720.0000,0.000,21,47673270,0.912,0.060,0.000,NO_BUY,reject=ret cur=0.00 thr=0.05 margin=-0.05 relax=0.00 | all=ret cur=0.00 thr=0.05 margin=-0.05 relax=0.00; ret10 cur=0.00 thr=0.24 margin=-0.24; ret10_non_positive cur=0.00; ofi_ret10_gate cur=0.00 min=0.20; ofi_gate cur=0.22 min=1.80 buy=126 sell=569; sweep_gate cnt=1 max=2.43 min_cnt=2 thr=1.20
1772770673.000,001290,MID,1318.0000,0.000,6,1094720,0.184,0.378,0.000,NO_BUY,reject=ret cur=0.00 thr=0.05 margin=-0.05 relax=0.00 | all=ret cur=0.00 thr=0.05 margin=-0.05 relax=0.00; ret10 cur=0.00 thr=0.24 margin=-0.24; ret10_non_positive cur=0.00; ofi_ret10_gate cur=0.00 min=0.20; ofi_trv10_gate cur=2093764 min=30000000; ofi_gate cur=0.06 min=1.80 buy=50 sell=808; sweep_gate cnt=0 max=0.00 min_cnt=2 thr=1.20
1772770680.000,032820,MID,16720.0000,0.000,16,16162070,0.908,0.060,0.000,NO_BUY,reject=ret cur=0.00 thr=0.05 margin=-0.05 relax=0.00 | all=ret cur=0.00 thr=0.05 margin=-0.05 relax=0.00; ret10 cur=0.00 thr=0.24 margin=-0.24; ret10_non_positive cur=0.00; ofi_ret10_gate cur=0.00 min=0.20; ofi_trv10_gate cur=16312550 min=30000000; ofi_gate cur=0.85 min=1.80 buy=211 sell=247; sweep_gate cnt=1 max=0.90 min_cnt=2 thr=1.20
1772770702.000,032820,MID,16720.0000,0.000,3,5099600,0.861,0.120,0.000,NO_BUY,reject=ret cur=0.00 thr=0.05 margin=-0.05 relax=0.00 | all=ret cur=0.00 thr=0.05 margin=-0.05 relax=0.00; ticks cur=3 thr=5 margin=-2; ret10 cur=0.00 thr=0.24 margin=-0.24; ret10_non_positive cur=0.00; ofi_ret10_gate cur=0.00 min=0.20; ofi_trv10_gate cur=5233360 min=30000000; ofi_gate cur=0.00 min=1.80 buy=0 sell=0; sweep_gate cnt=0 max=0.00 min_cnt=2 thr=1.20
1772770722.000,032820,MID,16710.0000,-0.060,17,29553380,0.889,0.060,0.000,NO_BUY,reject=ret cur=-0.06 thr=0.05 margin=-0.11 relax=0.00 | all=ret cur=-0.06 thr=0.05 margin=-0.11 relax=0.00; ret10 cur=-0.06 thr=0.24 margin=-0.30; ret10_non_positive cur=-0.06; ofi_ret10_gate cur=-0.06 min=0.20; ofi_trv10_gate cur=29787320 min=30000000; ofi_gate cur=0.01 min=1.80 buy=4 sell=704; sweep_gate cnt=0 max=0.00 min_cnt=2 thr=1.20
1772770742.000,032820,MID,16700.0000,0.000,24,62091830,0.896,0.060,0.000,NO_BUY,reject=ret cur=0.00 thr=0.05 margin=-0.05 relax=0.00 | all=ret cur=0.00 thr=0.05 margin=-0.05 relax=0.00; ret10 cur=0.00 thr=0.24 margin=-0.24; ret10_non_positive cur=0.00; ofi_ret10_gate cur=0.00 min=0.20; ofi_gate cur=0.72 min=1.80 buy=123 sell=171; sweep_gate cnt=0 max=0.00 min_cnt=2 thr=1.20
1772770762.000,032820,MID,16690.0000,-0.090,28,82461565,0.934,0.060,0.000,NO_BUY,reject=ret cur=-0.09 thr=0.05 margin=-0.14 relax=0.00 | all=ret cur=-0.09 thr=0.05 margin=-0.14 relax=0.00; ret10 cur=-0.09 thr=0.24 margin=-0.33; ret10_non_positive cur=-0.09; ofi_ret10_gate cur=-0.09 min=0.20; ofi_gate cur=0.03 min=1.80 buy=110 sell=3835; sweep_gate cnt=2 max=1.13 min_cnt=2 thr=1.20
1772770782.000,032820,MID,16690.0000,0.000,48,200968460,0.935,0.060,0.000,NO_BUY,reject=ret cur=0.00 thr=0.05 margin=-0.05 relax=0.00 | all=ret cur=0.00 thr=0.05 margin=-0.05 relax=0.00; ret10 cur=0.00 thr=0.24 margin=-0.24; ret10_non_positive cur=0.00; ofi_ret10_gate cur=0.00 min=0.20; ofi_gate cur=0.19 min=1.80 buy=114 sell=596
1772770802.000,032820,MID,16690.0000,-0.060,34,58005260,0.935,0.060,0.000,NO_BUY,reject=ret cur=-0.06 thr=0.05 margin=-0.11 relax=0.00 | all=ret cur=-0.06 thr=0.05 margin=-0.11 relax=0.00; ret10 cur=-0.06 thr=0.24 margin=-0.30; ret10_non_positive cur=-0.06; ofi_ret10_gate cur=-0.06 min=0.20; ofi_gate cur=0.34 min=1.80 buy=250 sell=736; sweep_gate cnt=1 max=1.22 min_cnt=2 thr=1.20
1772770822.000,032820,MID,16680.0000,0.000,35,129254060,0.936,0.060,0.000,NO_BUY,reject=ret cur=0.00 thr=0.05 margin=-0.05 relax=0.00 | all=ret cur=0.00 thr=0.05 margin=-0.05 relax=0.00; ret10 cur=0.00 thr=0.24 margin=-0.24; ret10_non_positive cur=0.00; ofi_ret10_gate cur=0.00 min=0.20; ofi_gate cur=0.48 min=1.80 buy=1316 sell=2770; sweep_gate cnt=0 max=0.00 min_cnt=2 thr=1.20
1772770842.000,032820,MID,16690.0000,-0.060,38,93004140,0.939,0.060,0.000,NO_BUY,reject=ret cur=-0.06 thr=0.05 margin=-0.11 relax=0.00 | all=ret cur=-0.06 thr=0.05 margin=-0.11 relax=0.00; ret10 cur=-0.06 thr=0.24 margin=-0.30; ret10_non_positive cur=-0.06; ofi_ret10_gate cur=-0.06 min=0.20; sweep_gate cnt=0 max=0.00 min_cnt=2 thr=1.20
1772770862.000,032820,MID,16690.0000,0.000,31,81506750,0.937,0.060,0.000,NO_BUY,reject=ret cur=0.00 thr=0.05 margin=-0.05 relax=0.00 | all=ret cur=0.00 thr=0.05 margin=-0.05 relax=0.00; ret10 cur=0.00 thr=0.24 margin=-0.24; ret10_non_positive cur=0.00; ofi_ret10_gate cur=0.00 min=0.20
1772770882.000,032820,MID,16680.0000,0.000,34,64458795,0.922,0.060,0.000,NO_BUY,reject=ret cur=0.00 thr=0.05 margin=-0.05 relax=0.00 | all=ret cur=0.00 thr=0.05 margin=-0.05 relax=0.00; ret10 cur=0.00 thr=0.24 margin=-0.24; ret10_non_positive cur=0.00; ofi_ret10_gate cur=0.00 min=0.20; ofi_gate cur=0.86 min=1.80 buy=737 sell=860; sweep_gate cnt=1 max=1.38 min_cnt=2 thr=1.20
1772770890.000,001290,MID,1325.0000,0.530,3,772624,0.424,0.301,0.000,NO_BUY,reject=ticks cur=3 thr=5 margin=-2 | all=ticks cur=3 thr=5 margin=-2; ofi_trv10_gate cur=785874 min=30000000; sweep_gate cnt=0 max=0.00 min_cnt=2 thr=1.20
1772770902.000,032820,MID,16650.0000,-0.240,891,2688101990,0.911,0.060,0.000,NO_BUY,reject=ret cur=-0.24 thr=0.05 margin=-0.29 relax=0.00 | all=ret cur=-0.24 thr=0.05 margin=-0.29 relax=0.00; ret10 cur=-0.24 thr=0.24 margin=-0.48; ret10_non_positive cur=-0.24; ofi_ret10_gate cur=-0.24 min=0.20; ofi_gate cur=0.21 min=1.80 buy=1169 sell=5669; sweep_gate cnt=0 max=0.00 min_cnt=2 thr=1.20
1772770910.000,001290,MID,1321.0000,-0.527,5,4214276,0.499,0.453,0.000,NO_BUY,reject=ret cur=-0.53 thr=0.05 margin=-0.58 relax=0.00 | all=ret cur=-0.53 thr=0.05 margin=-0.58 relax=0.00; ret10 cur=-0.53 thr=0.24 margin=-0.77; ret10_non_positive cur=-0.53; ofi_ret10_gate cur=-0.53 min=0.20; ofi_trv10_gate cur=4227486 min=30000000; ofi_gate cur=0.00 min=1.80 buy=0 sell=3005; sweep_gate cnt=0 max=0.00 min_cnt=2 thr=1.20
1772770922.000,032820,MID,16665.0000,0.000,58,137572315,0.928,0.060,0.000,NO_BUY,reject=ret cur=0.00 thr=0.05 margin=-0.05 relax=0.00 | all=ret cur=0.00 thr=0.05 margin=-0.05 relax=0.00; ret10 cur=0.00 thr=0.24 margin=-0.24; ret10_non_positive cur=0.00; ofi_ret10_gate cur=0.00 min=0.20; ofi_gate cur=0.03 min=1.80 buy=168 sell=4956; sweep_gate cnt=0 max=0.00 min_cnt=2 thr=1.20
1772770931.000,001290,MID,1322.0000,0.000,4,4004338,0.452,0.378,0.000,NO_BUY,reject=ret cur=0.00 thr=0.05 margin=-0.05 relax=0.00 | all=ret cur=0.00 thr=0.05 margin=-0.05 relax=0.00; ticks cur=4 thr=5 margin=-1; ret10 cur=0.00 thr=0.24 margin=-0.24; ret10_non_positive cur=0.00; ofi_ret10_gate cur=0.00 min=0.20; ofi_trv10_gate cur=4012270 min=30000000; ofi_gate cur=0.00 min=1.80 buy=0 sell=0; sweep_gate cnt=0 max=0.00 min_cnt=2 thr=1.20
1772770942.000,032820,MID,16660.0000,0.060,30,96537650,0.936,0.060,0.000,NO_BUY,reject=ret10 cur=0.06 thr=0.24 margin=-0.18 | all=ret10 cur=0.06 thr=0.24 margin=-0.18; ofi_ret10_gate cur=0.06 min=0.20; ofi_gate cur=0.45 min=1.80 buy=108 sell=241; sweep_gate cnt=1 max=1.00 min_cnt=2 thr=1.20
1772770958.000,001290,MID,1320.0000,0.076,3,1338872,0.798,0.076,0.000,NO_BUY,reject=ticks cur=3 thr=5 margin=-2 | all=ticks cur=3 thr=5 margin=-2; ret10 cur=0.08 thr=0.24 margin=-0.16; ofi_ret10_gate cur=0.08 min=0.20; ofi_trv10_gate cur=1485392 min=30000000; sweep_gate cnt=0 max=0.00 min_cnt=2 thr=1.20
1772770962.000,032820,MID,16670.0000,0.060,70,154480340,0.938,0.180,0.000,NO_BUY,reject=ret10 cur=0.06 thr=0.24 margin=-0.18 | all=ret10 cur=0.06 thr=0.24 margin=-0.18; ofi_ret10_gate cur=0.06 min=0.20; sweep_gate cnt=1 max=0.95 min_cnt=2 thr=1.20
1772770978.000,001290,MID,1321.0000,0.076,14,6204607,0.767,0.152,0.000,NO_BUY,reject=ret10 cur=0.08 thr=0.24 margin=-0.16 | all=ret10 cur=0.08 thr=0.24 margin=-0.16; ofi_ret10_gate cur=0.08 min=0.20; ofi_trv10_gate cur=7525607 min=30000000; ofi_gate cur=0.31 min=1.80 buy=5 sell=16; sweep_gate cnt=0 max=0.00 min_cnt=2 thr=1.20
1772770982.000,032820,MID,16700.0000,0.000,0,0,0.940,0.359,0.000,NO_BUY,qty=0 cash=4229
1772770998.000,001290,MID,1319.0000,0.000,12,3506485,0.716,0.076,0.000,NO_BUY,reject=ret cur=0.00 thr=0.05 margin=-0.05 relax=0.00 | all=ret cur=0.00 thr=0.05 margin=-0.05 relax=0.00; ret10 cur=0.00 thr=0.24 margin=-0.24; ret10_non_positive cur=0.00; ofi_ret10_gate cur=0.00 min=0.20; ofi_trv10_gate cur=3605410 min=30000000; ofi_gate cur=0.06 min=1.80 buy=42 sell=735; sweep_gate cnt=1 max=1.00 min_cnt=2 thr=1.20
1772771002.000,032820,MID,16720.0000,0.000,21,41723100,0.869,0.120,0.000,NO_BUY,reject=ret cur=0.00 thr=0.05 margin=-0.05 relax=0.00 | all=ret cur=0.00 thr=0.05 margin=-0.05 relax=0.00; ret10 cur=0.00 thr=0.24 margin=-0.24; ret10_non_positive cur=0.00; ofi_ret10_gate cur=0.00 min=0.20; sweep_gate cnt=1 max=1.62 min_cnt=2 thr=1.20
1772771022.000,032820,MID,16720.0000,0.060,17,20323350,0.842,0.060,0.000,NO_BUY,reject=ret10 cur=0.06 thr=0.24 margin=-0.18 | all=ret10 cur=0.06 thr=0.24 margin=-0.18; ofi_ret10_gate cur=0.06 min=0.20; ofi_trv10_gate cur=20657750 min=30000000; ofi_gate cur=0.44 min=1.80 buy=178 sell=405
1772771042.000,032820,MID,16710.0000,-0.060,22,29376800,0.844,0.060,0.000,NO_BUY,reject=ret cur=-0.06 thr=0.05 margin=-0.11 relax=0.00 | all=ret cur=-0.06 thr=0.05 margin=-0.11 relax=0.00; ret10 cur=-0.06 thr=0.24 margin=-0.30; ret10_non_positive cur=-0.06; ofi_ret10_gate cur=-0.06 min=0.20; ofi_trv10_gate cur=29861390 min=30000000; ofi_gate cur=0.07 min=1.80 buy=58 sell=790; sweep_gate cnt=1 max=1.11 min_cnt=2 thr=1.20
1772771062.000,032820,MID,16700.0000,-0.060,19,16590370,0.835,0.060,0.000,NO_BUY,reject=ret cur=-0.06 thr=0.05 margin=-0.11 relax=0.00 | all=ret cur=-0.06 thr=0.05 margin=-0.11 relax=0.00; ret10 cur=-0.06 thr=0.24 margin=-0.30; ret10_non_positive cur=-0.06; ofi_ret10_gate cur=-0.06 min=0.20; ofi_trv10_gate cur=17625770 min=30000000; ofi_gate cur=0.58 min=1.80 buy=106 sell=184; sweep_gate cnt=3 max=1.14 min_cnt=2 thr=1.20
1772771082.000,032820,MID,16700.0000,0.000,27,43380995,0.889,0.120,0.000,NO_BUY,reject=ret cur=0.00 thr=0.05 margin=-0.05 relax=0.00 | all=ret cur=0.00 thr=0.05 margin=-0.05 relax=0.00; ret10 cur=0.00 thr=0.24 margin=-0.24; ret10_non_positive cur=0.00; ofi_ret10_gate cur=0.00 min=0.20; ofi_gate cur=0.39 min=1.80 buy=364 sell=925; sweep_gate cnt=0 max=0.00 min_cnt=2 thr=1.20
1772771105.000,032820,MID,16710.0000,0.240,14,108668110,0.870,0.120,0.000,NO_BUY,reject=ret10 cur=0.24 thr=0.24 margin=-0.00 | all=ret10 cur=0.24 thr=0.24 margin=-0.00; sweep_gate cnt=0 max=0.00 min_cnt=2 thr=1.20
1772771125.000,032820,MID,16690.0000,0.000,19,37015120,0.886,0.060,0.000,NO_BUY,reject=ret cur=0.00 thr=0.05 margin=-0.05 relax=0.00 | all=ret cur=0.00 thr=0.05 margin=-0.05 relax=0.00; ret10 cur=0.00 thr=0.24 margin=-0.24; ret10_non_positive cur=0.00; ofi_ret10_gate cur=0.00 min=0.20; ofi_gate cur=0.11 min=1.80 buy=141 sell=1326; sweep_gate cnt=0 max=0.00 min_cnt=2 thr=1.20
1772771145.000,032820,MID,16690.0000,-0.060,22,24165950,0.889,0.120,0.000,NO_BUY,reject=ret cur=-0.06 thr=0.05 margin=-0.11 relax=0.00 | all=ret cur=-0.06 thr=0.05 margin=-0.11 relax=0.00; ret10 cur=-0.06 thr=0.24 margin=-0.30; ret10_non_positive cur=-0.06; ofi_ret10_gate cur=-0.06 min=0.20; ofi_trv10_gate cur=25167350 min=30000000; ofi_gate cur=0.10 min=1.80 buy=111 sell=1068; sweep_gate cnt=0 max=0.00 min_cnt=2 thr=1.20
1772771165.000,032820,MID,16680.0000,-0.060,25,48211060,0.887,0.060,0.000,NO_BUY,reject=ret cur=-0.06 thr=0.05 margin=-0.11 relax=0.00 | all=ret cur=-0.06 thr=0.05 margin=-0.11 relax=0.00; ret10 cur=-0.06 thr=0.24 margin=-0.30; ret10_non_positive cur=-0.06; ofi_ret10_gate cur=-0.06 min=0.20; ofi_gate cur=0.28 min=1.80 buy=311 sell=1111; sweep_gate cnt=0 max=0.00 min_cnt=2 thr=1.20
1772771185.000,032820,MID,16685.0000,0.030,10,4922500,0.875,0.060,0.000,NO_BUY,reject=ret cur=0.03 thr=0.05 margin=-0.02 relax=0.00 | all=ret cur=0.03 thr=0.05 margin=-0.02 relax=0.00; ret10 cur=0.03 thr=0.24 margin=-0.21; ofi_ret10_gate cur=0.03 min=0.20; ofi_trv10_gate cur=6040395 min=30000000; sweep_gate cnt=0 max=0.00 min_cnt=2 thr=1.20
1772771205.000,032820,MID,16680.0000,0.000,29,78017250,0.907,0.060,0.000,NO_BUY,reject=ret cur=0.00 thr=0.05 margin=-0.05 relax=0.00 | all=ret cur=0.00 thr=0.05 margin=-0.05 relax=0.00; ret10 cur=0.00 thr=0.24 margin=-0.24; ret10_non_positive cur=0.00; ofi_ret10_gate cur=0.00 min=0.20; ofi_gate cur=0.05 min=1.80 buy=107 sell=2270
1772771225.000,032820,MID,16680.0000,0.000,11,7952150,0.896,0.060,0.000,NO_BUY,reject=ret cur=0.00 thr=0.05 margin=-0.05 relax=0.00 | all=ret cur=0.00 thr=0.05 margin=-0.05 relax=0.00; ret10 cur=0.00 thr=0.24 margin=-0.24; ret10_non_positive cur=0.00; ofi_ret10_gate cur=0.00 min=0.20; ofi_trv10_gate cur=24632150 min=30000000; sweep_gate cnt=0 max=0.00 min_cnt=2 thr=1.20
1772771246.000,032820,MID,16670.0000,0.000,20,39626930,0.899,0.060,0.000,NO_BUY,reject=ret cur=0.00 thr=0.05 margin=-0.05 relax=0.00 | all=ret cur=0.00 thr=0.05 margin=-0.05 relax=0.00; ret10 cur=0.00 thr=0.24 margin=-0.24; ret10_non_positive cur=0.00; ofi_ret10_gate cur=0.00 min=0.20; ofi_gate cur=0.14 min=1.80 buy=234 sell=1634; sweep_gate cnt=0 max=0.00 min_cnt=2 thr=1.20
1772771266.000,032820,MID,16680.0000,0.000,26,84853530,0.905,0.060,0.000,NO_BUY,reject=ret cur=0.00 thr=0.05 margin=-0.05 relax=0.00 | all=ret cur=0.00 thr=0.05 margin=-0.05 relax=0.00; ret10 cur=0.00 thr=0.24 margin=-0.24; ret10_non_positive cur=0.00; ofi_ret10_gate cur=0.00 min=0.20; ofi_gate cur=1.49 min=1.80 buy=342 sell=230; sweep_gate cnt=0 max=0.00 min_cnt=2 thr=1.20
1772771286.000,032820,MID,16680.0000,-0.060,9,10912040,0.895,0.060,0.000,NO_BUY,reject=ret cur=-0.06 thr=0.05 margin=-0.11 relax=0.00 | all=ret cur=-0.06 thr=0.05 margin=-0.11 relax=0.00; ret10 cur=-0.06 thr=0.24 margin=-0.30; ret10_non_positive cur=-0.06; ofi_ret10_gate cur=-0.06 min=0.20; ofi_trv10_gate cur=10928720 min=30000000; ofi_gate cur=0.25 min=1.80 buy=25 sell=101; sweep_gate cnt=0 max=0.00 min_cnt=2 thr=1.20
1772771307.000,032820,MID,16720.0000,0.120,10,10631940,0.790,0.060,0.000,NO_BUY,reject=ret10 cur=0.12 thr=0.24 margin=-0.12 | all=ret10 cur=0.12 thr=0.24 margin=-0.12; ofi_ret10_gate cur=0.12 min=0.20; ofi_trv10_gate cur=11133540 min=30000000; ofi_gate cur=0.39 min=1.80 buy=17 sell=44
1772771328.000,032820,MID,16710.0000,-0.060,16,22678910,0.798,0.120,0.000,NO_BUY,reject=ret cur=-0.06 thr=0.05 margin=-0.11 relax=0.00 | all=ret cur=-0.06 thr=0.05 margin=-0.11 relax=0.00; ret10 cur=-0.06 thr=0.24 margin=-0.30; ret10_non_positive cur=-0.06; ofi_ret10_gate cur=-0.06 min=0.20; ofi_trv10_gate cur=27257450 min=30000000; ofi_gate cur=0.02 min=1.80 buy=2 sell=116; sweep_gate cnt=0 max=0.00 min_cnt=2 thr=1.20
1772771348.000,032820,MID,16690.0000,-0.060,52,73792970,0.901,0.120,0.000,NO_BUY,reject=ret cur=-0.06 thr=0.05 margin=-0.11 relax=0.00 | all=ret cur=-0.06 thr=0.05 margin=-0.11 relax=0.00; ret10 cur=-0.06 thr=0.24 margin=-0.30; ret10_non_positive cur=-0.06; ofi_ret10_gate cur=-0.06 min=0.20; ofi_gate cur=0.09 min=1.80 buy=256 sell=2803
1772771368.000,032820,MID,16700.0000,0.000,20,65885270,0.815,0.060,0.000,NO_BUY,reject=ret cur=0.00 thr=0.05 margin=-0.05 relax=0.00 | all=ret cur=0.00 thr=0.05 margin=-0.05 relax=0.00; ret10 cur=0.00 thr=0.24 margin=-0.24; ret10_non_positive cur=0.00; ofi_ret10_gate cur=0.00 min=0.20; ofi_gate cur=0.36 min=1.80 buy=60 sell=166; sweep_gate cnt=1 max=1.00 min_cnt=2 thr=1.20
1772771388.000,032820,MID,16700.0000,0.060,10,5644540,0.875,0.060,0.000,NO_BUY,reject=ret10 cur=0.06 thr=0.24 margin=-0.18 | all=ret10 cur=0.06 thr=0.24 margin=-0.18; ofi_ret10_gate cur=0.06 min=0.20; ofi_trv10_gate cur=5661240 min=30000000; ofi_gate cur=0.65 min=1.80 buy=53 sell=82
1772771408.000,032820,MID,16710.0000,0.000,12,18035700,0.847,0.179,0.000,NO_BUY,reject=ret cur=0.00 thr=0.05 margin=-0.05 relax=0.00 | all=ret cur=0.00 thr=0.05 margin=-0.05 relax=0.00; ret10 cur=0.00 thr=0.24 margin=-0.24; ret10_non_positive cur=0.00; ofi_ret10_gate cur=0.00 min=0.20; ofi_trv10_gate cur=18369900 min=30000000; ofi_gate cur=0.09 min=1.80 buy=6 sell=70; sweep_gate cnt=1 max=690.00 min_cnt=2 thr=1.20
1772771429.000,032820,MID,16730.0000,0.060,39,41822970,0.783,0.120,0.000,NO_BUY,reject=ret10 cur=0.06 thr=0.24 margin=-0.18 | all=ret10 cur=0.06 thr=0.24 margin=-0.18; ofi_ret10_gate cur=0.06 min=0.20; ofi_gate cur=1.61 min=1.80 buy=501 sell=311; sweep_gate cnt=0 max=0.00 min_cnt=2 thr=1.20
1772771431.000,321370,MID,2580.0000,0.194,3,379145,0.076,0.194,0.000,NO_BUY,reject=ticks cur=3 thr=5 margin=-2 | all=ticks cur=3 thr=5 margin=-2; ret10 cur=0.19 thr=0.24 margin=-0.05; ofi_ret10_gate cur=0.19 min=0.20; ofi_trv10_gate cur=856445 min=30000000; sweep_gate cnt=0 max=0.00 min_cnt=2 thr=1.20
1772771449.000,032820,MID,16730.0000,0.000,16,32156150,0.734,0.060,0.000,NO_BUY,reject=ret cur=0.00 thr=0.05 margin=-0.05 relax=0.00 | all=ret cur=0.00 thr=0.05 margin=-0.05 relax=0.00; ret10 cur=0.00 thr=0.24 margin=-0.24; ret10_non_positive cur=0.00; ofi_ret10_gate cur=0.00 min=0.20; ofi_gate cur=0.82 min=1.80 buy=197 sell=239; sweep_gate cnt=1 max=0.98 min_cnt=2 thr=1.20
1772771451.000,321370,MID,2560.0000,-0.195,34,45229220,0.097,0.196,0.000,NO_BUY,reject=ret cur=-0.20 thr=0.05 margin=-0.25 relax=0.00 | all=ret cur=-0.20 thr=0.05 margin=-0.25 relax=0.00; ret10 cur=-0.20 thr=0.24 margin=-0.44; ret10_non_positive cur=-0.20; ofi_ret10_gate cur=-0.20 min=0.20; ofi_gate cur=1.57 min=1.80 buy=6211 sell=3946
1772771471.000,032820,MID,16740.0000,-0.060,22,52171940,0.648,0.060,0.000,NO_BUY,reject=ret cur=-0.06 thr=0.05 margin=-0.11 relax=0.00 | all=ret cur=-0.06 thr=0.05 margin=-0.11 relax=0.00; ret10 cur=-0.06 thr=0.24 margin=-0.30; ret10_non_positive cur=-0.06; ofi_ret10_gate cur=-0.06 min=0.20; ofi_gate cur=0.36 min=1.80 buy=238 sell=664
1772771471.000,321370,MID,2555.0000,-0.390,50,74763315,0.075,0.196,0.000,NO_BUY,reject=ret cur=-0.39 thr=0.05 margin=-0.44 relax=0.00 | all=ret cur=-0.39 thr=0.05 margin=-0.44 relax=0.00; ret10 cur=-0.39 thr=0.24 margin=-0.63; ret10_non_positive cur=-0.39; ofi_ret10_gate cur=-0.39 min=0.20; ofi_gate cur=0.10 min=1.80 buy=581 sell=5968; sweep_gate cnt=1 max=8.65 min_cnt=2 thr=1.20
1772771491.000,321370,MID,2545.0000,-0.196,24,24525025,0.214,0.392,0.000,NO_BUY,reject=ret cur=-0.20 thr=0.05 margin=-0.25 relax=0.00 | all=ret cur=-0.20 thr=0.05 margin=-0.25 relax=0.00; ret10 cur=-0.20 thr=0.24 margin=-0.44; ret10_non_positive cur=-0.20; ofi_ret10_gate cur=-0.20 min=0.20; ofi_trv10_gate cur=24754075 min=30000000; sweep_gate cnt=0 max=0.00 min_cnt=2 thr=1.20
1772771491.000,032820,MID,16740.0000,0.060,85,125318855,0.632,0.119,0.000,NO_BUY,reject=ret10 cur=0.06 thr=0.24 margin=-0.18 | all=ret10 cur=0.06 thr=0.24 margin=-0.18; ofi_ret10_gate cur=0.06 min=0.20; ofi_gate cur=0.46 min=1.80 buy=237 sell=511; sweep_gate cnt=0 max=0.00 min_cnt=2 thr=1.20
1772771511.000,321370,MID,2560.0000,0.196,17,5792370,0.242,0.196,0.000,NO_BUY,reject=ret10 cur=0.20 thr=0.24 margin=-0.04 | all=ret10 cur=0.20 thr=0.24 margin=-0.04; ofi_ret10_gate cur=0.20 min=0.20; ofi_trv10_gate cur=5843570 min=30000000; ofi_gate cur=0.04 min=1.80 buy=20 sell=550; sweep_gate cnt=0 max=0.00 min_cnt=2 thr=1.20
1772771511.000,032820,MID,16750.0000,0.000,16,5694510,0.687,0.060,0.000,NO_BUY,reject=ret cur=0.00 thr=0.05 margin=-0.05 relax=0.00 | all=ret cur=0.00 thr=0.05 margin=-0.05 relax=0.00; ret10 cur=0.00 thr=0.24 margin=-0.24; ret10_non_positive cur=0.00; ofi_ret10_gate cur=0.00 min=0.20; sweep_gate cnt=1 max=47.41 min_cnt=2 thr=1.20
1772771531.000,032820,MID,16750.0000,-0.060,18,110475480,0.515,0.060,0.000,NO_BUY,reject=ret cur=-0.06 thr=0.05 margin=-0.11 relax=0.00 | all=ret cur=-0.06 thr=0.05 margin=-0.11 relax=0.00; ret10 cur=-0.06 thr=0.24 margin=-0.30; ret10_non_positive cur=-0.06; ofi_ret10_gate cur=-0.06 min=0.20; ofi_gate cur=0.08 min=1.80 buy=101 sell=1294; sweep_gate cnt=1 max=2.38 min_cnt=2 thr=1.20
1772771531.000,321370,MID,2570.0000,0.391,68,55975665,0.245,0.195,0.000,NO_BUY,reject=ofi_gate cur=0.85 min=1.80 buy=5259 sell=6182 | all=ofi_gate cur=0.85 min=1.80 buy=5259 sell=6182; sweep_gate cnt=1 max=1.00 min_cnt=2 thr=1.20
1772771534.000,001290,MID,1310.0000,0.000,2,66810,0.821,0.765,0.000,NO_BUY,reject=ret cur=0.00 thr=0.05 margin=-0.05 relax=0.00 | all=ret cur=0.00 thr=0.05 margin=-0.05 relax=0.00; ticks cur=2 thr=5 margin=-3; ret10 cur=0.00 thr=0.24 margin=-0.24; ret10_non_positive cur=0.00; ofi_ret10_gate cur=0.00 min=0.20; ofi_trv10_gate cur=195190 min=30000000; ofi_gate cur=0.00 min=1.80 buy=0 sell=0; sweep_gate cnt=0 max=0.00 min_cnt=2 thr=1.20
1772771551.000,032820,MID,16760.0000,0.060,21,58512560,0.516,0.060,0.000,NO_BUY,reject=ret10 cur=0.06 thr=0.24 margin=-0.18 | all=ret10 cur=0.06 thr=0.24 margin=-0.18; ofi_ret10_gate cur=0.06 min=0.20
1772771551.000,321370,MID,2575.0000,0.000,80,42369694,0.272,0.194,0.000,NO_BUY,reject=ret cur=0.00 thr=0.05 margin=-0.05 relax=0.00 | all=ret cur=0.00 thr=0.05 margin=-0.05 relax=0.00; ret10 cur=0.00 thr=0.24 margin=-0.24; ret10_non_positive cur=0.00; ofi_ret10_gate cur=0.00 min=0.20; ofi_gate cur=1.19 min=1.80 buy=1581 sell=1327; sweep_gate cnt=0 max=0.00 min_cnt=2 thr=1.20
1772771572.000,032820,MID,16760.0000,0.000,27,139931630,0.504,0.060,0.000,NO_BUY,reject=ret cur=0.00 thr=0.05 margin=-0.05 relax=0.00 | all=ret cur=0.00 thr=0.05 margin=-0.05 relax=0.00; ret10 cur=0.00 thr=0.24 margin=-0.24; ret10_non_positive cur=0.00; ofi_ret10_gate cur=0.00 min=0.20; ofi_gate cur=0.05 min=1.80 buy=132 sell=2516
1772771588.000,001290,MID,1305.0000,-0.306,4,1493014,0.683,0.077,0.000,NO_BUY,reject=ret cur=-0.31 thr=0.05 margin=-0.36 relax=0.00 | all=ret cur=-0.31 thr=0.05 margin=-0.36 relax=0.00; ticks cur=4 thr=5 margin=-1; ret10 cur=-0.31 thr=0.24 margin=-0.55; ret10_non_positive cur=-0.31; ofi_ret10_gate cur=-0.31 min=0.20; ofi_trv10_gate cur=1675714 min=30000000; ofi_gate cur=0.00 min=1.80 buy=0 sell=1140; sweep_gate cnt=0 max=0.00 min_cnt=2 thr=1.20
1772771592.000,032820,MID,16815.0000,0.000,41,46774460,0.165,0.059,0.000,NO_BUY,reject=ret cur=0.00 thr=0.05 margin=-0.05 relax=0.00 | all=ret cur=0.00 thr=0.05 margin=-0.05 relax=0.00; ret10 cur=0.00 thr=0.24 margin=-0.24; ret10_non_positive cur=0.00; ofi_ret10_gate cur=0.00 min=0.20; ofi_gate cur=0.70 min=1.80 buy=295 sell=422; sweep_gate cnt=1 max=2.15 min_cnt=2 thr=1.20
1772771612.000,032820,MID,16830.0000,-0.030,31,158113150,0.206,0.059,0.000,NO_BUY,reject=ret cur=-0.03 thr=0.05 margin=-0.08 relax=0.00 | all=ret cur=-0.03 thr=0.05 margin=-0.08 relax=0.00; ret10 cur=-0.03 thr=0.24 margin=-0.27; ret10_non_positive cur=-0.03; ofi_ret10_gate cur=-0.03 min=0.20; sweep_gate cnt=1 max=1.28 min_cnt=2 thr=1.20
1772771618.000,001290,MID,1309.0000,0.000,3,1039860,0.488,0.229,0.000,NO_BUY,reject=ret cur=0.00 thr=0.05 margin=-0.05 relax=0.00 | all=ret cur=0.00 thr=0.05 margin=-0.05 relax=0.00; ticks cur=3 thr=5 margin=-2; ret10 cur=0.00 thr=0.24 margin=-0.24; ret10_non_positive cur=0.00; ofi_ret10_gate cur=0.00 min=0.20; ofi_trv10_gate cur=1092220 min=30000000; sweep_gate cnt=0 max=0.00 min_cnt=2 thr=1.20
1772771632.000,032820,MID,16810.0000,-0.119,41,83149925,0.193,0.060,0.000,NO_BUY,reject=ret cur=-0.12 thr=0.05 margin=-0.17 relax=0.00 | all=ret cur=-0.12 thr=0.05 margin=-0.17 relax=0.00; ret10 cur=-0.12 thr=0.24 margin=-0.36; ret10_non_positive cur=-0.12; ofi_ret10_gate cur=-0.12 min=0.20; ofi_gate cur=0.17 min=1.80 buy=526 sell=3006
1772771647.000,001290,MID,1311.0000,-0.229,3,1306989,0.469,0.382,0.000,NO_BUY,reject=ret cur=-0.23 thr=0.05 margin=-0.28 relax=0.00 | all=ret cur=-0.23 thr=0.05 margin=-0.28 relax=0.00; ticks cur=3 thr=5 margin=-2; ret10 cur=-0.23 thr=0.24 margin=-0.47; ret10_non_positive cur=-0.23; ofi_ret10_gate cur=-0.23 min=0.20; ofi_trv10_gate cur=1308300 min=30000000; ofi_gate cur=0.00 min=1.80 buy=1 sell=751; sweep_gate cnt=0 max=0.00 min_cnt=2 thr=1.20
1772771652.000,032820,MID,16800.0000,-0.059,31,66359510,0.250,0.060,0.000,NO_BUY,reject=ret cur=-0.06 thr=0.05 margin=-0.11 relax=0.00 | all=ret cur=-0.06 thr=0.05 margin=-0.11 relax=0.00; ret10 cur=-0.06 thr=0.24 margin=-0.30; ret10_non_positive cur=-0.06; ofi_ret10_gate cur=-0.06 min=0.20; ofi_gate cur=0.91 min=1.80 buy=764 sell=836
1772771672.000,032820,MID,16790.0000,0.000,17,34811080,0.267,0.060,0.000,NO_BUY,reject=ret cur=0.00 thr=0.05 margin=-0.05 relax=0.00 | all=ret cur=0.00 thr=0.05 margin=-0.05 relax=0.00; ret10 cur=0.00 thr=0.24 margin=-0.24; ret10_non_positive cur=0.00; ofi_ret10_gate cur=0.00 min=0.20
1772771692.000,032820,MID,16780.0000,-0.060,33,117113140,0.349,0.060,0.000,NO_BUY,reject=ret cur=-0.06 thr=0.05 margin=-0.11 relax=0.00 | all=ret cur=-0.06 thr=0.05 margin=-0.11 relax=0.00; ret10 cur=-0.06 thr=0.24 margin=-0.30; ret10_non_positive cur=-0.06; ofi_ret10_gate cur=-0.06 min=0.20; ofi_gate cur=0.74 min=1.80 buy=1421 sell=1921
1772771711.000,011330,MID,675.0000,-0.885,3,303082,0.347,0.741,0.000,NO_BUY,reject=ret cur=-0.88 thr=0.05 margin=-0.93 relax=0.00 | all=ret cur=-0.88 thr=0.05 margin=-0.93 relax=0.00; ticks cur=3 thr=5 margin=-2; ret10 cur=-0.88 thr=0.24 margin=-1.12; ret10_non_positive cur=-0.88; ofi_ret10_gate cur=-0.88 min=0.20; ofi_trv10_gate cur=392182 min=30000000; ofi_gate cur=0.29 min=1.80 buy=132 sell=450; sweep_gate cnt=0 max=0.00 min_cnt=2 thr=1.20
1772771713.000,032820,MID,16780.0000,0.000,15,11399370,0.313,0.060,0.000,NO_BUY,reject=ret cur=0.00 thr=0.05 margin=-0.05 relax=0.00 | all=ret cur=0.00 thr=0.05 margin=-0.05 relax=0.00; ret10 cur=0.00 thr=0.24 margin=-0.24; ret10_non_positive cur=0.00; ofi_ret10_gate cur=0.00 min=0.20; ofi_trv10_gate cur=11416150 min=30000000; ofi_gate cur=0.33 min=1.80 buy=41 sell=124; sweep_gate cnt=0 max=0.00 min_cnt=2 thr=1.20
1772771731.000,011330,MID,671.0000,0.000,6,6798112,0.521,0.598,0.000,NO_BUY,reject=ret cur=0.00 thr=0.05 margin=-0.05 relax=0.00 | all=ret cur=0.00 thr=0.05 margin=-0.05 relax=0.00; ret10 cur=0.00 thr=0.24 margin=-0.24; ret10_non_positive cur=0.00; ofi_ret10_gate cur=0.00 min=0.20; ofi_trv10_gate cur=6799454 min=30000000; ofi_gate cur=0.08 min=1.80 buy=149 sell=1873; sweep_gate cnt=1 max=7.09 min_cnt=2 thr=1.20
1772771733.000,032820,MID,16790.0000,0.000,41,71674650,0.292,0.060,0.000,NO_BUY,reject=ret cur=0.00 thr=0.05 margin=-0.05 relax=0.00 | all=ret cur=0.00 thr=0.05 margin=-0.05 relax=0.00; ret10 cur=0.00 thr=0.24 margin=-0.24; ret10_non_positive cur=0.00; ofi_ret10_gate cur=0.00 min=0.20; sweep_gate cnt=0 max=0.00 min_cnt=2 thr=1.20
1772771753.000,032820,MID,16790.0000,-0.060,24,46908630,0.314,0.060,0.000,NO_BUY,reject=ret cur=-0.06 thr=0.05 margin=-0.11 relax=0.00 | all=ret cur=-0.06 thr=0.05 margin=-0.11 relax=0.00; ret10 cur=-0.06 thr=0.24 margin=-0.30; ret10_non_positive cur=-0.06; ofi_ret10_gate cur=-0.06 min=0.20; ofi_gate cur=0.05 min=1.80 buy=96 sell=1937; sweep_gate cnt=0 max=0.00 min_cnt=2 thr=1.20
1772771754.000,011330,MID,670.0000,0.000,6,4024646,0.655,0.298,0.000,NO_BUY,reject=ret cur=0.00 thr=0.05 margin=-0.05 relax=0.00 | all=ret cur=0.00 thr=0.05 margin=-0.05 relax=0.00; ret10 cur=0.00 thr=0.24 margin=-0.24; ret10_non_positive cur=0.00; ofi_ret10_gate cur=0.00 min=0.20; ofi_trv10_gate cur=4072886 min=30000000; ofi_gate cur=0.07 min=1.80 buy=74 sell=1000; sweep_gate cnt=0 max=0.00 min_cnt=2 thr=1.20
1772771777.000,032820,MID,16770.0000,0.000,2,8457120,0.354,0.060,0.000,NO_BUY,reject=ret cur=0.00 thr=0.05 margin=-0.05 relax=0.00 | all=ret cur=0.00 thr=0.05 margin=-0.05 relax=0.00; ticks cur=2 thr=5 margin=-3; ret10 cur=0.00 thr=0.24 margin=-0.24; ret10_non_positive cur=0.00; ofi_ret10_gate cur=0.00 min=0.20; ofi_trv10_gate cur=10134120 min=30000000; ofi_gate cur=0.00 min=1.80 buy=0 sell=100; sweep_gate cnt=0 max=0.00 min_cnt=2 thr=1.20
1772771797.000,032820,MID,16780.0000,0.000,25,64024535,0.330,0.060,0.000,NO_BUY,reject=ret cur=0.00 thr=0.05 margin=-0.05 relax=0.00 | all=ret cur=0.00 thr=0.05 margin=-0.05 relax=0.00; ret10 cur=0.00 thr=0.24 margin=-0.24; ret10_non_positive cur=0.00; ofi_ret10_gate cur=0.00 min=0.20; ofi_gate cur=0.23 min=1.80 buy=106 sell=462; sweep_gate cnt=0 max=0.00 min_cnt=2 thr=1.20
1772771817.000,032820,MID,16770.0000,0.060,21,99035090,0.448,0.060,0.000,NO_BUY,reject=ret10 cur=0.06 thr=0.24 margin=-0.18 | all=ret10 cur=0.06 thr=0.24 margin=-0.18; ofi_ret10_gate cur=0.06 min=0.20; ofi_gate cur=0.39 min=1.80 buy=1399 sell=3619; sweep_gate cnt=1 max=2.15 min_cnt=2 thr=1.20
1772771837.000,032820,MID,16770.0000,0.060,16,15888870,0.520,0.119,0.000,NO_BUY,reject=ret10 cur=0.06 thr=0.24 margin=-0.18 | all=ret10 cur=0.06 thr=0.24 margin=-0.18; ofi_ret10_gate cur=0.06 min=0.20; ofi_trv10_gate cur=16727370 min=30000000; ofi_gate cur=0.08 min=1.80 buy=10 sell=120; sweep_gate cnt=0 max=0.00 min_cnt=2 thr=1.20
1772771857.000,032820,MID,16760.0000,0.060,22,25681900,0.420,0.060,0.000,NO_BUY,reject=ret10 cur=0.06 thr=0.24 margin=-0.18 | all=ret10 cur=0.06 thr=0.24 margin=-0.18; ofi_ret10_gate cur=0.06 min=0.20; ofi_trv10_gate cur=26687500 min=30000000; ofi_gate cur=1.08 min=1.80 buy=118 sell=109
1772771877.000,032820,MID,16770.0000,-0.060,21,47384120,0.435,0.060,0.000,NO_BUY,reject=ret cur=-0.06 thr=0.05 margin=-0.11 relax=0.00 | all=ret cur=-0.06 thr=0.05 margin=-0.11 relax=0.00; ret10 cur=-0.06 thr=0.24 margin=-0.30; ret10_non_positive cur=-0.06; ofi_ret10_gate cur=-0.06 min=0.20; ofi_gate cur=0.48 min=1.80 buy=214 sell=442
1772771888.000,011330,MID,673.0000,-0.148,2,8114,0.704,0.445,0.000,NO_BUY,reject=ret cur=-0.15 thr=0.05 margin=-0.20 relax=0.00 | all=ret cur=-0.15 thr=0.05 margin=-0.20 relax=0.00; ticks cur=2 thr=5 margin=-3; ret10 cur=-0.15 thr=0.24 margin=-0.39; ret10_non_positive cur=-0.15; ofi_ret10_gate cur=-0.15 min=0.20; ofi_trv10_gate cur=654867 min=30000000; ofi_gate cur=0.00 min=1.80 buy=0 sell=971; sweep_gate cnt=0 max=0.00 min_cnt=2 thr=1.20
1772771897.000,032820,MID,16760.0000,-0.060,33,65700130,0.427,0.060,0.000,NO_BUY,reject=ret cur=-0.06 thr=0.05 margin=-0.11 relax=0.00 | all=ret cur=-0.06 thr=0.05 margin=-0.11 relax=0.00; ret10 cur=-0.06 thr=0.24 margin=-0.30; ret10_non_positive cur=-0.06; ofi_ret10_gate cur=-0.06 min=0.20; ofi_gate cur=0.30 min=1.80 buy=550 sell=1843
1772771917.000,032820,MID,16770.0000,-0.060,13,6119650,0.447,0.060,0.000,NO_BUY,reject=ret cur=-0.06 thr=0.05 margin=-0.11 relax=0.00 | all=ret cur=-0.06 thr=0.05 margin=-0.11 relax=0.00; ret10 cur=-0.06 thr=0.24 margin=-0.30; ret10_non_positive cur=-0.06; ofi_ret10_gate cur=-0.06 min=0.20; ofi_trv10_gate cur=7796650 min=30000000; ofi_gate cur=1.21 min=1.80 buy=162 sell=134; sweep_gate cnt=0 max=0.00 min_cnt=2 thr=1.20
1772771924.000,011330,MID,676.0000,-0.740,3,1288762,0.751,0.148,0.000,NO_BUY,reject=ret cur=-0.74 thr=0.05 margin=-0.79 relax=0.00 | all=ret cur=-0.74 thr=0.05 margin=-0.79 relax=0.00; ticks cur=3 thr=5 margin=-2; ret10 cur=-0.74 thr=0.24 margin=-0.98; ret10_non_positive cur=-0.74; ofi_ret10_gate cur=-0.74 min=0.20; ofi_trv10_gate cur=1295522 min=30000000; ofi_gate cur=0.01 min=1.80 buy=10 sell=1908; sweep_gate cnt=0 max=0.00 min_cnt=2 thr=1.20
1772771937.000,032820,MID,16770.0000,0.060,12,9873740,0.463,0.060,0.000,NO_BUY,reject=ret10 cur=0.06 thr=0.24 margin=-0.18 | all=ret10 cur=0.06 thr=0.24 margin=-0.18; ofi_ret10_gate cur=0.06 min=0.20; ofi_trv10_gate cur=9890510 min=30000000; ofi_gate cur=0.55 min=1.80 buy=11 sell=20; sweep_gate cnt=0 max=0.00 min_cnt=2 thr=1.20
1772771944.000,011330,MID,676.0000,0.148,3,1226942,0.672,0.443,0.000,NO_BUY,reject=ticks cur=3 thr=5 margin=-2 | all=ticks cur=3 thr=5 margin=-2; ret10 cur=0.15 thr=0.24 margin=-0.09; ofi_ret10_gate cur=0.15 min=0.20; ofi_trv10_gate cur=1902942 min=30000000; ofi_gate cur=0.00 min=1.80 buy=2 sell=1000; sweep_gate cnt=0 max=0.00 min_cnt=2 thr=1.20
1772771957.000,032820,MID,16770.0000,0.000,16,51595230,0.478,0.060,0.000,NO_BUY,reject=ret cur=0.00 thr=0.05 margin=-0.05 relax=0.00 | all=ret cur=0.00 thr=0.05 margin=-0.05 relax=0.00; ret10 cur=0.00 thr=0.24 margin=-0.24; ret10_non_positive cur=0.00; ofi_ret10_gate cur=0.00 min=0.20; sweep_gate cnt=1 max=1.63 min_cnt=2 thr=1.20
1772771965.000,011330,MID,678.0000,0.000,3,27798,0.622,0.148,0.000,NO_BUY,reject=ret cur=0.00 thr=0.05 margin=-0.05 relax=0.00 | all=ret cur=0.00 thr=0.05 margin=-0.05 relax=0.00; ticks cur=3 thr=5 margin=-2; ret10 cur=0.00 thr=0.24 margin=-0.24; ret10_non_positive cur=0.00; ofi_ret10_gate cur=0.00 min=0.20; ofi_trv10_gate cur=33900 min=30000000; ofi_gate cur=0.00 min=1.80 buy=0 sell=0; sweep_gate cnt=0 max=0.00 min_cnt=2 thr=1.20
1772771978.000,032820,MID,16780.0000,-0.060,12,7363820,0.427,0.060,0.000,NO_BUY,reject=ret cur=-0.06 thr=0.05 margin=-0.11 relax=0.00 | all=ret cur=-0.06 thr=0.05 margin=-0.11 relax=0.00; ret10 cur=-0.06 thr=0.24 margin=-0.30; ret10_non_positive cur=-0.06; ofi_ret10_gate cur=-0.06 min=0.20; ofi_trv10_gate cur=7699420 min=30000000; sweep_gate cnt=0 max=0.00 min_cnt=2 thr=1.20
1772771983.000,011330,MID,677.0000,0.000,0,0,0.000,0.000,0.000,NO_BUY,cooldown<8s reason=FLOW_EXIT
1772771998.000,032820,MID,16790.0000,0.000,13,23627320,0.402,0.060,0.000,NO_BUY,reject=ret cur=0.00 thr=0.05 margin=-0.05 relax=0.00 | all=ret cur=0.00 thr=0.05 margin=-0.05 relax=0.00; ret10 cur=0.00 thr=0.24 margin=-0.24; ret10_non_positive cur=0.00; ofi_ret10_gate cur=0.00 min=0.20; ofi_trv10_gate cur=24433240 min=30000000; ofi_gate cur=0.16 min=1.80 buy=19 sell=120; sweep_gate cnt=1 max=4.56 min_cnt=2 thr=1.20
1772772006.000,001510,MID,1970.0000,0.000,0,0,0.089,0.254,0.000,NO_BUY,qty=0 cash=4229
1772772009.000,001290,MID,1352.0000,0.074,21,19865294,0.229,0.593,0.000,NO_BUY,reject=ret10 cur=0.07 thr=0.24 margin=-0.17 | all=ret10 cur=0.07 thr=0.24 margin=-0.17; ofi_ret10_gate cur=0.07 min=0.20; ofi_trv10_gate cur=20000494 min=30000000; sweep_gate cnt=0 max=0.00 min_cnt=2 thr=1.20
1772772019.000,032820,MID,16800.0000,0.119,57,206183070,0.360,0.119,0.000,NO_BUY,reject=ret10 cur=0.12 thr=0.24 margin=-0.12 | all=ret10 cur=0.12 thr=0.24 margin=-0.12; ofi_ret10_gate cur=0.12 min=0.20
1772772026.000,001510,MID,1953.0000,0.205,259,264030018,0.532,0.256,0.000,NO_BUY,reject=ret10 cur=0.21 thr=0.24 margin=-0.03 | all=ret10 cur=0.21 thr=0.24 margin=-0.03; ofi_gate cur=0.83 min=1.80 buy=31175 sell=37558
1772772030.000,001290,MID,1352.0000,-0.148,14,9543401,0.261,0.445,0.000,NO_BUY,reject=ret cur=-0.15 thr=0.05 margin=-0.20 relax=0.00 | all=ret cur=-0.15 thr=0.05 margin=-0.20 relax=0.00; ret10 cur=-0.15 thr=0.24 margin=-0.39; ret10_non_positive cur=-0.15; ofi_ret10_gate cur=-0.15 min=0.20; ofi_trv10_gate cur=9611001 min=30000000; ofi_gate cur=0.32 min=1.80 buy=502 sell=1563
1772772040.000,032820,MID,16800.0000,-0.059,17,30526080,0.433,0.060,0.000,NO_BUY,reject=ret cur=-0.06 thr=0.05 margin=-0.11 relax=0.00 | all=ret cur=-0.06 thr=0.05 margin=-0.11 relax=0.00; ret10 cur=-0.06 thr=0.24 margin=-0.30; ret10_non_positive cur=-0.06; ofi_ret10_gate cur=-0.06 min=0.20; ofi_gate cur=0.25 min=1.80 buy=30 sell=119; sweep_gate cnt=1 max=1.01 min_cnt=2 thr=1.20
1772772046.000,001510,MID,1943.0000,0.103,212,307014768,0.577,0.051,0.000,NO_BUY,reject=ret10 cur=0.10 thr=0.24 margin=-0.14 | all=ret10 cur=0.10 thr=0.24 margin=-0.14; ofi_ret10_gate cur=0.10 min=0.20; ofi_gate cur=1.24 min=1.80 buy=40114 sell=32362
1772772050.000,001290,MID,1350.0000,0.671,34,9260392,0.404,0.445,0.000,NO_BUY,reject=ofi_trv10_gate cur=9357592 min=30000000 | all=ofi_trv10_gate cur=9357592 min=30000000; ofi_gate cur=0.11 min=1.80 buy=354 sell=3121
1772772062.000,032820,MID,16800.0000,0.000,8,4788010,0.372,0.060,0.000,NO_BUY,reject=ret cur=0.00 thr=0.05 margin=-0.05 relax=0.00 | all=ret cur=0.00 thr=0.05 margin=-0.05 relax=0.00; ret10 cur=0.00 thr=0.24 margin=-0.24; ret10_non_positive cur=0.00; ofi_ret10_gate cur=0.00 min=0.20; ofi_trv10_gate cur=14700010 min=30000000; ofi_gate cur=1.00 min=1.80 buy=1 sell=1; sweep_gate cnt=0 max=0.00 min_cnt=2 thr=1.20
1772772066.000,001510,MID,1951.0000,0.567,201,310041485,0.207,0.154,0.000,NO_BUY,reject=ofi_gate cur=0.68 min=1.80 buy=25174 sell=36990 | all=ofi_gate cur=0.68 min=1.80 buy=25174 sell=36990
1772772070.000,001290,MID,1339.0000,-0.149,30,15161414,0.286,0.298,0.000,NO_BUY,reject=ret cur=-0.15 thr=0.05 margin=-0.20 relax=0.00 | all=ret cur=-0.15 thr=0.05 margin=-0.20 relax=0.00; ret10 cur=-0.15 thr=0.24 margin=-0.39; ret10_non_positive cur=-0.15; ofi_ret10_gate cur=-0.15 min=0.20; ofi_trv10_gate cur=15186855 min=30000000; ofi_gate cur=0.52 min=1.80 buy=2836 sell=5448
1772772082.000,032820,MID,16790.0000,0.000,15,5778820,0.470,0.060,0.000,NO_BUY,reject=ret cur=0.00 thr=0.05 margin=-0.05 relax=0.00 | all=ret cur=0.00 thr=0.05 margin=-0.05 relax=0.00; ret10 cur=0.00 thr=0.24 margin=-0.24; ret10_non_positive cur=0.00; ofi_ret10_gate cur=0.00 min=0.20; ofi_trv10_gate cur=7457820 min=30000000; ofi_gate cur=0.04 min=1.80 buy=5 sell=117; sweep_gate cnt=0 max=0.00 min_cnt=2 thr=1.20
1772772086.000,001510,MID,1965.0000,-0.051,355,492576865,0.110,0.102,0.000,NO_BUY,reject=ret cur=-0.05 thr=0.05 margin=-0.10 relax=0.00 | all=ret cur=-0.05 thr=0.05 margin=-0.10 relax=0.00; ret10 cur=-0.05 thr=0.24 margin=-0.29; ret10_non_positive cur=-0.05; ofi_ret10_gate cur=-0.05 min=0.20; ofi_gate cur=0.86 min=1.80 buy=66314 sell=77505
1772772090.000,001290,MID,1343.0000,-0.668,29,17307543,0.162,0.373,0.000,NO_BUY,reject=ret cur=-0.67 thr=0.05 margin=-0.72 relax=0.00 | all=ret cur=-0.67 thr=0.05 margin=-0.72 relax=0.00; ret10 cur=-0.67 thr=0.24 margin=-0.91; ret10_non_positive cur=-0.67; ofi_ret10_gate cur=-0.67 min=0.20; ofi_trv10_gate cur=17564056 min=30000000; ofi_gate cur=1.03 min=1.80 buy=2603 sell=2532
1772772102.000,032820,MID,16800.0000,0.060,21,27139355,0.459,0.060,0.000,NO_BUY,reject=ret10 cur=0.06 thr=0.24 margin=-0.18 | all=ret10 cur=0.06 thr=0.24 margin=-0.18; ofi_ret10_gate cur=0.06 min=0.20; ofi_trv10_gate cur=27156155 min=30000000; ofi_gate cur=0.01 min=1.80 buy=7 sell=915; sweep_gate cnt=0 max=0.00 min_cnt=2 thr=1.20
1772772106.000,001510,MID,1963.0000,0.204,172,239613095,0.110,0.051,0.000,NO_BUY,reject=ret10 cur=0.20 thr=0.24 margin=-0.04 | all=ret10 cur=0.20 thr=0.24 margin=-0.04; ofi_gate cur=1.20 min=1.80 buy=36080 sell=30052
1772772111.000,001290,MID,1334.0000,-0.818,17,13762625,0.432,0.299,0.000,NO_BUY,reject=ret cur=-0.82 thr=0.05 margin=-0.87 relax=0.00 | all=ret cur=-0.82 thr=0.05 margin=-0.87 relax=0.00; ret10 cur=-0.82 thr=0.24 margin=-1.06; ret10_non_positive cur=-0.82; ofi_ret10_gate cur=-0.82 min=0.20; ofi_trv10_gate cur=13777299 min=30000000; ofi_gate cur=0.01 min=1.80 buy=16 sell=1274
1772772122.000,032820,MID,16800.0000,0.000,8,1930960,0.437,0.060,0.000,NO_BUY,reject=ret cur=0.00 thr=0.05 margin=-0.05 relax=0.00 | all=ret cur=0.00 thr=0.05 margin=-0.05 relax=0.00; ret10 cur=0.00 thr=0.24 margin=-0.24; ret10_non_positive cur=0.00; ofi_ret10_gate cur=0.00 min=0.20; ofi_trv10_gate cur=13707760 min=30000000; ofi_gate cur=0.19 min=1.80 buy=9 sell=47; sweep_gate cnt=0 max=0.00 min_cnt=2 thr=1.20
1772772126.000,001510,MID,1960.0000,-0.051,131,107736789,0.404,0.051,0.000,NO_BUY,reject=ret cur=-0.05 thr=0.05 margin=-0.10 relax=0.00 | all=ret cur=-0.05 thr=0.05 margin=-0.10 relax=0.00; ret10 cur=-0.05 thr=0.24 margin=-0.29; ret10_non_positive cur=-0.05; ofi_ret10_gate cur=-0.05 min=0.20; ofi_gate cur=1.38 min=1.80 buy=14169 sell=10293
1772772142.000,032820,MID,16790.0000,-0.060,18,186067060,0.439,0.060,0.000,NO_BUY,reject=ret cur=-0.06 thr=0.05 margin=-0.11 relax=0.00 | all=ret cur=-0.06 thr=0.05 margin=-0.11 relax=0.00; ret10 cur=-0.06 thr=0.24 margin=-0.30; ret10_non_positive cur=-0.06; ofi_ret10_gate cur=-0.06 min=0.20; ofi_gate cur=0.05 min=1.80 buy=167 sell=3442; sweep_gate cnt=0 max=0.00 min_cnt=2 thr=1.20
1772772162.000,032820,MID,16775.0000,-0.089,16,66541015,0.477,0.060,0.000,NO_BUY,reject=ret cur=-0.09 thr=0.05 margin=-0.14 relax=0.00 | all=ret cur=-0.09 thr=0.05 margin=-0.14 relax=0.00; ret10 cur=-0.09 thr=0.24 margin=-0.33; ret10_non_positive cur=-0.09; ofi_ret10_gate cur=-0.09 min=0.20; ofi_gate cur=0.02 min=1.80 buy=21 sell=925; sweep_gate cnt=1 max=3.01 min_cnt=2 thr=1.20
1772772182.000,032820,MID,16760.0000,-0.060,88,190611350,0.575,0.119,0.000,NO_BUY,reject=ret cur=-0.06 thr=0.05 margin=-0.11 relax=0.00 | all=ret cur=-0.06 thr=0.05 margin=-0.11 relax=0.00; ret10 cur=-0.06 thr=0.24 margin=-0.30; ret10_non_positive cur=-0.06; ofi_ret10_gate cur=-0.06 min=0.20; ofi_gate cur=0.00 min=1.80 buy=22 sell=5435; sweep_gate cnt=1 max=0.93 min_cnt=2 thr=1.20
1772772202.000,032820,MID,16760.0000,-0.060,18,28949880,0.626,0.060,0.000,NO_BUY,reject=ret cur=-0.06 thr=0.05 margin=-0.11 relax=0.00 | all=ret cur=-0.06 thr=0.05 margin=-0.11 relax=0.00; ret10 cur=-0.06 thr=0.24 margin=-0.30; ret10_non_positive cur=-0.06; ofi_ret10_gate cur=-0.06 min=0.20; ofi_trv10_gate cur=29000160 min=30000000; ofi_gate cur=0.41 min=1.80 buy=257 sell=632; sweep_gate cnt=1 max=1.33 min_cnt=2 thr=1.20
1772772222.000,032820,MID,16750.0000,0.060,14,54327310,0.612,0.060,0.000,NO_BUY,reject=ret10 cur=0.06 thr=0.24 margin=-0.18 | all=ret10 cur=0.06 thr=0.24 margin=-0.18; ofi_ret10_gate cur=0.06 min=0.20; ofi_gate cur=0.56 min=1.80 buy=673 sell=1206; sweep_gate cnt=0 max=0.00 min_cnt=2 thr=1.20
1772772242.000,032820,MID,16750.0000,-0.060,21,77061245,0.612,0.060,0.000,NO_BUY,reject=ret cur=-0.06 thr=0.05 margin=-0.11 relax=0.00 | all=ret cur=-0.06 thr=0.05 margin=-0.11 relax=0.00; ret10 cur=-0.06 thr=0.24 margin=-0.30; ret10_non_positive cur=-0.06; ofi_ret10_gate cur=-0.06 min=0.20; sweep_gate cnt=0 max=0.00 min_cnt=2 thr=1.20
1772772262.000,032820,MID,16760.0000,0.119,29,37530300,0.644,0.060,0.000,NO_BUY,reject=ret10 cur=0.12 thr=0.24 margin=-0.12 | all=ret10 cur=0.12 thr=0.24 margin=-0.12; ofi_ret10_gate cur=0.12 min=0.20; ofi_gate cur=0.29 min=1.80 buy=77 sell=265; sweep_gate cnt=0 max=0.00 min_cnt=2 thr=1.20
1772772282.000,032820,MID,16750.0000,0.030,12,34606450,0.643,0.060,0.000,NO_BUY,reject=ret cur=0.03 thr=0.05 margin=-0.02 relax=0.00 | all=ret cur=0.03 thr=0.05 margin=-0.02 relax=0.00; ret10 cur=0.03 thr=0.24 margin=-0.21; ofi_ret10_gate cur=0.03 min=0.20; ofi_gate cur=0.08 min=1.80 buy=92 sell=1106; sweep_gate cnt=0 max=0.00 min_cnt=2 thr=1.20
1772772302.000,032820,MID,16760.0000,0.000,27,64825550,0.632,0.119,0.000,NO_BUY,reject=ret cur=0.00 thr=0.05 margin=-0.05 relax=0.00 | all=ret cur=0.00 thr=0.05 margin=-0.05 relax=0.00; ret10 cur=0.00 thr=0.24 margin=-0.24; ret10_non_positive cur=0.00; ofi_ret10_gate cur=0.00 min=0.20; sweep_gate cnt=0 max=0.00 min_cnt=2 thr=1.20
1772772322.000,032820,MID,16770.0000,-0.060,18,27246820,0.580,0.060,0.000,NO_BUY,reject=ret cur=-0.06 thr=0.05 margin=-0.11 relax=0.00 | all=ret cur=-0.06 thr=0.05 margin=-0.11 relax=0.00; ret10 cur=-0.06 thr=0.24 margin=-0.30; ret10_non_positive cur=-0.06; ofi_ret10_gate cur=-0.06 min=0.20; ofi_trv10_gate cur=27280360 min=30000000; ofi_gate cur=1.02 min=1.80 buy=451 sell=441; sweep_gate cnt=0 max=0.00 min_cnt=2 thr=1.20
1772772342.000,032820,MID,16770.0000,0.060,16,29655320,0.549,0.060,0.000,NO_BUY,reject=ret10 cur=0.06 thr=0.24 margin=-0.18 | all=ret10 cur=0.06 thr=0.24 margin=-0.18; ofi_ret10_gate cur=0.06 min=0.20; ofi_trv10_gate cur=29672090 min=30000000; ofi_gate cur=0.94 min=1.80 buy=446 sell=473; sweep_gate cnt=0 max=0.00 min_cnt=2 thr=1.20
1772772362.000,032820,MID,16760.0000,0.000,15,38093040,0.636,0.060,0.000,NO_BUY,reject=ret cur=0.00 thr=0.05 margin=-0.05 relax=0.00 | all=ret cur=0.00 thr=0.05 margin=-0.05 relax=0.00; ret10 cur=0.00 thr=0.24 margin=-0.24; ret10_non_positive cur=0.00; ofi_ret10_gate cur=0.00 min=0.20; sweep_gate cnt=1 max=6.66 min_cnt=2 thr=1.20
1772772382.000,032820,MID,16770.0000,0.030,24,39470320,0.535,0.060,0.000,NO_BUY,reject=ret cur=0.03 thr=0.05 margin=-0.02 relax=0.00 | all=ret cur=0.03 thr=0.05 margin=-0.02 relax=0.00; ret10 cur=0.03 thr=0.24 margin=-0.21; ofi_ret10_gate cur=0.03 min=0.20; sweep_gate cnt=0 max=0.00 min_cnt=2 thr=1.20
1772772402.000,032820,MID,16770.0000,0.000,11,5819145,0.542,0.060,0.000,NO_BUY,reject=ret cur=0.00 thr=0.05 margin=-0.05 relax=0.00 | all=ret cur=0.00 thr=0.05 margin=-0.05 relax=0.00; ret10 cur=0.00 thr=0.24 margin=-0.24; ret10_non_positive cur=0.00; ofi_ret10_gate cur=0.00 min=0.20; ofi_trv10_gate cur=6557025 min=30000000; ofi_gate cur=0.11 min=1.80 buy=1 sell=9; sweep_gate cnt=0 max=0.00 min_cnt=2 thr=1.20
1772772422.000,032820,MID,16770.0000,0.000,17,29717300,0.542,0.060,0.000,NO_BUY,reject=ret cur=0.00 thr=0.05 margin=-0.05 relax=0.00 | all=ret cur=0.00 thr=0.05 margin=-0.05 relax=0.00; ret10 cur=0.00 thr=0.24 margin=-0.24; ret10_non_positive cur=0.00; ofi_ret10_gate cur=0.00 min=0.20; ofi_trv10_gate cur=29734070 min=30000000; ofi_gate cur=0.03 min=1.80 buy=47 sell=1348; sweep_gate cnt=0 max=0.00 min_cnt=2 thr=1.20
1772772442.000,032820,MID,16750.0000,-0.060,22,24057730,0.639,0.060,0.000,NO_BUY,reject=ret cur=-0.06 thr=0.05 margin=-0.11 relax=0.00 | all=ret cur=-0.06 thr=0.05 margin=-0.11 relax=0.00; ret10 cur=-0.06 thr=0.24 margin=-0.30; ret10_non_positive cur=-0.06; ofi_ret10_gate cur=-0.06 min=0.20; ofi_trv10_gate cur=24459730 min=30000000; ofi_gate cur=0.02 min=1.80 buy=23 sell=925; sweep_gate cnt=0 max=0.00 min_cnt=2 thr=1.20
1772772462.000,032820,MID,16760.0000,0.060,26,68129015,0.635,0.060,0.000,NO_BUY,reject=ret10 cur=0.06 thr=0.24 margin=-0.18 | all=ret10 cur=0.06 thr=0.24 margin=-0.18; ofi_ret10_gate cur=0.06 min=0.20; ofi_gate cur=1.12 min=1.80 buy=601 sell=537; sweep_gate cnt=0 max=0.00 min_cnt=2 thr=1.20
1772772482.000,032820,MID,16760.0000,0.000,17,15428300,0.636,0.060,0.000,NO_BUY,reject=ret cur=0.00 thr=0.05 margin=-0.05 relax=0.00 | all=ret cur=0.00 thr=0.05 margin=-0.05 relax=0.00; ret10 cur=0.00 thr=0.24 margin=-0.24; ret10_non_positive cur=0.00; ofi_ret10_gate cur=0.00 min=0.20; ofi_trv10_gate cur=15445060 min=30000000; ofi_gate cur=0.03 min=1.80 buy=18 sell=669; sweep_gate cnt=0 max=0.00 min_cnt=2 thr=1.20
1772772484.000,011330,MID,679.0000,-0.148,2,2251499,0.796,0.739,0.000,NO_BUY,reject=ret cur=-0.15 thr=0.05 margin=-0.20 relax=0.00 | all=ret cur=-0.15 thr=0.05 margin=-0.20 relax=0.00; ticks cur=2 thr=5 margin=-3; ret10 cur=-0.15 thr=0.24 margin=-0.39; ret10_non_positive cur=-0.15; ofi_ret10_gate cur=-0.15 min=0.20; ofi_trv10_gate cur=2252857 min=30000000; ofi_gate cur=0.00 min=1.80 buy=2 sell=1609; sweep_gate cnt=0 max=0.00 min_cnt=2 thr=1.20
1772772502.000,032820,MID,16750.0000,-0.060,12,25376885,0.639,0.060,0.000,NO_BUY,reject=ret cur=-0.06 thr=0.05 margin=-0.11 relax=0.00 | all=ret cur=-0.06 thr=0.05 margin=-0.11 relax=0.00; ret10 cur=-0.06 thr=0.24 margin=-0.30; ret10_non_positive cur=-0.06; ofi_ret10_gate cur=-0.06 min=0.20; ofi_trv10_gate cur=26800635 min=30000000; ofi_gate cur=0.40 min=1.80 buy=60 sell=151; sweep_gate cnt=0 max=0.00 min_cnt=2 thr=1.20
1772772523.000,032820,MID,16750.0000,-0.060,20,32584170,0.640,0.060,0.000,NO_BUY,reject=ret cur=-0.06 thr=0.05 margin=-0.11 relax=0.00 | all=ret cur=-0.06 thr=0.05 margin=-0.11 relax=0.00; ret10 cur=-0.06 thr=0.24 margin=-0.30; ret10_non_positive cur=-0.06; ofi_ret10_gate cur=-0.06 min=0.20; sweep_gate cnt=0 max=0.00 min_cnt=2 thr=1.20
1772772543.000,032820,MID,16740.0000,-0.060,20,167060770,0.778,0.060,0.000,NO_BUY,reject=ret cur=-0.06 thr=0.05 margin=-0.11 relax=0.00 | all=ret cur=-0.06 thr=0.05 margin=-0.11 relax=0.00; ret10 cur=-0.06 thr=0.24 margin=-0.30; ret10_non_positive cur=-0.06; ofi_ret10_gate cur=-0.06 min=0.20; ofi_gate cur=0.16 min=1.80 buy=1139 sell=6966; sweep_gate cnt=1 max=1.84 min_cnt=2 thr=1.20
1772772563.000,032820,MID,16740.0000,0.060,20,58106390,0.771,0.060,0.000,NO_BUY,reject=ret10 cur=0.06 thr=0.24 margin=-0.18 | all=ret10 cur=0.06 thr=0.24 margin=-0.18; ofi_ret10_gate cur=0.06 min=0.20; ofi_gate cur=0.05 min=1.80 buy=116 sell=2428; sweep_gate cnt=0 max=0.00 min_cnt=2 thr=1.20
1772772583.000,032820,MID,16740.0000,0.000,19,39827340,0.821,0.060,0.000,NO_BUY,reject=ret cur=0.00 thr=0.05 margin=-0.05 relax=0.00 | all=ret cur=0.00 thr=0.05 margin=-0.05 relax=0.00; ret10 cur=0.00 thr=0.24 margin=-0.24; ret10_non_positive cur=0.00; ofi_ret10_gate cur=0.00 min=0.20
1772772603.000,032820,MID,16740.0000,0.000,19,25639745,0.823,0.060,0.000,NO_BUY,reject=ret cur=0.00 thr=0.05 margin=-0.05 relax=0.00 | all=ret cur=0.00 thr=0.05 margin=-0.05 relax=0.00; ret10 cur=0.00 thr=0.24 margin=-0.24; ret10_non_positive cur=0.00; ofi_ret10_gate cur=0.00 min=0.20; ofi_trv10_gate cur=25723445 min=30000000; sweep_gate cnt=0 max=0.00 min_cnt=2 thr=1.20
1772772624.000,032820,MID,16750.0000,0.000,0,0,0.793,0.060,0.000,NO_BUY,qty=0 cash=4229
1772772644.000,032820,MID,16750.0000,0.000,19,19093270,0.792,0.060,0.000,NO_BUY,reject=ret cur=0.00 thr=0.05 margin=-0.05 relax=0.00 | all=ret cur=0.00 thr=0.05 margin=-0.05 relax=0.00; ret10 cur=0.00 thr=0.24 margin=-0.24; ret10_non_positive cur=0.00; ofi_ret10_gate cur=0.00 min=0.20; ofi_trv10_gate cur=20768270 min=30000000; ofi_gate cur=0.07 min=1.80 buy=12 sell=173; sweep_gate cnt=0 max=0.00 min_cnt=2 thr=1.20
1772772664.000,032820,MID,16740.0000,0.000,57,51245250,0.800,0.060,0.000,NO_BUY,reject=ret cur=0.00 thr=0.05 margin=-0.05 relax=0.00 | all=ret cur=0.00 thr=0.05 margin=-0.05 relax=0.00; ret10 cur=0.00 thr=0.24 margin=-0.24; ret10_non_positive cur=0.00; ofi_ret10_gate cur=0.00 min=0.20; ofi_gate cur=0.39 min=1.80 buy=320 sell=831; sweep_gate cnt=0 max=0.00 min_cnt=2 thr=1.20
1772772684.000,032820,MID,16750.0000,-0.060,14,24042310,0.792,0.060,0.000,NO_BUY,reject=ret cur=-0.06 thr=0.05 margin=-0.11 relax=0.00 | all=ret cur=-0.06 thr=0.05 margin=-0.11 relax=0.00; ret10 cur=-0.06 thr=0.24 margin=-0.30; ret10_non_positive cur=-0.06; ofi_ret10_gate cur=-0.06 min=0.20; ofi_trv10_gate cur=24209810 min=30000000; ofi_gate cur=0.34 min=1.80 buy=237 sell=706; sweep_gate cnt=0 max=0.00 min_cnt=2 thr=1.20
1772772693.000,004410,MID,217.0000,-0.459,2,66569,0.489,0.462,0.000,NO_BUY,reject=ret cur=-0.46 thr=0.05 margin=-0.51 relax=0.00 | all=ret cur=-0.46 thr=0.05 margin=-0.51 relax=0.00; ticks cur=2 thr=5 margin=-3; ret10 cur=-0.46 thr=0.24 margin=-0.70; ret10_non_positive cur=-0.46; ofi_ret10_gate cur=-0.46 min=0.20; ofi_trv10_gate cur=70258 min=30000000; ofi_gate cur=0.00 min=1.80 buy=0 sell=139; sweep_gate cnt=0 max=0.00 min_cnt=2 thr=1.20
1772772701.000,152550,MID,573.0000,0.525,5,14407596,0.145,0.698,0.000,NO_BUY,reject=ofi_trv10_gate cur=16175874 min=30000000 | all=ofi_trv10_gate cur=16175874 min=30000000; sweep_gate cnt=0 max=0.00 min_cnt=2 thr=1.20
1772772704.000,032820,MID,16730.0000,-0.060,17,196521470,0.846,0.060,0.000,NO_BUY,reject=ret cur=-0.06 thr=0.05 margin=-0.11 relax=0.00 | all=ret cur=-0.06 thr=0.05 margin=-0.11 relax=0.00; ret10 cur=-0.06 thr=0.24 margin=-0.30; ret10_non_positive cur=-0.06; ofi_ret10_gate cur=-0.06 min=0.20; ofi_gate cur=0.06 min=1.80 buy=115 sell=1959; sweep_gate cnt=1 max=7.10 min_cnt=2 thr=1.20
1772772717.000,004410,MID,218.0000,0.000,3,2527928,0.457,0.460,0.000,NO_BUY,reject=ret cur=0.00 thr=0.05 margin=-0.05 relax=0.00 | all=ret cur=0.00 thr=0.05 margin=-0.05 relax=0.00; ticks cur=3 thr=5 margin=-2; ret10 cur=0.00 thr=0.24 margin=-0.24; ret10_non_positive cur=0.00; ofi_ret10_gate cur=0.00 min=0.20; ofi_trv10_gate cur=3956264 min=30000000; ofi_gate cur=0.00 min=1.80 buy=0 sell=0; sweep_gate cnt=0 max=0.00 min_cnt=2 thr=1.20
1772772718.000,152550,MID,578.0000,0.000,0,0,0.000,0.000,0.000,NO_BUY,cooldown<120s reason=LIQUIDITY_EXIT
1772772724.000,032820,MID,16720.0000,0.000,18,38528260,0.829,0.060,0.000,NO_BUY,reject=ret cur=0.00 thr=0.05 margin=-0.05 relax=0.00 | all=ret cur=0.00 thr=0.05 margin=-0.05 relax=0.00; ret10 cur=0.00 thr=0.24 margin=-0.24; ret10_non_positive cur=0.00; ofi_ret10_gate cur=0.00 min=0.20; sweep_gate cnt=0 max=0.00 min_cnt=2 thr=1.20
1772775046.000,032820,CAND,DROP score=18.6 why=score<85.0 reasons=ret10=0.00|ret5=0.00|trv10=17090|ofi=0.00|imb=0.15
1772775047.000,032820,CAND,DROP score=60.3 why=score<85.0 reasons=ret10=0.00|ret5=0.00|trv10=87414605|ofi=3.91|imb=0.16
1772775048.000,032820,CAND,DROP score=65.4 why=score<85.0 reasons=ret10=0.06|ret5=0.06|trv10=110961135|ofi=3.91|imb=0.16
1772775049.000,032820,CAND,DROP score=65.1 why=score<85.0 reasons=ret10=0.00|ret5=0.00|trv10=132044025|ofi=1.43|imb=0.16
1772775050.000,032820,CAND,DROP score=73.0 why=score<85.0 reasons=ret10=0.06|ret5=0.06|trv10=194989125|ofi=1.57|imb=0.17
1772775051.000,032820,CAND,DROP score=73.8 why=score<85.0 reasons=ret10=0.06|ret5=0.06|trv10=241660065|ofi=0.16|imb=0.19
1772775052.000,032820,CAND,DROP score=73.7 why=score<85.0 reasons=ret10=0.06|ret5=0.06|trv10=263580760|ofi=0.16|imb=0.17
1772775053.000,032820,CAND,DROP score=78.0 why=score<85.0 reasons=ret10=0.06|ret5=0.00|trv10=267769670|ofi=0.15|imb=0.18
1772775054.000,032820,CAND,DROP score=86.7 why=ret10_low reasons=ret10=0.06|ret5=0.06|trv10=444893890|ofi=0.19|imb=0.18
1772775055.000,032820,CAND,DROP score=89.1 why=ret10_low reasons=ret10=0.06|ret5=0.00|trv10=465396010|ofi=0.21|imb=0.19
1772775056.000,032820,CAND,DROP score=88.0 why=ret10_low reasons=ret10=0.06|ret5=0.00|trv10=475911560|ofi=0.21|imb=0.21
1772775057.000,032820,CAND,DROP score=82.7 why=score<85.0 reasons=ret10=0.06|ret5=0.00|trv10=403885685|ofi=0.17|imb=0.21
1772775058.000,032820,CAND,DROP score=80.1 why=score<85.0 reasons=ret10=0.00|ret5=0.00|trv10=381348625|ofi=0.16|imb=0.22
1772775059.000,032820,CAND,DROP score=84.7 why=score<85.0 reasons=ret10=0.06|ret5=0.00|trv10=384119135|ofi=0.16|imb=0.23
1772775060.000,032820,CAND,DROP score=57.5 why=score<85.0 reasons=ret10=0.03|ret5=0.03|trv10=352041070|ofi=0.16|imb=0.11
1772775061.000,032820,CAND,DROP score=50.9 why=score<85.0 reasons=ret10=0.00|ret5=0.00|trv10=319734130|ofi=0.77|imb=0.10
1772775062.000,032820,CAND,DROP score=59.4 why=score<85.0 reasons=ret10=0.06|ret5=0.06|trv10=308694515|ofi=2.34|imb=0.11
1772775063.000,032820,CAND,DROP score=57.1 why=score<85.0 reasons=ret10=0.06|ret5=0.06|trv10=336825195|ofi=2.59|imb=0.10
1772775063.000,229200,CAND,DROP score=91.5 why=ret10_low reasons=ret10=0.00|ret5=0.00|trv10=573860|ofi=0.00|imb=0.50
1772775064.000,229200,CAND,DROP score=109.8 why=ret10_low reasons=ret10=0.02|ret5=0.02|trv10=10454045|ofi=140.00|imb=0.56
1772775064.000,032820,CAND,DROP score=39.9 why=score<85.0 reasons=ret10=0.00|ret5=0.00|trv10=163941775|ofi=1.74|imb=0.10
1772775064.000,052400,CAND,DROP score=37.9 why=score<85.0 reasons=ret10=0.00|ret5=0.00|trv10=63000|ofi=0.00|imb=0.25
1772775065.000,229200,CAND,DROP score=100.9 why=ret10_low reasons=ret10=0.02|ret5=0.02|trv10=12975545|ofi=140.00|imb=0.50
1772775065.000,032820,CAND,DROP score=42.8 why=score<85.0 reasons=ret10=0.06|ret5=0.03|trv10=166573105|ofi=4.67|imb=0.10
1772775066.000,032820,CAND,DROP score=40.9 why=score<85.0 reasons=ret10=0.03|ret5=0.03|trv10=160829240|ofi=3.70|imb=0.10
1772775066.000,229200,CAND,DROP score=116.8 why=ret10_low reasons=ret10=0.02|ret5=0.02|trv10=26589600|ofi=551.00|imb=0.56
1772775066.000,052400,CAND,DROP score=48.1 why=score<85.0 reasons=ret10=0.00|ret5=0.00|trv10=567000|ofi=0.00|imb=0.25
1772775067.000,229200,CAND,DROP score=124.8 why=ret10_low reasons=ret10=0.02|ret5=0.02|trv10=45670875|ofi=0.75|imb=0.56
1772775067.000,032820,CAND,DROP score=42.7 why=score<85.0 reasons=ret10=0.06|ret5=0.00|trv10=172092650|ofi=5.58|imb=0.10
1772775067.000,052400,CAND,DROP score=49.3 why=score<85.0 reasons=ret10=0.00|ret5=0.00|trv10=756000|ofi=0.00|imb=0.25
1772775068.000,032820,CAND,DROP score=41.6 why=score<85.0 reasons=ret10=0.06|ret5=0.00|trv10=179231470|ofi=5.58|imb=0.10
1772775068.000,052400,CAND,DROP score=51.8 why=score<85.0 reasons=ret10=0.00|ret5=0.00|trv10=1323000|ofi=0.00|imb=0.25
1772775068.000,229200,CAND,DROP score=113.6 why=ret10_low reasons=ret10=0.02|ret5=0.02|trv10=47412975|ofi=0.69|imb=0.55
1772775069.000,229200,CAND,DROP score=115.8 why=ret10_low reasons=ret10=0.00|ret5=-0.02|trv10=80970390|ofi=0.56|imb=0.54
1772775069.000,032820,CAND,DROP score=51.3 why=score<85.0 reasons=ret10=0.06|ret5=0.06|trv10=162289930|ofi=5.32|imb=0.12
1772775070.000,229200,CAND,DROP score=128.8 why=ret10_low reasons=ret10=0.02|ret5=0.00|trv10=111427340|ofi=0.61|imb=0.55
1772775070.000,032820,CAND,DROP score=45.6 why=score<85.0 reasons=ret10=-0.03|ret5=-0.06|trv10=134881180|ofi=5.15|imb=0.12
1772775071.000,032820,CAND,DROP score=52.3 why=score<85.0 reasons=ret10=0.06|ret5=0.03|trv10=156477245|ofi=6.31|imb=0.12
1772775071.000,229200,CAND,DROP score=133.4 why=ret10_low reasons=ret10=-0.05|ret5=-0.07|trv10=197321115|ofi=0.55|imb=0.62
1772775072.000,229200,CAND,DROP score=156.5 why=ret10_low reasons=ret10=-0.02|ret5=-0.05|trv10=240156030|ofi=0.55|imb=0.65
1772775072.000,032820,CAND,DROP score=38.0 why=score<85.0 reasons=ret10=0.00|ret5=0.00|trv10=149828715|ofi=5.89|imb=0.10
1772775073.000,032820,CAND,DROP score=36.7 why=score<85.0 reasons=ret10=0.00|ret5=0.00|trv10=128100355|ofi=3.89|imb=0.10
1772775073.000,229200,CAND,DROP score=151.8 why=ret10_low reasons=ret10=0.00|ret5=-0.02|trv10=438895580|ofi=0.67|imb=0.62
1772775073.000,052400,CAND,DROP score=55.9 why=score<85.0 reasons=ret10=0.00|ret5=0.00|trv10=2331000|ofi=0.00|imb=0.26
1772775074.000,229200,CAND,DROP score=147.4 why=ret10_low reasons=ret10=-0.05|ret5=-0.02|trv10=429527915|ofi=0.56|imb=0.62
1772775074.000,052400,CAND,DROP score=56.0 why=score<85.0 reasons=ret10=0.00|ret5=0.00|trv10=2394000|ofi=0.00|imb=0.26
1772775074.000,032820,CAND,DROP score=39.9 why=score<85.0 reasons=ret10=0.06|ret5=0.00|trv10=145639355|ofi=2.78|imb=0.10
1772775075.000,229200,CAND,DROP score=137.2 why=ret10_low reasons=ret10=-0.02|ret5=-0.02|trv10=430531290|ofi=0.53|imb=0.58
1772775075.000,032820,CAND,DROP score=35.8 why=score<85.0 reasons=ret10=0.00|ret5=0.06|trv10=122253455|ofi=1.87|imb=0.10
1772775076.000,229200,CAND,DROP score=135.8 why=ret10_low reasons=ret10=-0.02|ret5=0.05|trv10=415215540|ofi=0.22|imb=0.56
1772775076.000,032820,CAND,DROP score=47.9 why=score<85.0 reasons=ret10=0.09|ret5=0.06|trv10=221565035|ofi=2.28|imb=0.10
1772775077.000,229200,CAND,DROP score=144.0 why=ret10_low reasons=ret10=-0.02|ret5=0.02|trv10=417280125|ofi=0.15|imb=0.59
1772775077.000,032820,CAND,DROP score=34.8 why=score<85.0 reasons=ret10=0.06|ret5=0.06|trv10=202676230|ofi=1.36|imb=0.10
1772775078.000,229200,CAND,DROP score=133.5 why=ret10_low reasons=ret10=-0.02|ret5=0.00|trv10=430827280|ofi=0.16|imb=0.56
1772775078.000,032820,CAND,DROP score=47.1 why=score<85.0 reasons=ret10=0.00|ret5=0.00|trv10=207262130|ofi=1.33|imb=0.09
1772775079.000,229200,CAND,DROP score=143.3 why=ret10_low reasons=ret10=0.00|ret5=0.02|trv10=411718810|ofi=0.25|imb=0.60
1772775079.000,032820,CAND,DROP score=49.4 why=score<85.0 reasons=ret10=-0.06|ret5=-0.06|trv10=317791820|ofi=0.19|imb=0.14
1772775080.000,032820,CAND,DROP score=54.5 why=score<85.0 reasons=ret10=0.00|ret5=-0.06|trv10=315839290|ofi=0.20|imb=0.14
1772775080.000,229200,CAND,DROP score=127.5 why=ret10_low reasons=ret10=-0.02|ret5=0.00|trv10=585761195|ofi=0.19|imb=0.58
1772775081.000,229200,CAND,DROP score=124.8 why=ret10_low reasons=ret10=0.05|ret5=0.00|trv10=500665940|ofi=0.21|imb=0.54
1772775081.000,032820,CAND,DROP score=94.8 why=ret10_low reasons=ret10=-0.06|ret5=-0.12|trv10=312271310|ofi=0.14|imb=0.23
1772775082.000,229200,CAND,DROP score=126.8 why=ret10_low reasons=ret10=0.02|ret5=0.00|trv10=470207720|ofi=0.16|imb=0.55
1772775082.000,032820,CAND,DROP score=47.5 why=score<85.0 reasons=ret10=0.00|ret5=-0.06|trv10=315553560|ofi=0.16|imb=0.09
1772775083.000,229200,CAND,DROP score=85.2 why=ret10_low reasons=ret10=0.00|ret5=0.00|trv10=298190655|ofi=0.05|imb=0.48
1772775083.000,032820,CAND,DROP score=47.3 why=score<85.0 reasons=ret10=0.00|ret5=0.00|trv10=310591570|ofi=0.16|imb=0.09
1772775084.000,229200,CAND,DROP score=94.1 why=ret10_low reasons=ret10=0.05|ret5=0.02|trv10=298231770|ofi=0.06|imb=0.50
1772775084.000,032820,CAND,DROP score=41.1 why=score<85.0 reasons=ret10=0.06|ret5=0.12|trv10=304880570|ofi=0.22|imb=0.06
1772775085.000,229200,CAND,DROP score=95.0 why=ret10_low reasons=ret10=0.01|ret5=0.01|trv10=298663100|ofi=0.05|imb=0.49
1772775085.000,032820,CAND,DROP score=41.7 why=score<85.0 reasons=ret10=0.06|ret5=0.12|trv10=302706540|ofi=0.20|imb=0.06
1772775086.000,032820,CAND,DROP score=32.7 why=score<85.0 reasons=ret10=0.00|ret5=0.12|trv10=219903300|ofi=0.36|imb=0.07
1772775086.000,229200,CAND,DROP score=94.1 why=ret10_low reasons=ret10=0.00|ret5=0.00|trv10=302967250|ofi=0.05|imb=0.49
1772775087.000,032820,CAND,DROP score=32.8 why=score<85.0 reasons=ret10=0.00|ret5=0.06|trv10=241982830|ofi=0.42|imb=0.07
1772775087.000,229200,CAND,DROP score=108.0 why=ret10_low reasons=ret10=0.00|ret5=0.00|trv10=283030760|ofi=0.10|imb=0.53
1772775088.000,229200,CAND,DROP score=93.8 why=ret10_low reasons=ret10=0.02|ret5=0.02|trv10=277970145|ofi=0.10|imb=0.49
1772775088.000,032820,CAND,DROP score=31.4 why=score<85.0 reasons=ret10=0.06|ret5=0.06|trv10=263886490|ofi=0.55|imb=0.06
1772775089.000,229200,CAND,DROP score=94.6 why=ret10_low reasons=ret10=-0.02|ret5=-0.05|trv10=286125330|ofi=0.04|imb=0.49
1772775089.000,032820,CAND,DROP score=30.9 why=score<85.0 reasons=ret10=0.12|ret5=0.00|trv10=141195570|ofi=4.70|imb=0.07
